Actual_Days,Predicted_Days,Actual_Status,Predicted_Status
18.0,19.409302,Somewhat Late,Somewhat Late
11.0,5.3659143,On Time,Somewhat Early
14.0,9.104375,On Time,On Time
13.0,9.155994,On Time,On Time
7.0,5.6128597,Early,Somewhat Early
18.0,11.040319,Somewhat Late,On Time
5.0,3.771679,Somewhat Early,Somewhat Early
14.0,10.702916,On Time,On Time
5.0,7.3056297,Somewhat Early,Early
7.0,8.886705,Early,Early
15.0,11.854073,Somewhat Late,On Time
2.0,3.7930574,Very Early,Somewhat Early
8.0,4.6117735,Early,Somewhat Early
19.0,14.677095,Somewhat Late,Somewhat Late
24.0,13.68342,Very Late,On Time
12.0,12.538997,On Time,On Time
4.0,4.260419,Somewhat Early,Somewhat Early
9.0,8.0208845,Early,Early
22.0,13.819519,Very Late,On Time
6.0,8.156816,Somewhat Early,Early
13.0,9.486289,On Time,On Time
12.0,8.524459,On Time,Early
7.0,3.8127484,Early,Somewhat Early
11.0,9.429525,On Time,On Time
13.0,8.859784,On Time,Early
14.0,12.968041,On Time,On Time
8.0,13.286016,Early,On Time
5.0,8.671582,Somewhat Early,Early
2.0,4.273078,Very Early,Somewhat Early
13.0,11.077655,On Time,On Time
6.0,5.5252514,Somewhat Early,Somewhat Early
10.0,8.886702,On Time,Early
7.0,8.694102,Early,Early
3.0,3.900095,Very Early,Somewhat Early
4.0,14.842311,Somewhat Early,Somewhat Late
18.0,13.948404,Somewhat Late,On Time
14.0,11.914923,On Time,On Time
20.0,12.310926,Somewhat Late,On Time
13.0,18.964987,On Time,Somewhat Late
2.0,3.8399706,Very Early,Somewhat Early
10.0,8.710734,On Time,Early
3.0,3.7881753,Very Early,Somewhat Early
17.0,11.208554,Somewhat Late,On Time
9.0,8.7186775,Early,Early
17.0,14.752705,Somewhat Late,Somewhat Late
5.0,6.092071,Somewhat Early,Early
9.0,5.0265303,Early,Somewhat Early
1.0,6.565316,Very Early,Early
8.0,8.908947,Early,Early
20.0,21.010561,Somewhat Late,Very Late
4.0,7.6157875,Somewhat Early,Early
6.0,8.3650465,Somewhat Early,Early
1.0,6.7627,Very Early,Early
17.0,12.876923,Somewhat Late,On Time
7.0,7.0786357,Early,Early
3.0,4.839558,Very Early,Somewhat Early
5.0,7.8496323,Somewhat Early,Early
10.0,7.1056666,On Time,Early
1.0,4.984053,Very Early,Somewhat Early
9.0,10.19436,Early,On Time
3.0,7.758033,Very Early,Early
8.0,5.0395217,Early,Somewhat Early
11.0,10.320454,On Time,On Time
5.0,4.9438653,Somewhat Early,Somewhat Early
10.0,9.04088,On Time,On Time
13.0,11.383159,On Time,On Time
2.0,3.9198644,Very Early,Somewhat Early
10.0,9.1944065,On Time,On Time
18.0,20.568846,Somewhat Late,Very Late
27.0,19.896782,Very Late,Somewhat Late
9.0,13.208736,Early,On Time
16.0,15.747503,Somewhat Late,Somewhat Late
7.0,10.240177,Early,On Time
17.0,11.820372,Somewhat Late,On Time
6.0,4.3263197,Somewhat Early,Somewhat Early
13.0,13.001783,On Time,On Time
2.0,4.1894693,Very Early,Somewhat Early
1.0,9.855313,Very Early,On Time
7.0,9.337921,Early,On Time
17.0,11.668505,Somewhat Late,On Time
7.0,8.478544,Early,Early
5.0,3.9359207,Somewhat Early,Somewhat Early
9.0,13.191884,Early,On Time
9.0,5.4302807,Early,Somewhat Early
1.0,4.233589,Very Early,Somewhat Early
13.0,9.448774,On Time,On Time
16.0,13.553271,Somewhat Late,On Time
8.0,8.81069,Early,Early
13.0,15.058213,On Time,Somewhat Late
11.0,6.2838035,On Time,Early
6.0,14.628634,Somewhat Early,Somewhat Late
4.0,6.1464977,Somewhat Early,Early
4.0,6.3614144,Somewhat Early,Early
4.0,5.6978045,Somewhat Early,Somewhat Early
14.0,6.768652,On Time,Early
9.0,7.3579035,Early,Early
5.0,8.328312,Somewhat Early,Early
14.0,12.659675,On Time,On Time
12.0,16.037117,On Time,Somewhat Late
4.0,8.605782,Somewhat Early,Early
9.0,10.322939,Early,On Time
12.0,9.913895,On Time,On Time
4.0,5.216148,Somewhat Early,Somewhat Early
21.0,10.308945,Very Late,On Time
17.0,16.023,Somewhat Late,Somewhat Late
14.0,12.8445015,On Time,On Time
4.0,4.2786384,Somewhat Early,Somewhat Early
3.0,8.276746,Very Early,Early
6.0,8.596261,Somewhat Early,Early
8.0,10.411538,Early,On Time
8.0,6.194175,Early,Early
17.0,10.356029,Somewhat Late,On Time
11.0,10.318977,On Time,On Time
6.0,8.517342,Somewhat Early,Early
10.0,8.211667,On Time,Early
28.0,15.227767,Very Late,Somewhat Late
7.0,17.076948,Early,Somewhat Late
11.0,10.278822,On Time,On Time
19.0,12.896787,Somewhat Late,On Time
11.0,6.7874784,On Time,Early
3.0,4.8757124,Very Early,Somewhat Early
11.0,7.7413545,On Time,Early
14.0,13.919,On Time,On Time
19.0,15.456847,Somewhat Late,Somewhat Late
15.0,14.736395,Somewhat Late,Somewhat Late
5.0,8.100239,Somewhat Early,Early
14.0,5.133494,On Time,Somewhat Early
5.0,4.281028,Somewhat Early,Somewhat Early
13.0,5.0918436,On Time,Somewhat Early
19.0,15.518497,Somewhat Late,Somewhat Late
5.0,5.7686524,Somewhat Early,Somewhat Early
7.0,10.513811,Early,On Time
11.0,11.259956,On Time,On Time
16.0,8.984485,Somewhat Late,Early
2.0,3.8061743,Very Early,Somewhat Early
21.0,12.039917,Very Late,On Time
16.0,8.082843,Somewhat Late,Early
7.0,10.63331,Early,On Time
2.0,7.768378,Very Early,Early
23.0,16.776653,Very Late,Somewhat Late
14.0,10.58416,On Time,On Time
17.0,11.851616,Somewhat Late,On Time
20.0,20.500656,Somewhat Late,Very Late
8.0,10.88048,Early,On Time
2.0,9.3513,Very Early,On Time
12.0,9.307715,On Time,On Time
5.0,6.527189,Somewhat Early,Early
8.0,9.301556,Early,On Time
13.0,15.332289,On Time,Somewhat Late
6.0,9.3894,Somewhat Early,On Time
25.0,11.164347,Very Late,On Time
17.0,11.3249445,Somewhat Late,On Time
3.0,4.1993046,Very Early,Somewhat Early
12.0,7.72682,On Time,Early
2.0,3.7890925,Very Early,Somewhat Early
7.0,3.859096,Early,Somewhat Early
11.0,6.3558803,On Time,Early
3.0,6.679066,Very Early,Early
1.0,3.9107847,Very Early,Somewhat Early
10.0,10.745355,On Time,On Time
5.0,9.322472,Somewhat Early,On Time
7.0,12.016245,Early,On Time
9.0,9.750159,Early,On Time
9.0,8.538491,Early,Early
15.0,14.662292,Somewhat Late,Somewhat Late
2.0,3.8271391,Very Early,Somewhat Early
9.0,8.992455,Early,Early
13.0,10.241198,On Time,On Time
8.0,3.7839284,Early,Somewhat Early
10.0,4.698637,On Time,Somewhat Early
12.0,11.18324,On Time,On Time
20.0,17.297573,Somewhat Late,Somewhat Late
8.0,9.2375145,Early,On Time
13.0,10.508121,On Time,On Time
11.0,10.541698,On Time,On Time
1.0,3.7911515,Very Early,Somewhat Early
4.0,6.3851366,Somewhat Early,Early
2.0,3.8293772,Very Early,Somewhat Early
20.0,16.372217,Somewhat Late,Somewhat Late
18.0,14.746982,Somewhat Late,Somewhat Late
6.0,3.786502,Somewhat Early,Somewhat Early
6.0,9.320259,Somewhat Early,On Time
16.0,13.47768,Somewhat Late,On Time
20.0,16.16901,Somewhat Late,Somewhat Late
12.0,8.63755,On Time,Early
3.0,3.7793233,Very Early,Somewhat Early
5.0,6.1455145,Somewhat Early,Early
6.0,7.8032627,Somewhat Early,Early
10.0,9.133192,On Time,On Time
10.0,11.0295315,On Time,On Time
1.0,9.382379,Very Early,On Time
4.0,3.9043767,Somewhat Early,Somewhat Early
3.0,3.8128092,Very Early,Somewhat Early
5.0,9.257916,Somewhat Early,On Time
7.0,9.585216,Early,On Time
10.0,9.475281,On Time,On Time
12.0,10.912693,On Time,On Time
12.0,11.749575,On Time,On Time
12.0,10.163476,On Time,On Time
3.0,9.370181,Very Early,On Time
25.0,10.195769,Very Late,On Time
10.0,3.84937,On Time,Somewhat Early
8.0,6.3647585,Early,Early
5.0,7.5117917,Somewhat Early,Early
15.0,9.03578,Somewhat Late,On Time
12.0,8.28599,On Time,Early
11.0,4.160447,On Time,Somewhat Early
10.0,8.305065,On Time,Early
7.0,7.5698495,Early,Early
5.0,3.954453,Somewhat Early,Somewhat Early
25.0,10.375427,Very Late,On Time
18.0,14.333721,Somewhat Late,Somewhat Late
10.0,10.44121,On Time,On Time
6.0,7.362424,Somewhat Early,Early
14.0,11.851705,On Time,On Time
8.0,7.484292,Early,Early
5.0,6.516492,Somewhat Early,Early
1.0,3.7787051,Very Early,Somewhat Early
6.0,11.461934,Somewhat Early,On Time
14.0,12.26428,On Time,On Time
16.0,8.20279,Somewhat Late,Early
13.0,4.347589,On Time,Somewhat Early
24.0,3.823872,Very Late,Somewhat Early
9.0,11.040207,Early,On Time
18.0,11.726691,Somewhat Late,On Time
23.0,16.717972,Very Late,Somewhat Late
4.0,7.382354,Somewhat Early,Early
16.0,11.19377,Somewhat Late,On Time
3.0,6.754212,Very Early,Early
7.0,8.7839365,Early,Early
15.0,6.234497,Somewhat Late,Early
15.0,10.718821,Somewhat Late,On Time
13.0,8.999602,On Time,Early
8.0,11.429074,Early,On Time
5.0,4.6034675,Somewhat Early,Somewhat Early
9.0,4.411157,Early,Somewhat Early
6.0,7.6488643,Somewhat Early,Early
18.0,14.198647,Somewhat Late,Somewhat Late
20.0,11.113945,Somewhat Late,On Time
13.0,8.362278,On Time,Early
17.0,7.433219,Somewhat Late,Early
24.0,18.318956,Very Late,Somewhat Late
6.0,11.369573,Somewhat Early,On Time
3.0,3.8577352,Very Early,Somewhat Early
13.0,10.697385,On Time,On Time
6.0,3.7672553,Somewhat Early,Somewhat Early
6.0,4.605049,Somewhat Early,Somewhat Early
5.0,7.247092,Somewhat Early,Early
21.0,18.2167,Very Late,Somewhat Late
10.0,10.352135,On Time,On Time
6.0,10.388834,Somewhat Early,On Time
6.0,7.229942,Somewhat Early,Early
17.0,15.10359,Somewhat Late,Somewhat Late
5.0,6.346459,Somewhat Early,Early
7.0,9.293725,Early,On Time
21.0,13.6713505,Very Late,On Time
4.0,9.763759,Somewhat Early,On Time
4.0,3.8158805,Somewhat Early,Somewhat Early
2.0,4.4330387,Very Early,Somewhat Early
11.0,8.205901,On Time,Early
19.0,11.800648,Somewhat Late,On Time
18.0,8.18448,Somewhat Late,Early
20.0,18.659498,Somewhat Late,Somewhat Late
13.0,16.809578,On Time,Somewhat Late
5.0,5.495366,Somewhat Early,Somewhat Early
6.0,8.897149,Somewhat Early,Early
7.0,14.918634,Early,Somewhat Late
11.0,14.526532,On Time,Somewhat Late
5.0,3.8189015,Somewhat Early,Somewhat Early
3.0,7.022019,Very Early,Early
6.0,8.165469,Somewhat Early,Early
4.0,10.169588,Somewhat Early,On Time
5.0,14.12565,Somewhat Early,Somewhat Late
22.0,16.060135,Very Late,Somewhat Late
6.0,9.303689,Somewhat Early,On Time
17.0,15.251867,Somewhat Late,Somewhat Late
14.0,5.1087985,On Time,Somewhat Early
4.0,4.5691566,Somewhat Early,Somewhat Early
11.0,10.719936,On Time,On Time
2.0,3.7701051,Very Early,Somewhat Early
5.0,9.917295,Somewhat Early,On Time
6.0,8.155561,Somewhat Early,Early
9.0,9.989145,Early,On Time
9.0,10.011059,Early,On Time
17.0,10.251709,Somewhat Late,On Time
3.0,4.079029,Very Early,Somewhat Early
13.0,6.2418356,On Time,Early
21.0,16.586235,Very Late,Somewhat Late
11.0,5.9428754,On Time,Somewhat Early
6.0,10.831287,Somewhat Early,On Time
8.0,8.5812,Early,Early
3.0,5.5217195,Very Early,Somewhat Early
6.0,4.00098,Somewhat Early,Somewhat Early
7.0,7.683309,Early,Early
6.0,8.663497,Somewhat Early,Early
9.0,9.975412,Early,On Time
13.0,10.878392,On Time,On Time
15.0,10.217389,Somewhat Late,On Time
7.0,9.0834675,Early,On Time
9.0,8.752424,Early,Early
25.0,25.27427,Very Late,Very Late
10.0,6.1499257,On Time,Early
6.0,5.8111076,Somewhat Early,Somewhat Early
12.0,10.092207,On Time,On Time
11.0,7.2985425,On Time,Early
7.0,5.4194055,Early,Somewhat Early
9.0,8.70713,Early,Early
7.0,5.8769093,Early,Somewhat Early
5.0,3.811862,Somewhat Early,Somewhat Early
22.0,18.329964,Very Late,Somewhat Late
14.0,11.802303,On Time,On Time
4.0,3.7905846,Somewhat Early,Somewhat Early
28.0,22.142057,Very Late,Very Late
9.0,8.392498,Early,Early
6.0,7.86935,Somewhat Early,Early
21.0,15.616975,Very Late,Somewhat Late
5.0,9.284048,Somewhat Early,On Time
4.0,7.3689427,Somewhat Early,Early
16.0,14.580175,Somewhat Late,Somewhat Late
24.0,21.112835,Very Late,Very Late
6.0,7.950982,Somewhat Early,Early
12.0,9.699267,On Time,On Time
3.0,5.7911305,Very Early,Somewhat Early
11.0,8.749241,On Time,Early
2.0,4.8254995,Very Early,Somewhat Early
20.0,18.498295,Somewhat Late,Somewhat Late
2.0,3.7889113,Very Early,Somewhat Early
4.0,6.9867,Somewhat Early,Early
8.0,8.284708,Early,Early
3.0,3.9405832,Very Early,Somewhat Early
3.0,3.814772,Very Early,Somewhat Early
5.0,8.233288,Somewhat Early,Early
4.0,4.3023357,Somewhat Early,Somewhat Early
9.0,8.77841,Early,Early
14.0,8.5624695,On Time,Early
7.0,5.1654277,Early,Somewhat Early
7.0,3.8741045,Early,Somewhat Early
12.0,8.689384,On Time,Early
15.0,15.749878,Somewhat Late,Somewhat Late
4.0,3.8353157,Somewhat Early,Somewhat Early
5.0,7.9579506,Somewhat Early,Early
7.0,8.529824,Early,Early
21.0,15.71206,Very Late,Somewhat Late
13.0,10.675843,On Time,On Time
6.0,7.653215,Somewhat Early,Early
28.0,6.040511,Very Late,Early
8.0,5.4325404,Early,Somewhat Early
6.0,9.081165,Somewhat Early,On Time
6.0,5.9100895,Somewhat Early,Somewhat Early
17.0,14.145911,Somewhat Late,Somewhat Late
10.0,7.9844837,On Time,Early
9.0,9.698669,Early,On Time
7.0,8.293989,Early,Early
10.0,11.0362215,On Time,On Time
21.0,9.462358,Very Late,On Time
10.0,10.374789,On Time,On Time
6.0,5.700486,Somewhat Early,Somewhat Early
12.0,10.307988,On Time,On Time
21.0,12.664251,Very Late,On Time
11.0,10.876493,On Time,On Time
4.0,4.532736,Somewhat Early,Somewhat Early
4.0,10.502063,Somewhat Early,On Time
8.0,10.157299,Early,On Time
21.0,18.905508,Very Late,Somewhat Late
12.0,11.575703,On Time,On Time
2.0,3.8106623,Very Early,Somewhat Early
5.0,7.806951,Somewhat Early,Early
10.0,8.856988,On Time,Early
10.0,6.3494186,On Time,Early
7.0,7.487813,Early,Early
8.0,7.0260787,Early,Early
19.0,7.568491,Somewhat Late,Early
7.0,7.161045,Early,Early
19.0,14.805484,Somewhat Late,Somewhat Late
11.0,8.271201,On Time,Early
2.0,4.0702815,Very Early,Somewhat Early
8.0,7.1481433,Early,Early
16.0,17.363146,Somewhat Late,Somewhat Late
12.0,12.262903,On Time,On Time
7.0,7.109867,Early,Early
6.0,7.2770023,Somewhat Early,Early
11.0,9.429525,On Time,On Time
19.0,17.30898,Somewhat Late,Somewhat Late
22.0,25.148523,Very Late,Very Late
5.0,12.034632,Somewhat Early,On Time
14.0,16.930475,On Time,Somewhat Late
8.0,13.511187,Early,On Time
7.0,7.0442243,Early,Early
9.0,10.540028,Early,On Time
9.0,5.3251143,Early,Somewhat Early
6.0,9.740293,Somewhat Early,On Time
8.0,9.085851,Early,On Time
7.0,12.618864,Early,On Time
26.0,16.448395,Very Late,Somewhat Late
2.0,3.8972254,Very Early,Somewhat Early
9.0,7.847607,Early,Early
19.0,9.238801,Somewhat Late,On Time
4.0,3.7888956,Somewhat Early,Somewhat Early
11.0,11.551072,On Time,On Time
11.0,18.061953,On Time,Somewhat Late
5.0,7.2460537,Somewhat Early,Early
6.0,10.146981,Somewhat Early,On Time
6.0,9.42903,Somewhat Early,On Time
10.0,10.149061,On Time,On Time
12.0,7.423295,On Time,Early
13.0,8.15078,On Time,Early
13.0,7.546857,On Time,Early
13.0,10.86087,On Time,On Time
4.0,4.3918767,Somewhat Early,Somewhat Early
8.0,7.272584,Early,Early
10.0,8.764515,On Time,Early
7.0,12.998494,Early,On Time
13.0,7.22678,On Time,Early
6.0,3.8160152,Somewhat Early,Somewhat Early
9.0,3.7767131,Early,Somewhat Early
12.0,5.3465757,On Time,Somewhat Early
22.0,19.073994,Very Late,Somewhat Late
14.0,13.010668,On Time,On Time
11.0,10.498188,On Time,On Time
8.0,9.440483,Early,On Time
8.0,8.62904,Early,Early
6.0,3.7962928,Somewhat Early,Somewhat Early
13.0,9.6552925,On Time,On Time
17.0,12.101237,Somewhat Late,On Time
5.0,7.4040556,Somewhat Early,Early
13.0,12.124068,On Time,On Time
3.0,10.670187,Very Early,On Time
4.0,5.4905887,Somewhat Early,Somewhat Early
15.0,16.470482,Somewhat Late,Somewhat Late
10.0,7.86935,On Time,Early
4.0,3.7788527,Somewhat Early,Somewhat Early
6.0,3.807368,Somewhat Early,Somewhat Early
8.0,9.252768,Early,On Time
8.0,9.657881,Early,On Time
24.0,8.242982,Very Late,Early
7.0,8.380754,Early,Early
8.0,9.675279,Early,On Time
14.0,11.019721,On Time,On Time
5.0,5.5222816,Somewhat Early,Somewhat Early
6.0,7.951831,Somewhat Early,Early
18.0,16.248981,Somewhat Late,Somewhat Late
8.0,16.669128,Early,Somewhat Late
8.0,7.3687425,Early,Early
14.0,7.9027376,On Time,Early
5.0,4.977706,Somewhat Early,Somewhat Early
7.0,9.574265,Early,On Time
9.0,7.9456525,Early,Early
4.0,5.055993,Somewhat Early,Somewhat Early
8.0,8.175533,Early,Early
19.0,12.383429,Somewhat Late,On Time
4.0,5.5325103,Somewhat Early,Somewhat Early
5.0,9.389125,Somewhat Early,On Time
5.0,6.9584613,Somewhat Early,Early
18.0,7.122532,Somewhat Late,Early
4.0,7.8838964,Somewhat Early,Early
6.0,7.6915064,Somewhat Early,Early
8.0,8.342564,Early,Early
13.0,19.160063,On Time,Somewhat Late
2.0,4.7408743,Very Early,Somewhat Early
4.0,3.8281038,Somewhat Early,Somewhat Early
3.0,9.956753,Very Early,On Time
8.0,7.9560833,Early,Early
10.0,11.254882,On Time,On Time
13.0,11.629954,On Time,On Time
5.0,3.7994828,Somewhat Early,Somewhat Early
21.0,19.865648,Very Late,Somewhat Late
13.0,12.264437,On Time,On Time
19.0,14.146465,Somewhat Late,Somewhat Late
4.0,3.7999089,Somewhat Early,Somewhat Early
3.0,4.6943913,Very Early,Somewhat Early
10.0,8.884136,On Time,Early
8.0,12.616233,Early,On Time
12.0,9.307559,On Time,On Time
16.0,11.868652,Somewhat Late,On Time
25.0,25.181227,Very Late,Very Late
6.0,6.1786737,Somewhat Early,Early
13.0,13.4907465,On Time,On Time
13.0,13.488083,On Time,On Time
16.0,6.953739,Somewhat Late,Early
7.0,9.18372,Early,On Time
9.0,9.06549,Early,On Time
17.0,12.060493,Somewhat Late,On Time
15.0,11.411585,Somewhat Late,On Time
19.0,9.901764,Somewhat Late,On Time
7.0,6.5775385,Early,Early
8.0,7.9541163,Early,Early
26.0,22.428324,Very Late,Very Late
2.0,3.9091437,Very Early,Somewhat Early
17.0,13.384741,Somewhat Late,On Time
11.0,10.0757265,On Time,On Time
20.0,12.963438,Somewhat Late,On Time
16.0,19.057577,Somewhat Late,Somewhat Late
13.0,9.345372,On Time,On Time
2.0,5.2557,Very Early,Somewhat Early
12.0,9.023481,On Time,On Time
13.0,11.177303,On Time,On Time
13.0,13.499372,On Time,On Time
5.0,8.186352,Somewhat Early,Early
3.0,5.0538297,Very Early,Somewhat Early
10.0,9.30217,On Time,On Time
5.0,4.0046525,Somewhat Early,Somewhat Early
10.0,10.250417,On Time,On Time
8.0,8.501493,Early,Early
7.0,3.8933222,Early,Somewhat Early
8.0,9.458094,Early,On Time
3.0,3.921054,Very Early,Somewhat Early
2.0,4.801241,Very Early,Somewhat Early
11.0,7.3714724,On Time,Early
4.0,10.650432,Somewhat Early,On Time
9.0,7.671248,Early,Early
7.0,9.822429,Early,On Time
13.0,6.2890673,On Time,Early
13.0,11.20935,On Time,On Time
18.0,9.387294,Somewhat Late,On Time
14.0,14.391833,On Time,Somewhat Late
10.0,7.6492004,On Time,Early
2.0,5.439784,Very Early,Somewhat Early
4.0,4.0815897,Somewhat Early,Somewhat Early
2.0,8.572969,Very Early,Early
10.0,7.298722,On Time,Early
18.0,13.03536,Somewhat Late,On Time
3.0,3.9490213,Very Early,Somewhat Early
12.0,9.094865,On Time,On Time
20.0,19.545475,Somewhat Late,Somewhat Late
7.0,8.550261,Early,Early
19.0,15.70573,Somewhat Late,Somewhat Late
10.0,9.739048,On Time,On Time
2.0,3.9017177,Very Early,Somewhat Early
5.0,7.188926,Somewhat Early,Early
18.0,15.028957,Somewhat Late,Somewhat Late
3.0,4.2411513,Very Early,Somewhat Early
6.0,7.375102,Somewhat Early,Early
9.0,9.795367,Early,On Time
9.0,16.080875,Early,Somewhat Late
6.0,6.73635,Somewhat Early,Early
10.0,10.2803135,On Time,On Time
2.0,4.5406985,Very Early,Somewhat Early
6.0,5.774541,Somewhat Early,Somewhat Early
6.0,9.158949,Somewhat Early,On Time
7.0,9.607375,Early,On Time
10.0,10.021647,On Time,On Time
10.0,8.79737,On Time,Early
10.0,10.051208,On Time,On Time
19.0,8.66484,Somewhat Late,Early
10.0,13.871635,On Time,On Time
12.0,12.199596,On Time,On Time
28.0,16.024385,Very Late,Somewhat Late
15.0,11.238725,Somewhat Late,On Time
22.0,7.614526,Very Late,Early
2.0,3.8020146,Very Early,Somewhat Early
10.0,9.50273,On Time,On Time
17.0,10.148407,Somewhat Late,On Time
4.0,3.994687,Somewhat Early,Somewhat Early
12.0,7.060293,On Time,Early
16.0,10.381318,Somewhat Late,On Time
6.0,10.53907,Somewhat Early,On Time
8.0,14.301751,Early,Somewhat Late
7.0,8.619875,Early,Early
23.0,13.765076,Very Late,On Time
5.0,4.7285624,Somewhat Early,Somewhat Early
8.0,7.0889187,Early,Early
7.0,10.623305,Early,On Time
8.0,7.8744884,Early,Early
10.0,4.784802,On Time,Somewhat Early
9.0,17.130423,Early,Somewhat Late
17.0,12.388028,Somewhat Late,On Time
10.0,9.005562,On Time,On Time
8.0,15.989625,Early,Somewhat Late
3.0,7.723996,Very Early,Early
11.0,12.019394,On Time,On Time
2.0,4.3348794,Very Early,Somewhat Early
7.0,11.222726,Early,On Time
9.0,5.356059,Early,Somewhat Early
13.0,9.845638,On Time,On Time
11.0,8.95129,On Time,Early
13.0,6.7455826,On Time,Early
7.0,9.7364,Early,On Time
6.0,9.889293,Somewhat Early,On Time
9.0,8.71055,Early,Early
2.0,4.88015,Very Early,Somewhat Early
3.0,3.784019,Very Early,Somewhat Early
8.0,10.487724,Early,On Time
6.0,3.9333794,Somewhat Early,Somewhat Early
8.0,13.565016,Early,On Time
12.0,9.699267,On Time,On Time
5.0,7.618758,Somewhat Early,Early
6.0,4.7560596,Somewhat Early,Somewhat Early
19.0,5.124999,Somewhat Late,Somewhat Early
9.0,12.488486,Early,On Time
12.0,8.430399,On Time,Early
26.0,8.060698,Very Late,Early
3.0,7.5622935,Very Early,Early
2.0,3.8037763,Very Early,Somewhat Early
15.0,12.96492,Somewhat Late,On Time
7.0,4.314221,Early,Somewhat Early
7.0,4.004097,Early,Somewhat Early
9.0,7.930531,Early,Early
4.0,4.091731,Somewhat Early,Somewhat Early
13.0,12.338242,On Time,On Time
5.0,7.0054317,Somewhat Early,Early
5.0,8.185955,Somewhat Early,Early
3.0,8.627308,Very Early,Early
10.0,6.968036,On Time,Early
4.0,7.2207375,Somewhat Early,Early
5.0,3.7683828,Somewhat Early,Somewhat Early
9.0,5.9159503,Early,Somewhat Early
15.0,11.321905,Somewhat Late,On Time
6.0,4.8331995,Somewhat Early,Somewhat Early
2.0,3.866815,Very Early,Somewhat Early
16.0,17.211737,Somewhat Late,Somewhat Late
8.0,9.252715,Early,On Time
13.0,7.1704535,On Time,Early
22.0,21.247923,Very Late,Very Late
13.0,10.6049795,On Time,On Time
21.0,19.924597,Very Late,Somewhat Late
7.0,7.6391277,Early,Early
15.0,11.644999,Somewhat Late,On Time
4.0,6.092795,Somewhat Early,Early
18.0,10.892968,Somewhat Late,On Time
12.0,11.243734,On Time,On Time
15.0,14.455636,Somewhat Late,Somewhat Late
13.0,10.900143,On Time,On Time
6.0,8.642151,Somewhat Early,Early
5.0,3.8194332,Somewhat Early,Somewhat Early
16.0,12.533409,Somewhat Late,On Time
5.0,4.047844,Somewhat Early,Somewhat Early
9.0,9.672546,Early,On Time
21.0,15.466718,Very Late,Somewhat Late
17.0,10.007572,Somewhat Late,On Time
19.0,8.896201,Somewhat Late,Early
6.0,5.6346498,Somewhat Early,Somewhat Early
12.0,8.644002,On Time,Early
10.0,4.650944,On Time,Somewhat Early
3.0,6.019548,Very Early,Early
7.0,7.040333,Early,Early
10.0,9.631685,On Time,On Time
20.0,6.787899,Somewhat Late,Early
8.0,17.457954,Early,Somewhat Late
3.0,5.390435,Very Early,Somewhat Early
22.0,19.818604,Very Late,Somewhat Late
8.0,5.838783,Early,Somewhat Early
6.0,8.610952,Somewhat Early,Early
11.0,8.260857,On Time,Early
3.0,4.54314,Very Early,Somewhat Early
9.0,8.81859,Early,Early
9.0,10.800087,Early,On Time
1.0,4.3083744,Very Early,Somewhat Early
14.0,11.305737,On Time,On Time
18.0,15.627085,Somewhat Late,Somewhat Late
16.0,8.309624,Somewhat Late,Early
10.0,10.169281,On Time,On Time
20.0,15.618303,Somewhat Late,Somewhat Late
20.0,16.226614,Somewhat Late,Somewhat Late
4.0,3.8850472,Somewhat Early,Somewhat Early
5.0,7.3092785,Somewhat Early,Early
8.0,12.775478,Early,On Time
13.0,8.30987,On Time,Early
10.0,6.7620087,On Time,Early
6.0,8.405755,Somewhat Early,Early
14.0,13.189081,On Time,On Time
13.0,9.374859,On Time,On Time
18.0,17.023354,Somewhat Late,Somewhat Late
9.0,8.463646,Early,Early
8.0,6.7287874,Early,Early
10.0,5.704318,On Time,Somewhat Early
6.0,5.8543396,Somewhat Early,Somewhat Early
18.0,13.73476,Somewhat Late,On Time
12.0,9.724744,On Time,On Time
8.0,8.320696,Early,Early
3.0,7.73228,Very Early,Early
16.0,14.669136,Somewhat Late,Somewhat Late
2.0,8.706192,Very Early,Early
6.0,3.9943848,Somewhat Early,Somewhat Early
16.0,16.402847,Somewhat Late,Somewhat Late
6.0,11.096641,Somewhat Early,On Time
10.0,8.276312,On Time,Early
6.0,8.978684,Somewhat Early,Early
8.0,3.8630745,Early,Somewhat Early
14.0,10.477806,On Time,On Time
16.0,15.952588,Somewhat Late,Somewhat Late
12.0,15.512137,On Time,Somewhat Late
3.0,7.365193,Very Early,Early
7.0,6.7804246,Early,Early
10.0,9.191944,On Time,On Time
12.0,9.291424,On Time,On Time
7.0,4.500316,Early,Somewhat Early
11.0,13.246931,On Time,On Time
2.0,3.8065903,Very Early,Somewhat Early
14.0,8.886818,On Time,Early
14.0,15.136023,On Time,Somewhat Late
2.0,3.784775,Very Early,Somewhat Early
19.0,11.617443,Somewhat Late,On Time
4.0,3.7929695,Somewhat Early,Somewhat Early
13.0,13.4466095,On Time,On Time
3.0,6.8170247,Very Early,Early
15.0,16.078304,Somewhat Late,Somewhat Late
5.0,8.7566,Somewhat Early,Early
7.0,6.4752507,Early,Early
26.0,26.404598,Very Late,Very Late
14.0,15.569907,On Time,Somewhat Late
12.0,13.316634,On Time,On Time
7.0,7.4377427,Early,Early
9.0,7.446003,Early,Early
15.0,11.170991,Somewhat Late,On Time
11.0,9.665866,On Time,On Time
6.0,6.8257113,Somewhat Early,Early
4.0,8.288311,Somewhat Early,Early
6.0,6.7073298,Somewhat Early,Early
10.0,12.851297,On Time,On Time
18.0,13.879563,Somewhat Late,On Time
5.0,3.8525105,Somewhat Early,Somewhat Early
4.0,7.158967,Somewhat Early,Early
22.0,22.059738,Very Late,Very Late
5.0,8.215081,Somewhat Early,Early
9.0,8.619831,Early,Early
4.0,4.66459,Somewhat Early,Somewhat Early
4.0,3.9716985,Somewhat Early,Somewhat Early
10.0,8.480372,On Time,Early
7.0,8.398255,Early,Early
8.0,6.948205,Early,Early
6.0,5.5632324,Somewhat Early,Somewhat Early
9.0,10.997511,Early,On Time
25.0,24.316841,Very Late,Very Late
1.0,4.5500603,Very Early,Somewhat Early
25.0,7.2020264,Very Late,Early
13.0,9.26535,On Time,On Time
3.0,6.3416886,Very Early,Early
5.0,6.6610765,Somewhat Early,Early
20.0,14.737742,Somewhat Late,Somewhat Late
10.0,12.934822,On Time,On Time
23.0,15.690174,Very Late,Somewhat Late
16.0,11.887325,Somewhat Late,On Time
20.0,6.4907527,Somewhat Late,Early
15.0,11.37239,Somewhat Late,On Time
7.0,9.639553,Early,On Time
20.0,20.126787,Somewhat Late,Very Late
9.0,7.908944,Early,Early
6.0,6.4112573,Somewhat Early,Early
6.0,9.922793,Somewhat Early,On Time
15.0,17.347124,Somewhat Late,Somewhat Late
6.0,8.286976,Somewhat Early,Early
6.0,7.237985,Somewhat Early,Early
10.0,11.082891,On Time,On Time
7.0,6.511052,Early,Early
11.0,4.6993136,On Time,Somewhat Early
18.0,12.850455,Somewhat Late,On Time
8.0,9.052597,Early,On Time
3.0,8.908305,Very Early,Early
4.0,6.353052,Somewhat Early,Early
22.0,14.821447,Very Late,Somewhat Late
5.0,5.689653,Somewhat Early,Somewhat Early
9.0,6.664676,Early,Early
18.0,7.9294987,Somewhat Late,Early
3.0,3.8041134,Very Early,Somewhat Early
19.0,12.1229105,Somewhat Late,On Time
11.0,12.3933735,On Time,On Time
13.0,8.624171,On Time,Early
3.0,3.8026328,Very Early,Somewhat Early
8.0,8.464416,Early,Early
9.0,7.7363653,Early,Early
21.0,8.497913,Very Late,Early
2.0,3.8230698,Very Early,Somewhat Early
14.0,13.679724,On Time,On Time
20.0,19.542511,Somewhat Late,Somewhat Late
10.0,15.297727,On Time,Somewhat Late
12.0,10.962617,On Time,On Time
3.0,4.9442177,Very Early,Somewhat Early
8.0,8.6030245,Early,Early
5.0,7.8082294,Somewhat Early,Early
17.0,13.420754,Somewhat Late,On Time
1.0,3.903801,Very Early,Somewhat Early
20.0,11.57085,Somewhat Late,On Time
19.0,17.854784,Somewhat Late,Somewhat Late
5.0,7.4372706,Somewhat Early,Early
13.0,9.228819,On Time,On Time
13.0,12.189406,On Time,On Time
2.0,3.8621666,Very Early,Somewhat Early
9.0,5.5988073,Early,Somewhat Early
10.0,16.8557,On Time,Somewhat Late
7.0,7.6872263,Early,Early
24.0,13.851381,Very Late,On Time
7.0,7.088293,Early,Early
10.0,4.807216,On Time,Somewhat Early
14.0,11.272662,On Time,On Time
8.0,9.70916,Early,On Time
16.0,3.928816,Somewhat Late,Somewhat Early
6.0,7.234519,Somewhat Early,Early
14.0,12.37231,On Time,On Time
9.0,7.868413,Early,Early
27.0,20.245155,Very Late,Very Late
13.0,13.632645,On Time,On Time
5.0,3.8907137,Somewhat Early,Somewhat Early
5.0,3.7918625,Somewhat Early,Somewhat Early
6.0,3.9367902,Somewhat Early,Somewhat Early
18.0,11.20402,Somewhat Late,On Time
11.0,8.033886,On Time,Early
2.0,3.8025286,Very Early,Somewhat Early
9.0,10.992698,Early,On Time
7.0,8.949619,Early,Early
1.0,3.7836869,Very Early,Somewhat Early
6.0,9.239697,Somewhat Early,On Time
5.0,3.8458757,Somewhat Early,Somewhat Early
15.0,8.007209,Somewhat Late,Early
18.0,16.300423,Somewhat Late,Somewhat Late
13.0,10.248958,On Time,On Time
9.0,8.592155,Early,Early
5.0,6.838576,Somewhat Early,Early
13.0,7.1958275,On Time,Early
5.0,5.896011,Somewhat Early,Somewhat Early
9.0,8.925722,Early,Early
18.0,9.824246,Somewhat Late,On Time
2.0,6.1138225,Very Early,Early
15.0,13.721116,Somewhat Late,On Time
21.0,17.038557,Very Late,Somewhat Late
8.0,9.089072,Early,On Time
8.0,10.130979,Early,On Time
4.0,3.7952087,Somewhat Early,Somewhat Early
11.0,8.231631,On Time,Early
23.0,16.299143,Very Late,Somewhat Late
12.0,10.318004,On Time,On Time
11.0,8.978629,On Time,Early
6.0,7.3824563,Somewhat Early,Early
4.0,9.977037,Somewhat Early,On Time
14.0,9.702556,On Time,On Time
9.0,8.644066,Early,Early
20.0,19.33017,Somewhat Late,Somewhat Late
20.0,20.626179,Somewhat Late,Very Late
3.0,4.2567797,Very Early,Somewhat Early
17.0,14.552004,Somewhat Late,Somewhat Late
9.0,9.021274,Early,On Time
12.0,13.607973,On Time,On Time
11.0,8.826205,On Time,Early
1.0,3.9933157,Very Early,Somewhat Early
9.0,12.911242,Early,On Time
10.0,9.83465,On Time,On Time
9.0,6.8161263,Early,Early
28.0,22.526903,Very Late,Very Late
9.0,8.963812,Early,Early
8.0,10.914419,Early,On Time
12.0,11.573614,On Time,On Time
13.0,13.647979,On Time,On Time
10.0,8.669092,On Time,Early
9.0,4.719312,Early,Somewhat Early
4.0,3.8912861,Somewhat Early,Somewhat Early
2.0,4.4317803,Very Early,Somewhat Early
22.0,9.9296055,Very Late,On Time
4.0,4.6759987,Somewhat Early,Somewhat Early
7.0,8.953464,Early,Early
5.0,4.6697254,Somewhat Early,Somewhat Early
6.0,9.188069,Somewhat Early,On Time
19.0,14.217076,Somewhat Late,Somewhat Late
3.0,3.897128,Very Early,Somewhat Early
4.0,6.091929,Somewhat Early,Early
7.0,7.2448664,Early,Early
5.0,9.199659,Somewhat Early,On Time
11.0,5.397929,On Time,Somewhat Early
20.0,18.54833,Somewhat Late,Somewhat Late
4.0,9.531954,Somewhat Early,On Time
8.0,9.701396,Early,On Time
15.0,4.0399356,Somewhat Late,Somewhat Early
7.0,5.985846,Early,Somewhat Early
8.0,10.027258,Early,On Time
4.0,6.6335597,Somewhat Early,Early
7.0,9.855147,Early,On Time
4.0,4.6812673,Somewhat Early,Somewhat Early
7.0,9.250576,Early,On Time
26.0,19.522018,Very Late,Somewhat Late
7.0,9.00172,Early,On Time
7.0,7.2277346,Early,Early
2.0,5.104414,Very Early,Somewhat Early
7.0,3.8393047,Early,Somewhat Early
10.0,9.92033,On Time,On Time
13.0,12.481949,On Time,On Time
8.0,8.255105,Early,Early
17.0,14.774729,Somewhat Late,Somewhat Late
4.0,7.4567285,Somewhat Early,Early
11.0,3.8756273,On Time,Somewhat Early
3.0,3.9293377,Very Early,Somewhat Early
17.0,10.849522,Somewhat Late,On Time
6.0,13.0243845,Somewhat Early,On Time
3.0,4.9413714,Very Early,Somewhat Early
4.0,6.2044196,Somewhat Early,Early
8.0,8.684369,Early,Early
6.0,4.851599,Somewhat Early,Somewhat Early
8.0,10.870887,Early,On Time
13.0,11.807602,On Time,On Time
15.0,10.740378,Somewhat Late,On Time
8.0,8.828638,Early,Early
5.0,4.844578,Somewhat Early,Somewhat Early
5.0,9.095518,Somewhat Early,On Time
2.0,3.7930553,Very Early,Somewhat Early
8.0,8.168522,Early,Early
6.0,4.039287,Somewhat Early,Somewhat Early
4.0,5.5193357,Somewhat Early,Somewhat Early
8.0,10.201882,Early,On Time
28.0,13.389694,Very Late,On Time
8.0,3.8630133,Early,Somewhat Early
8.0,7.8494253,Early,Early
9.0,8.722351,Early,Early
10.0,11.070308,On Time,On Time
19.0,14.00615,Somewhat Late,Somewhat Late
3.0,3.8582203,Very Early,Somewhat Early
11.0,8.503741,On Time,Early
3.0,6.623557,Very Early,Early
8.0,13.796701,Early,On Time
8.0,11.4144945,Early,On Time
12.0,12.5874405,On Time,On Time
19.0,10.1122,Somewhat Late,On Time
2.0,3.7781801,Very Early,Somewhat Early
7.0,8.037154,Early,Early
4.0,3.7778897,Somewhat Early,Somewhat Early
3.0,8.295234,Very Early,Early
13.0,9.164304,On Time,On Time
13.0,10.1784725,On Time,On Time
18.0,12.698613,Somewhat Late,On Time
21.0,18.168293,Very Late,Somewhat Late
12.0,8.344101,On Time,Early
6.0,13.091023,Somewhat Early,On Time
13.0,10.344741,On Time,On Time
12.0,12.859425,On Time,On Time
2.0,3.8038232,Very Early,Somewhat Early
3.0,4.4578156,Very Early,Somewhat Early
8.0,7.7488446,Early,Early
5.0,8.64661,Somewhat Early,Early
5.0,3.8647034,Somewhat Early,Somewhat Early
3.0,3.8330572,Very Early,Somewhat Early
14.0,12.114867,On Time,On Time
21.0,20.537834,Very Late,Very Late
4.0,7.1783595,Somewhat Early,Early
8.0,9.066804,Early,On Time
22.0,9.966837,Very Late,On Time
6.0,7.3162045,Somewhat Early,Early
16.0,11.865014,Somewhat Late,On Time
25.0,13.593014,Very Late,On Time
13.0,10.326645,On Time,On Time
18.0,10.015974,Somewhat Late,On Time
19.0,12.894506,Somewhat Late,On Time
16.0,12.155175,Somewhat Late,On Time
11.0,12.679899,On Time,On Time
15.0,18.63936,Somewhat Late,Somewhat Late
4.0,8.210863,Somewhat Early,Early
18.0,13.474698,Somewhat Late,On Time
11.0,9.22198,On Time,On Time
5.0,4.1883354,Somewhat Early,Somewhat Early
21.0,9.91748,Very Late,On Time
8.0,9.147041,Early,On Time
8.0,11.210768,Early,On Time
2.0,3.8321884,Very Early,Somewhat Early
11.0,9.24745,On Time,On Time
6.0,9.84434,Somewhat Early,On Time
10.0,4.9519734,On Time,Somewhat Early
2.0,5.430392,Very Early,Somewhat Early
14.0,13.758223,On Time,On Time
11.0,12.060019,On Time,On Time
24.0,20.764498,Very Late,Very Late
21.0,9.915989,Very Late,On Time
27.0,24.190176,Very Late,Very Late
11.0,10.211661,On Time,On Time
8.0,5.770004,Early,Somewhat Early
6.0,4.564913,Somewhat Early,Somewhat Early
7.0,9.079023,Early,On Time
2.0,3.801919,Very Early,Somewhat Early
26.0,16.711565,Very Late,Somewhat Late
12.0,7.6110744,On Time,Early
12.0,6.829089,On Time,Early
10.0,12.556421,On Time,On Time
16.0,11.614872,Somewhat Late,On Time
7.0,3.9409685,Early,Somewhat Early
15.0,13.686317,Somewhat Late,On Time
22.0,11.456921,Very Late,On Time
8.0,8.992936,Early,Early
17.0,6.0235715,Somewhat Late,Early
7.0,8.868677,Early,Early
6.0,13.761419,Somewhat Early,On Time
7.0,3.8149447,Early,Somewhat Early
1.0,3.8129454,Very Early,Somewhat Early
23.0,17.364418,Very Late,Somewhat Late
10.0,14.684885,On Time,Somewhat Late
10.0,10.0757265,On Time,On Time
13.0,7.621465,On Time,Early
9.0,9.340967,Early,On Time
6.0,6.42859,Somewhat Early,Early
2.0,3.7706432,Very Early,Somewhat Early
7.0,6.922496,Early,Early
24.0,19.081732,Very Late,Somewhat Late
7.0,8.412337,Early,Early
8.0,7.277125,Early,Early
4.0,3.8051167,Somewhat Early,Somewhat Early
18.0,17.31378,Somewhat Late,Somewhat Late
13.0,10.420689,On Time,On Time
4.0,3.812278,Somewhat Early,Somewhat Early
8.0,7.256134,Early,Early
7.0,8.575963,Early,Early
8.0,5.4240255,Early,Somewhat Early
16.0,15.996042,Somewhat Late,Somewhat Late
16.0,19.14843,Somewhat Late,Somewhat Late
8.0,7.49774,Early,Early
8.0,8.52106,Early,Early
8.0,8.156336,Early,Early
4.0,4.540716,Somewhat Early,Somewhat Early
4.0,4.478384,Somewhat Early,Somewhat Early
6.0,11.411142,Somewhat Early,On Time
8.0,4.14062,Early,Somewhat Early
11.0,11.129138,On Time,On Time
12.0,5.4008436,On Time,Somewhat Early
13.0,6.2856593,On Time,Early
13.0,12.815269,On Time,On Time
5.0,3.7783663,Somewhat Early,Somewhat Early
4.0,3.9189193,Somewhat Early,Somewhat Early
7.0,9.095984,Early,On Time
4.0,3.7982461,Somewhat Early,Somewhat Early
15.0,9.862602,Somewhat Late,On Time
7.0,6.141617,Early,Early
16.0,8.569725,Somewhat Late,Early
17.0,13.711479,Somewhat Late,On Time
15.0,15.225239,Somewhat Late,Somewhat Late
22.0,18.056799,Very Late,Somewhat Late
12.0,9.238005,On Time,On Time
3.0,8.327113,Very Early,Early
3.0,6.0307703,Very Early,Early
11.0,4.9632297,On Time,Somewhat Early
11.0,9.711704,On Time,On Time
19.0,20.804335,Somewhat Late,Very Late
11.0,7.174018,On Time,Early
17.0,19.300545,Somewhat Late,Somewhat Late
3.0,3.8410563,Very Early,Somewhat Early
8.0,8.642332,Early,Early
5.0,3.8432972,Somewhat Early,Somewhat Early
12.0,13.465907,On Time,On Time
5.0,6.9317436,Somewhat Early,Early
2.0,3.8913853,Very Early,Somewhat Early
4.0,5.8091693,Somewhat Early,Somewhat Early
8.0,7.944583,Early,Early
5.0,4.240908,Somewhat Early,Somewhat Early
17.0,7.8843307,Somewhat Late,Early
12.0,11.062747,On Time,On Time
9.0,7.2761946,Early,Early
2.0,5.4797916,Very Early,Somewhat Early
12.0,13.148371,On Time,On Time
10.0,10.979745,On Time,On Time
4.0,4.8818784,Somewhat Early,Somewhat Early
7.0,5.241346,Early,Somewhat Early
8.0,11.631735,Early,On Time
9.0,7.685267,Early,Early
13.0,4.0374002,On Time,Somewhat Early
7.0,11.585962,Early,On Time
6.0,8.056791,Somewhat Early,Early
9.0,11.939829,Early,On Time
11.0,4.583094,On Time,Somewhat Early
15.0,10.528774,Somewhat Late,On Time
12.0,9.029341,On Time,On Time
16.0,13.713147,Somewhat Late,On Time
14.0,13.625985,On Time,On Time
19.0,10.355623,Somewhat Late,On Time
5.0,3.9095771,Somewhat Early,Somewhat Early
7.0,6.3133106,Early,Early
8.0,9.752916,Early,On Time
12.0,11.415955,On Time,On Time
10.0,6.7151957,On Time,Early
5.0,9.920023,Somewhat Early,On Time
16.0,5.85677,Somewhat Late,Somewhat Early
6.0,8.554819,Somewhat Early,Early
8.0,6.070435,Early,Early
3.0,5.745385,Very Early,Somewhat Early
16.0,16.014956,Somewhat Late,Somewhat Late
10.0,7.850222,On Time,Early
11.0,12.152673,On Time,On Time
21.0,17.91378,Very Late,Somewhat Late
12.0,12.889309,On Time,On Time
16.0,18.755611,Somewhat Late,Somewhat Late
13.0,12.252133,On Time,On Time
2.0,16.753729,Very Early,Somewhat Late
20.0,15.94273,Somewhat Late,Somewhat Late
10.0,12.386528,On Time,On Time
6.0,8.864876,Somewhat Early,Early
9.0,5.0977964,Early,Somewhat Early
16.0,16.455362,Somewhat Late,Somewhat Late
26.0,14.322767,Very Late,Somewhat Late
11.0,12.455849,On Time,On Time
3.0,4.3000283,Very Early,Somewhat Early
7.0,8.927464,Early,Early
10.0,10.641526,On Time,On Time
8.0,8.56114,Early,Early
3.0,4.1429954,Very Early,Somewhat Early
11.0,9.51571,On Time,On Time
6.0,4.347912,Somewhat Early,Somewhat Early
15.0,8.235946,Somewhat Late,Early
9.0,16.433449,Early,Somewhat Late
4.0,4.0236526,Somewhat Early,Somewhat Early
4.0,6.6047573,Somewhat Early,Early
8.0,7.9050255,Early,Early
15.0,12.2437,Somewhat Late,On Time
19.0,19.422,Somewhat Late,Somewhat Late
9.0,5.9509125,Early,Somewhat Early
7.0,9.194552,Early,On Time
5.0,8.530351,Somewhat Early,Early
8.0,9.093518,Early,On Time
10.0,14.529448,On Time,Somewhat Late
3.0,7.137191,Very Early,Early
5.0,5.2003775,Somewhat Early,Somewhat Early
6.0,7.6911707,Somewhat Early,Early
12.0,14.778646,On Time,Somewhat Late
12.0,9.751162,On Time,On Time
10.0,8.346331,On Time,Early
6.0,9.662097,Somewhat Early,On Time
5.0,4.895522,Somewhat Early,Somewhat Early
10.0,6.9736557,On Time,Early
5.0,5.6603346,Somewhat Early,Somewhat Early
10.0,10.43808,On Time,On Time
10.0,4.797456,On Time,Somewhat Early
10.0,7.7754917,On Time,Early
20.0,11.41683,Somewhat Late,On Time
7.0,15.810333,Early,Somewhat Late
6.0,9.505996,Somewhat Early,On Time
14.0,14.215457,On Time,Somewhat Late
6.0,8.668085,Somewhat Early,Early
14.0,8.997465,On Time,Early
14.0,12.0792675,On Time,On Time
19.0,11.74723,Somewhat Late,On Time
6.0,7.8031034,Somewhat Early,Early
6.0,13.7342005,Somewhat Early,On Time
9.0,10.496982,Early,On Time
9.0,5.822811,Early,Somewhat Early
16.0,6.7150083,Somewhat Late,Early
6.0,5.107314,Somewhat Early,Somewhat Early
18.0,18.77104,Somewhat Late,Somewhat Late
17.0,9.962988,Somewhat Late,On Time
1.0,4.49272,Very Early,Somewhat Early
3.0,3.7924378,Very Early,Somewhat Early
2.0,3.824891,Very Early,Somewhat Early
6.0,6.874327,Somewhat Early,Early
7.0,3.7889724,Early,Somewhat Early
7.0,8.406638,Early,Early
7.0,8.019651,Early,Early
10.0,9.213889,On Time,On Time
10.0,7.4314566,On Time,Early
3.0,3.841295,Very Early,Somewhat Early
10.0,10.652419,On Time,On Time
22.0,16.689253,Very Late,Somewhat Late
10.0,10.713083,On Time,On Time
10.0,9.977974,On Time,On Time
16.0,15.22013,Somewhat Late,Somewhat Late
7.0,4.193686,Early,Somewhat Early
10.0,7.032388,On Time,Early
14.0,14.514286,On Time,Somewhat Late
17.0,16.856735,Somewhat Late,Somewhat Late
3.0,4.3093596,Very Early,Somewhat Early
17.0,9.223116,Somewhat Late,On Time
7.0,9.332193,Early,On Time
3.0,6.9195256,Very Early,Early
8.0,6.5535417,Early,Early
4.0,3.9445686,Somewhat Early,Somewhat Early
18.0,14.138728,Somewhat Late,Somewhat Late
7.0,8.854958,Early,Early
6.0,8.057624,Somewhat Early,Early
19.0,15.561195,Somewhat Late,Somewhat Late
2.0,6.360438,Very Early,Early
10.0,6.5005026,On Time,Early
6.0,6.9028163,Somewhat Early,Early
3.0,5.3379107,Very Early,Somewhat Early
10.0,9.79619,On Time,On Time
14.0,10.196084,On Time,On Time
3.0,3.7849844,Very Early,Somewhat Early
3.0,3.8857388,Very Early,Somewhat Early
7.0,3.809755,Early,Somewhat Early
15.0,8.041929,Somewhat Late,Early
4.0,6.769993,Somewhat Early,Early
5.0,7.612424,Somewhat Early,Early
7.0,8.672867,Early,Early
5.0,5.6498914,Somewhat Early,Somewhat Early
8.0,5.4672966,Early,Somewhat Early
11.0,9.482971,On Time,On Time
7.0,5.896201,Early,Somewhat Early
13.0,6.917413,On Time,Early
16.0,14.650921,Somewhat Late,Somewhat Late
4.0,6.1825714,Somewhat Early,Early
10.0,9.483251,On Time,On Time
11.0,14.472351,On Time,Somewhat Late
7.0,7.656499,Early,Early
5.0,10.00423,Somewhat Early,On Time
7.0,6.5119505,Early,Early
11.0,7.506725,On Time,Early
8.0,7.1284,Early,Early
8.0,8.611287,Early,Early
5.0,3.919272,Somewhat Early,Somewhat Early
26.0,18.009125,Very Late,Somewhat Late
11.0,8.592349,On Time,Early
20.0,19.751654,Somewhat Late,Somewhat Late
11.0,8.003044,On Time,Early
10.0,12.984334,On Time,On Time
25.0,21.230526,Very Late,Very Late
6.0,7.300444,Somewhat Early,Early
3.0,5.7459593,Very Early,Somewhat Early
16.0,10.711695,Somewhat Late,On Time
13.0,9.631975,On Time,On Time
7.0,11.270474,Early,On Time
5.0,4.209947,Somewhat Early,Somewhat Early
22.0,24.312225,Very Late,Very Late
7.0,9.446502,Early,On Time
27.0,7.5820127,Very Late,Early
20.0,16.276814,Somewhat Late,Somewhat Late
6.0,7.5297403,Somewhat Early,Early
9.0,9.743466,Early,On Time
5.0,13.247616,Somewhat Early,On Time
5.0,7.6856565,Somewhat Early,Early
10.0,7.066332,On Time,Early
18.0,14.01017,Somewhat Late,Somewhat Late
14.0,12.223216,On Time,On Time
24.0,18.420727,Very Late,Somewhat Late
10.0,10.071487,On Time,On Time
6.0,10.852405,Somewhat Early,On Time
2.0,3.8290954,Very Early,Somewhat Early
7.0,8.942482,Early,Early
26.0,11.585765,Very Late,On Time
7.0,9.067701,Early,On Time
12.0,9.980848,On Time,On Time
7.0,7.918142,Early,Early
8.0,9.442872,Early,On Time
9.0,8.997658,Early,Early
13.0,6.808927,On Time,Early
27.0,19.137548,Very Late,Somewhat Late
6.0,6.6280637,Somewhat Early,Early
5.0,6.721691,Somewhat Early,Early
16.0,9.033059,Somewhat Late,On Time
5.0,7.689166,Somewhat Early,Early
5.0,7.592655,Somewhat Early,Early
8.0,5.698266,Early,Somewhat Early
17.0,13.420754,Somewhat Late,On Time
11.0,8.8366165,On Time,Early
4.0,5.8365726,Somewhat Early,Somewhat Early
7.0,7.9329443,Early,Early
10.0,8.529833,On Time,Early
14.0,15.042496,On Time,Somewhat Late
2.0,5.5139112,Very Early,Somewhat Early
8.0,10.641496,Early,On Time
15.0,15.41576,Somewhat Late,Somewhat Late
4.0,7.1500435,Somewhat Early,Early
12.0,9.337926,On Time,On Time
2.0,4.961604,Very Early,Somewhat Early
7.0,8.137156,Early,Early
12.0,8.815893,On Time,Early
12.0,9.3264065,On Time,On Time
19.0,9.096862,Somewhat Late,On Time
5.0,14.198246,Somewhat Early,Somewhat Late
13.0,11.053729,On Time,On Time
7.0,4.4314137,Early,Somewhat Early
17.0,8.018137,Somewhat Late,Early
8.0,6.1211987,Early,Early
6.0,6.294315,Somewhat Early,Early
2.0,3.842313,Very Early,Somewhat Early
6.0,10.151131,Somewhat Early,On Time
4.0,3.868675,Somewhat Early,Somewhat Early
3.0,3.8022778,Very Early,Somewhat Early
11.0,4.079786,On Time,Somewhat Early
5.0,7.891818,Somewhat Early,Early
6.0,5.428965,Somewhat Early,Somewhat Early
24.0,15.862579,Very Late,Somewhat Late
9.0,9.024978,Early,On Time
3.0,3.7999785,Very Early,Somewhat Early
1.0,3.7873647,Very Early,Somewhat Early
13.0,13.584785,On Time,On Time
13.0,10.162665,On Time,On Time
14.0,13.085294,On Time,On Time
9.0,7.838941,Early,Early
1.0,3.8950148,Very Early,Somewhat Early
14.0,10.979919,On Time,On Time
12.0,4.0175695,On Time,Somewhat Early
18.0,11.615125,Somewhat Late,On Time
7.0,9.640382,Early,On Time
18.0,12.261265,Somewhat Late,On Time
13.0,11.541941,On Time,On Time
9.0,9.935666,Early,On Time
17.0,13.857297,Somewhat Late,On Time
14.0,7.5716596,On Time,Early
4.0,5.977944,Somewhat Early,Somewhat Early
9.0,5.0108576,Early,Somewhat Early
15.0,11.013439,Somewhat Late,On Time
6.0,8.849741,Somewhat Early,Early
1.0,5.191321,Very Early,Somewhat Early
14.0,8.349822,On Time,Early
10.0,12.997436,On Time,On Time
13.0,8.656122,On Time,Early
9.0,11.589499,Early,On Time
4.0,11.988828,Somewhat Early,On Time
24.0,21.76817,Very Late,Very Late
20.0,12.253974,Somewhat Late,On Time
7.0,16.241066,Early,Somewhat Late
20.0,15.006647,Somewhat Late,Somewhat Late
10.0,13.514798,On Time,On Time
6.0,12.401417,Somewhat Early,On Time
4.0,3.7922888,Somewhat Early,Somewhat Early
4.0,9.14768,Somewhat Early,On Time
11.0,7.124834,On Time,Early
11.0,12.802463,On Time,On Time
11.0,9.336815,On Time,On Time
13.0,10.110677,On Time,On Time
4.0,3.787542,Somewhat Early,Somewhat Early
11.0,10.217101,On Time,On Time
7.0,3.8633072,Early,Somewhat Early
17.0,15.380817,Somewhat Late,Somewhat Late
5.0,5.7482023,Somewhat Early,Somewhat Early
8.0,8.870812,Early,Early
2.0,3.8907387,Very Early,Somewhat Early
5.0,7.845148,Somewhat Early,Early
16.0,13.445898,Somewhat Late,On Time
9.0,9.889816,Early,On Time
8.0,8.268116,Early,Early
3.0,6.340141,Very Early,Early
5.0,8.824685,Somewhat Early,Early
27.0,20.706997,Very Late,Very Late
7.0,7.2632256,Early,Early
10.0,16.764992,On Time,Somewhat Late
3.0,3.777651,Very Early,Somewhat Early
11.0,13.372864,On Time,On Time
11.0,13.664288,On Time,On Time
9.0,4.8611665,Early,Somewhat Early
4.0,8.463057,Somewhat Early,Early
2.0,8.934025,Very Early,Early
6.0,7.4861336,Somewhat Early,Early
2.0,4.953615,Very Early,Somewhat Early
3.0,3.8976638,Very Early,Somewhat Early
11.0,9.4125395,On Time,On Time
9.0,7.568708,Early,Early
10.0,9.316245,On Time,On Time
7.0,7.1611805,Early,Early
11.0,8.648947,On Time,Early
18.0,17.750616,Somewhat Late,Somewhat Late
6.0,3.8299375,Somewhat Early,Somewhat Early
5.0,7.785865,Somewhat Early,Early
6.0,7.022685,Somewhat Early,Early
2.0,3.7687216,Very Early,Somewhat Early
8.0,16.612291,Early,Somewhat Late
13.0,9.69253,On Time,On Time
12.0,8.213621,On Time,Early
2.0,3.8067498,Very Early,Somewhat Early
10.0,10.853317,On Time,On Time
10.0,9.949464,On Time,On Time
10.0,6.9483905,On Time,Early
11.0,8.898946,On Time,Early
8.0,5.590936,Early,Somewhat Early
3.0,6.71027,Very Early,Early
10.0,7.850355,On Time,Early
14.0,11.985529,On Time,On Time
5.0,9.673483,Somewhat Early,On Time
4.0,3.8003519,Somewhat Early,Somewhat Early
3.0,4.4332814,Very Early,Somewhat Early
12.0,9.330219,On Time,On Time
5.0,3.7859495,Somewhat Early,Somewhat Early
11.0,12.122711,On Time,On Time
9.0,7.0702977,Early,Early
14.0,11.887695,On Time,On Time
8.0,10.046026,Early,On Time
26.0,18.24903,Very Late,Somewhat Late
25.0,8.509657,Very Late,Early
16.0,9.53288,Somewhat Late,On Time
13.0,8.5873575,On Time,Early
12.0,10.607971,On Time,On Time
9.0,5.240145,Early,Somewhat Early
25.0,18.564054,Very Late,Somewhat Late
5.0,6.680044,Somewhat Early,Early
12.0,11.629781,On Time,On Time
13.0,16.638569,On Time,Somewhat Late
14.0,10.05437,On Time,On Time
1.0,6.170645,Very Early,Early
7.0,9.786489,Early,On Time
7.0,10.79371,Early,On Time
15.0,15.997945,Somewhat Late,Somewhat Late
15.0,11.032318,Somewhat Late,On Time
1.0,3.7984068,Very Early,Somewhat Early
7.0,9.108522,Early,On Time
15.0,9.934687,Somewhat Late,On Time
16.0,10.000612,Somewhat Late,On Time
11.0,13.694437,On Time,On Time
17.0,8.018137,Somewhat Late,Early
2.0,3.7873843,Very Early,Somewhat Early
1.0,14.433541,Very Early,Somewhat Late
10.0,13.546293,On Time,On Time
12.0,13.259474,On Time,On Time
2.0,3.9758081,Very Early,Somewhat Early
5.0,3.9700158,Somewhat Early,Somewhat Early
14.0,12.985847,On Time,On Time
3.0,7.9569445,Very Early,Early
6.0,10.371846,Somewhat Early,On Time
1.0,4.06386,Very Early,Somewhat Early
8.0,8.884505,Early,Early
11.0,12.1594925,On Time,On Time
4.0,3.816394,Somewhat Early,Somewhat Early
10.0,11.188544,On Time,On Time
14.0,13.918076,On Time,On Time
6.0,6.095861,Somewhat Early,Early
18.0,15.747452,Somewhat Late,Somewhat Late
13.0,10.163401,On Time,On Time
16.0,16.216442,Somewhat Late,Somewhat Late
11.0,3.9357305,On Time,Somewhat Early
8.0,7.6981893,Early,Early
20.0,16.135487,Somewhat Late,Somewhat Late
12.0,13.3874,On Time,On Time
7.0,8.007291,Early,Early
9.0,9.5991955,Early,On Time
5.0,6.4348345,Somewhat Early,Early
7.0,9.378443,Early,On Time
10.0,7.3685064,On Time,Early
12.0,9.222936,On Time,On Time
19.0,12.694235,Somewhat Late,On Time
4.0,4.152509,Somewhat Early,Somewhat Early
6.0,14.242058,Somewhat Early,Somewhat Late
11.0,3.8630745,On Time,Somewhat Early
3.0,7.654483,Very Early,Early
4.0,8.4296875,Somewhat Early,Early
13.0,13.015095,On Time,On Time
5.0,7.749134,Somewhat Early,Early
13.0,14.746982,On Time,Somewhat Late
17.0,11.030123,Somewhat Late,On Time
8.0,7.6481166,Early,Early
7.0,10.747524,Early,On Time
22.0,18.533945,Very Late,Somewhat Late
7.0,8.474596,Early,Early
13.0,11.38998,On Time,On Time
7.0,12.206514,Early,On Time
4.0,3.8037603,Somewhat Early,Somewhat Early
13.0,9.578495,On Time,On Time
12.0,13.091605,On Time,On Time
22.0,18.057373,Very Late,Somewhat Late
27.0,24.013353,Very Late,Very Late
10.0,9.267759,On Time,On Time
11.0,9.674261,On Time,On Time
18.0,13.122622,Somewhat Late,On Time
2.0,4.8960333,Very Early,Somewhat Early
2.0,6.9840364,Very Early,Early
3.0,9.045646,Very Early,On Time
13.0,9.749106,On Time,On Time
8.0,8.679214,Early,Early
15.0,11.53331,Somewhat Late,On Time
18.0,8.011578,Somewhat Late,Early
10.0,9.845042,On Time,On Time
2.0,3.826565,Very Early,Somewhat Early
16.0,9.233305,Somewhat Late,On Time
5.0,4.04379,Somewhat Early,Somewhat Early
14.0,11.221815,On Time,On Time
15.0,11.604728,Somewhat Late,On Time
13.0,17.57942,On Time,Somewhat Late
2.0,4.69833,Very Early,Somewhat Early
11.0,13.368687,On Time,On Time
8.0,8.94806,Early,Early
6.0,3.7809315,Somewhat Early,Somewhat Early
6.0,7.5613728,Somewhat Early,Early
7.0,9.466212,Early,On Time
16.0,16.274323,Somewhat Late,Somewhat Late
23.0,21.239605,Very Late,Very Late
15.0,18.990509,Somewhat Late,Somewhat Late
3.0,5.564952,Very Early,Somewhat Early
7.0,3.8537686,Early,Somewhat Early
14.0,11.397416,On Time,On Time
15.0,14.939438,Somewhat Late,Somewhat Late
8.0,3.787585,Early,Somewhat Early
10.0,11.054281,On Time,On Time
11.0,3.8064718,On Time,Somewhat Early
2.0,3.785994,Very Early,Somewhat Early
4.0,7.4762893,Somewhat Early,Early
2.0,5.510341,Very Early,Somewhat Early
7.0,8.362382,Early,Early
4.0,4.084895,Somewhat Early,Somewhat Early
12.0,8.542228,On Time,Early
6.0,7.965535,Somewhat Early,Early
16.0,11.735987,Somewhat Late,On Time
16.0,18.140795,Somewhat Late,Somewhat Late
14.0,8.297393,On Time,Early
8.0,8.649381,Early,Early
5.0,6.9180474,Somewhat Early,Early
12.0,9.952196,On Time,On Time
4.0,4.4498925,Somewhat Early,Somewhat Early
5.0,4.069251,Somewhat Early,Somewhat Early
15.0,9.595467,Somewhat Late,On Time
9.0,8.541766,Early,Early
4.0,7.3215246,Somewhat Early,Early
19.0,10.715819,Somewhat Late,On Time
18.0,13.100531,Somewhat Late,On Time
11.0,9.01217,On Time,On Time
9.0,3.938048,Early,Somewhat Early
9.0,9.681126,Early,On Time
7.0,5.004017,Early,Somewhat Early
7.0,8.778864,Early,Early
11.0,6.7957544,On Time,Early
7.0,10.165415,Early,On Time
25.0,17.520054,Very Late,Somewhat Late
7.0,12.019892,Early,On Time
12.0,13.87098,On Time,On Time
17.0,16.176113,Somewhat Late,Somewhat Late
7.0,8.546361,Early,Early
10.0,8.251057,On Time,Early
4.0,3.8080335,Somewhat Early,Somewhat Early
4.0,5.0728874,Somewhat Early,Somewhat Early
8.0,8.481069,Early,Early
8.0,6.5513844,Early,Early
7.0,8.796147,Early,Early
15.0,14.375319,Somewhat Late,Somewhat Late
13.0,4.6287813,On Time,Somewhat Early
7.0,5.0570593,Early,Somewhat Early
7.0,7.3389015,Early,Early
12.0,9.771429,On Time,On Time
16.0,8.493825,Somewhat Late,Early
14.0,4.6204066,On Time,Somewhat Early
10.0,7.0290036,On Time,Early
7.0,4.0804577,Early,Somewhat Early
24.0,14.661506,Very Late,Somewhat Late
7.0,4.390508,Early,Somewhat Early
7.0,9.5456085,Early,On Time
9.0,17.000015,Early,Somewhat Late
13.0,11.104473,On Time,On Time
4.0,3.8634975,Somewhat Early,Somewhat Early
7.0,8.4794,Early,Early
5.0,5.389132,Somewhat Early,Somewhat Early
4.0,13.612898,Somewhat Early,On Time
11.0,10.388925,On Time,On Time
14.0,10.194857,On Time,On Time
11.0,12.24041,On Time,On Time
6.0,7.5796003,Somewhat Early,Early
2.0,3.781563,Very Early,Somewhat Early
9.0,12.149423,Early,On Time
3.0,4.7089014,Very Early,Somewhat Early
17.0,12.918631,Somewhat Late,On Time
5.0,4.0467486,Somewhat Early,Somewhat Early
25.0,13.693363,Very Late,On Time
6.0,7.828421,Somewhat Early,Early
4.0,5.280648,Somewhat Early,Somewhat Early
9.0,8.366842,Early,Early
8.0,7.3527327,Early,Early
9.0,7.3129086,Early,Early
8.0,7.7890882,Early,Early
8.0,7.8533792,Early,Early
3.0,6.596146,Very Early,Early
14.0,9.1341915,On Time,On Time
8.0,7.4684353,Early,Early
9.0,8.024067,Early,Early
7.0,7.643181,Early,Early
17.0,9.839921,Somewhat Late,On Time
26.0,22.173962,Very Late,Very Late
5.0,7.1044817,Somewhat Early,Early
28.0,19.292797,Very Late,Somewhat Late
14.0,15.612696,On Time,Somewhat Late
24.0,17.130058,Very Late,Somewhat Late
12.0,6.139603,On Time,Early
5.0,5.94762,Somewhat Early,Somewhat Early
7.0,10.54491,Early,On Time
9.0,11.891795,Early,On Time
10.0,10.295703,On Time,On Time
19.0,18.641478,Somewhat Late,Somewhat Late
21.0,19.616205,Very Late,Somewhat Late
8.0,11.141199,Early,On Time
8.0,4.588056,Early,Somewhat Early
1.0,5.1180515,Very Early,Somewhat Early
10.0,7.913699,On Time,Early
10.0,9.498062,On Time,On Time
8.0,7.4630504,Early,Early
10.0,8.322446,On Time,Early
24.0,19.665728,Very Late,Somewhat Late
6.0,7.6801443,Somewhat Early,Early
10.0,10.162665,On Time,On Time
18.0,11.648242,Somewhat Late,On Time
9.0,5.9784393,Early,Somewhat Early
12.0,12.181618,On Time,On Time
6.0,7.9719405,Somewhat Early,Early
3.0,4.2520013,Very Early,Somewhat Early
6.0,5.2565312,Somewhat Early,Somewhat Early
8.0,11.691961,Early,On Time
13.0,10.259655,On Time,On Time
19.0,17.30898,Somewhat Late,Somewhat Late
6.0,3.778687,Somewhat Early,Somewhat Early
4.0,10.902189,Somewhat Early,On Time
9.0,7.5827856,Early,Early
7.0,7.243706,Early,Early
10.0,10.488567,On Time,On Time
10.0,7.295125,On Time,Early
13.0,14.852122,On Time,Somewhat Late
16.0,9.638356,Somewhat Late,On Time
12.0,8.242769,On Time,Early
19.0,8.266601,Somewhat Late,Early
2.0,3.7916977,Very Early,Somewhat Early
14.0,13.089809,On Time,On Time
16.0,11.918681,Somewhat Late,On Time
6.0,5.8586454,Somewhat Early,Somewhat Early
9.0,7.413984,Early,Early
13.0,9.925177,On Time,On Time
7.0,12.891687,Early,On Time
13.0,11.150971,On Time,On Time
3.0,5.3236446,Very Early,Somewhat Early
10.0,5.105418,On Time,Somewhat Early
17.0,9.92535,Somewhat Late,On Time
2.0,3.805927,Very Early,Somewhat Early
10.0,17.173672,On Time,Somewhat Late
15.0,14.918207,Somewhat Late,Somewhat Late
19.0,14.798418,Somewhat Late,Somewhat Late
15.0,9.623679,Somewhat Late,On Time
13.0,10.122095,On Time,On Time
8.0,7.5716143,Early,Early
14.0,10.874688,On Time,On Time
19.0,20.152431,Somewhat Late,Very Late
7.0,8.108181,Early,Early
4.0,3.8862734,Somewhat Early,Somewhat Early
1.0,3.8217692,Very Early,Somewhat Early
21.0,19.520706,Very Late,Somewhat Late
15.0,13.94528,Somewhat Late,On Time
4.0,8.498159,Somewhat Early,Early
7.0,7.9464693,Early,Early
2.0,9.875776,Very Early,On Time
15.0,13.013673,Somewhat Late,On Time
16.0,18.936277,Somewhat Late,Somewhat Late
21.0,14.060242,Very Late,Somewhat Late
16.0,14.248962,Somewhat Late,Somewhat Late
5.0,6.362982,Somewhat Early,Early
10.0,8.439331,On Time,Early
7.0,7.722211,Early,Early
4.0,7.585316,Somewhat Early,Early
15.0,12.667225,Somewhat Late,On Time
6.0,11.468957,Somewhat Early,On Time
15.0,18.103746,Somewhat Late,Somewhat Late
15.0,11.751231,Somewhat Late,On Time
7.0,8.334406,Early,Early
23.0,12.929158,Very Late,On Time
8.0,10.332739,Early,On Time
8.0,4.585992,Early,Somewhat Early
6.0,8.420364,Somewhat Early,Early
13.0,7.6392584,On Time,Early
6.0,8.48869,Somewhat Early,Early
9.0,7.602754,Early,Early
8.0,8.242715,Early,Early
7.0,5.2142096,Early,Somewhat Early
12.0,13.053332,On Time,On Time
7.0,11.6889305,Early,On Time
5.0,8.111873,Somewhat Early,Early
12.0,13.277983,On Time,On Time
10.0,17.462233,On Time,Somewhat Late
20.0,16.480953,Somewhat Late,Somewhat Late
26.0,14.05396,Very Late,Somewhat Late
18.0,7.642361,Somewhat Late,Early
9.0,10.004853,Early,On Time
6.0,8.565407,Somewhat Early,Early
18.0,16.982359,Somewhat Late,Somewhat Late
3.0,4.332892,Very Early,Somewhat Early
4.0,4.8160844,Somewhat Early,Somewhat Early
12.0,13.091605,On Time,On Time
13.0,11.358002,On Time,On Time
6.0,5.8267875,Somewhat Early,Somewhat Early
22.0,16.955273,Very Late,Somewhat Late
5.0,7.615101,Somewhat Early,Early
16.0,11.144,Somewhat Late,On Time
4.0,7.0598855,Somewhat Early,Early
7.0,4.278638,Early,Somewhat Early
2.0,4.021694,Very Early,Somewhat Early
8.0,7.4771194,Early,Early
21.0,17.002268,Very Late,Somewhat Late
18.0,11.803015,Somewhat Late,On Time
7.0,7.506674,Early,Early
8.0,7.898189,Early,Early
11.0,7.437682,On Time,Early
9.0,8.169502,Early,Early
11.0,7.8835163,On Time,Early
16.0,9.536654,Somewhat Late,On Time
14.0,6.208717,On Time,Early
3.0,3.807581,Very Early,Somewhat Early
12.0,13.056594,On Time,On Time
19.0,18.632408,Somewhat Late,Somewhat Late
12.0,7.9084554,On Time,Early
9.0,9.328988,Early,On Time
11.0,8.259703,On Time,Early
14.0,10.203207,On Time,On Time
12.0,7.767203,On Time,Early
5.0,3.8483145,Somewhat Early,Somewhat Early
8.0,5.8812356,Early,Somewhat Early
20.0,21.423368,Somewhat Late,Very Late
15.0,12.40009,Somewhat Late,On Time
2.0,3.8133538,Very Early,Somewhat Early
4.0,3.8715763,Somewhat Early,Somewhat Early
19.0,14.882906,Somewhat Late,Somewhat Late
4.0,6.070678,Somewhat Early,Early
14.0,8.789334,On Time,Early
4.0,3.8062596,Somewhat Early,Somewhat Early
8.0,8.672317,Early,Early
10.0,11.649287,On Time,On Time
2.0,10.195775,Very Early,On Time
10.0,9.385822,On Time,On Time
13.0,10.620521,On Time,On Time
18.0,9.520058,Somewhat Late,On Time
26.0,19.202093,Very Late,Somewhat Late
19.0,17.702618,Somewhat Late,Somewhat Late
8.0,8.955024,Early,Early
10.0,8.24512,On Time,Early
4.0,5.0472116,Somewhat Early,Somewhat Early
21.0,8.99983,Very Late,Early
11.0,8.785829,On Time,Early
21.0,16.492334,Very Late,Somewhat Late
16.0,13.646128,Somewhat Late,On Time
2.0,3.8138885,Very Early,Somewhat Early
6.0,7.318186,Somewhat Early,Early
12.0,10.021064,On Time,On Time
12.0,11.544662,On Time,On Time
27.0,13.435036,Very Late,On Time
7.0,13.247547,Early,On Time
19.0,13.400535,Somewhat Late,On Time
4.0,11.709634,Somewhat Early,On Time
15.0,11.006885,Somewhat Late,On Time
6.0,6.5981154,Somewhat Early,Early
2.0,5.5541215,Very Early,Somewhat Early
20.0,17.665293,Somewhat Late,Somewhat Late
8.0,7.1091948,Early,Early
8.0,5.966534,Early,Somewhat Early
1.0,3.8306327,Very Early,Somewhat Early
11.0,3.900245,On Time,Somewhat Early
12.0,3.8041892,On Time,Somewhat Early
23.0,15.352646,Very Late,Somewhat Late
9.0,9.56757,Early,On Time
16.0,13.8112755,Somewhat Late,On Time
6.0,16.73552,Somewhat Early,Somewhat Late
2.0,6.206255,Very Early,Early
5.0,4.83422,Somewhat Early,Somewhat Early
14.0,9.530199,On Time,On Time
3.0,6.8439956,Very Early,Early
9.0,8.722678,Early,Early
9.0,10.08639,Early,On Time
5.0,6.4774265,Somewhat Early,Early
10.0,9.687512,On Time,On Time
7.0,9.733709,Early,On Time
12.0,15.465529,On Time,Somewhat Late
17.0,11.785773,Somewhat Late,On Time
15.0,10.581901,Somewhat Late,On Time
7.0,7.1248446,Early,Early
7.0,11.981397,Early,On Time
17.0,20.437805,Somewhat Late,Very Late
8.0,8.01138,Early,Early
5.0,8.869033,Somewhat Early,Early
8.0,7.46856,Early,Early
9.0,10.249186,Early,On Time
7.0,5.8420467,Early,Somewhat Early
5.0,8.668899,Somewhat Early,Early
10.0,11.4089775,On Time,On Time
12.0,17.262568,On Time,Somewhat Late
9.0,5.61532,Early,Somewhat Early
12.0,11.374761,On Time,On Time
13.0,8.792318,On Time,Early
10.0,8.953883,On Time,Early
8.0,9.181774,Early,On Time
14.0,14.519438,On Time,Somewhat Late
7.0,9.138581,Early,On Time
10.0,11.827673,On Time,On Time
6.0,6.7574277,Somewhat Early,Early
14.0,12.114867,On Time,On Time
2.0,5.874953,Very Early,Somewhat Early
19.0,16.88434,Somewhat Late,Somewhat Late
9.0,8.768622,Early,Early
10.0,8.277415,On Time,Early
17.0,11.802644,Somewhat Late,On Time
7.0,6.834174,Early,Early
9.0,13.564498,Early,On Time
9.0,7.7719135,Early,Early
11.0,9.861637,On Time,On Time
8.0,13.084489,Early,On Time
6.0,8.401731,Somewhat Early,Early
8.0,6.8449106,Early,Early
15.0,9.978518,Somewhat Late,On Time
6.0,3.8391333,Somewhat Early,Somewhat Early
13.0,12.193157,On Time,On Time
27.0,19.33151,Very Late,Somewhat Late
7.0,8.816198,Early,Early
7.0,6.616388,Early,Early
3.0,4.8060274,Very Early,Somewhat Early
24.0,16.10936,Very Late,Somewhat Late
10.0,12.036505,On Time,On Time
10.0,9.586532,On Time,On Time
4.0,3.8326666,Somewhat Early,Somewhat Early
3.0,3.8265228,Very Early,Somewhat Early
22.0,16.883959,Very Late,Somewhat Late
21.0,8.872402,Very Late,Early
2.0,6.5897493,Very Early,Early
7.0,8.937971,Early,Early
1.0,4.058444,Very Early,Somewhat Early
8.0,8.079547,Early,Early
21.0,11.907984,Very Late,On Time
4.0,4.2308517,Somewhat Early,Somewhat Early
8.0,7.2849154,Early,Early
14.0,18.014519,On Time,Somewhat Late
15.0,8.255144,Somewhat Late,Early
3.0,4.750659,Very Early,Somewhat Early
17.0,16.823442,Somewhat Late,Somewhat Late
18.0,12.315598,Somewhat Late,On Time
10.0,7.4376445,On Time,Early
6.0,5.764169,Somewhat Early,Somewhat Early
13.0,7.8546157,On Time,Early
11.0,8.01323,On Time,Early
6.0,3.8115575,Somewhat Early,Somewhat Early
8.0,10.385202,Early,On Time
7.0,7.0962906,Early,Early
10.0,8.604447,On Time,Early
17.0,7.2921896,Somewhat Late,Early
16.0,11.531817,Somewhat Late,On Time
27.0,9.445433,Very Late,On Time
19.0,19.719475,Somewhat Late,Somewhat Late
2.0,3.9672358,Very Early,Somewhat Early
3.0,4.6360254,Very Early,Somewhat Early
18.0,15.446953,Somewhat Late,Somewhat Late
27.0,24.451763,Very Late,Very Late
7.0,10.135247,Early,On Time
14.0,9.591318,On Time,On Time
4.0,5.715237,Somewhat Early,Somewhat Early
10.0,13.371744,On Time,On Time
6.0,7.0063896,Somewhat Early,Early
12.0,12.2437,On Time,On Time
15.0,20.393234,Somewhat Late,Very Late
9.0,5.815372,Early,Somewhat Early
7.0,8.000638,Early,Early
2.0,4.448106,Very Early,Somewhat Early
23.0,12.999128,Very Late,On Time
6.0,6.349913,Somewhat Early,Early
8.0,10.209923,Early,On Time
7.0,13.725375,Early,On Time
1.0,5.8260593,Very Early,Somewhat Early
8.0,8.232334,Early,Early
7.0,10.985102,Early,On Time
5.0,14.9578905,Somewhat Early,Somewhat Late
19.0,8.272933,Somewhat Late,Early
15.0,11.548963,Somewhat Late,On Time
5.0,9.394826,Somewhat Early,On Time
17.0,9.89332,Somewhat Late,On Time
17.0,12.299039,Somewhat Late,On Time
7.0,12.171949,Early,On Time
4.0,3.8568974,Somewhat Early,Somewhat Early
7.0,8.571602,Early,Early
28.0,20.18434,Very Late,Very Late
3.0,3.7928734,Very Early,Somewhat Early
7.0,4.320768,Early,Somewhat Early
9.0,12.932336,Early,On Time
13.0,18.79886,On Time,Somewhat Late
7.0,7.403031,Early,Early
7.0,9.176323,Early,On Time
6.0,7.1722717,Somewhat Early,Early
4.0,5.7400403,Somewhat Early,Somewhat Early
13.0,12.8775,On Time,On Time
3.0,5.3092675,Very Early,Somewhat Early
4.0,6.1987834,Somewhat Early,Early
8.0,7.7706785,Early,Early
9.0,8.642892,Early,Early
25.0,18.372278,Very Late,Somewhat Late
4.0,5.2199597,Somewhat Early,Somewhat Early
20.0,14.902577,Somewhat Late,Somewhat Late
5.0,5.3287306,Somewhat Early,Somewhat Early
5.0,6.568264,Somewhat Early,Early
6.0,8.9987335,Somewhat Early,Early
16.0,8.666161,Somewhat Late,Early
8.0,4.958811,Early,Somewhat Early
10.0,4.8130164,On Time,Somewhat Early
16.0,9.519609,Somewhat Late,On Time
10.0,9.287849,On Time,On Time
15.0,19.046122,Somewhat Late,Somewhat Late
8.0,11.286103,Early,On Time
2.0,13.201246,Very Early,On Time
19.0,15.124361,Somewhat Late,Somewhat Late
21.0,11.186589,Very Late,On Time
8.0,8.535397,Early,Early
7.0,8.393319,Early,Early
6.0,9.913765,Somewhat Early,On Time
18.0,13.281136,Somewhat Late,On Time
3.0,3.7848873,Very Early,Somewhat Early
12.0,8.705237,On Time,Early
9.0,8.2604885,Early,Early
10.0,9.189867,On Time,On Time
13.0,8.087989,On Time,Early
3.0,10.777573,Very Early,On Time
10.0,7.4803147,On Time,Early
22.0,15.216802,Very Late,Somewhat Late
14.0,8.394644,On Time,Early
5.0,6.565769,Somewhat Early,Early
3.0,11.393349,Very Early,On Time
17.0,13.479291,Somewhat Late,On Time
18.0,13.054867,Somewhat Late,On Time
7.0,5.1250987,Early,Somewhat Early
20.0,14.9198675,Somewhat Late,Somewhat Late
7.0,10.201327,Early,On Time
19.0,13.295795,Somewhat Late,On Time
16.0,14.699248,Somewhat Late,Somewhat Late
8.0,8.380049,Early,Early
6.0,5.132773,Somewhat Early,Somewhat Early
11.0,10.98027,On Time,On Time
16.0,14.95238,Somewhat Late,Somewhat Late
6.0,7.813381,Somewhat Early,Early
10.0,7.819377,On Time,Early
8.0,10.156701,Early,On Time
8.0,9.790299,Early,On Time
5.0,3.8930492,Somewhat Early,Somewhat Early
6.0,6.6882687,Somewhat Early,Early
7.0,7.469183,Early,Early
11.0,15.39638,On Time,Somewhat Late
25.0,19.502125,Very Late,Somewhat Late
4.0,3.789259,Somewhat Early,Somewhat Early
9.0,8.642892,Early,Early
20.0,9.947471,Somewhat Late,On Time
4.0,8.286644,Somewhat Early,Early
12.0,9.90994,On Time,On Time
9.0,9.027157,Early,On Time
23.0,9.376784,Very Late,On Time
6.0,4.3997707,Somewhat Early,Somewhat Early
23.0,14.3278885,Very Late,Somewhat Late
12.0,10.920042,On Time,On Time
4.0,6.0932975,Somewhat Early,Early
13.0,10.504815,On Time,On Time
18.0,16.276796,Somewhat Late,Somewhat Late
10.0,14.540605,On Time,Somewhat Late
18.0,8.563315,Somewhat Late,Early
16.0,19.434528,Somewhat Late,Somewhat Late
7.0,8.3730345,Early,Early
9.0,4.899229,Early,Somewhat Early
3.0,3.986547,Very Early,Somewhat Early
13.0,9.250078,On Time,On Time
22.0,15.559195,Very Late,Somewhat Late
10.0,9.679133,On Time,On Time
11.0,10.867335,On Time,On Time
22.0,8.951132,Very Late,Early
11.0,10.589442,On Time,On Time
9.0,8.402291,Early,Early
10.0,9.164865,On Time,On Time
6.0,6.4643517,Somewhat Early,Early
6.0,12.878789,Somewhat Early,On Time
8.0,7.4410706,Early,Early
6.0,5.8289914,Somewhat Early,Somewhat Early
7.0,8.727805,Early,Early
9.0,8.731115,Early,Early
15.0,15.361772,Somewhat Late,Somewhat Late
7.0,5.6460114,Early,Somewhat Early
7.0,9.013808,Early,On Time
3.0,3.8011827,Very Early,Somewhat Early
14.0,9.489381,On Time,On Time
5.0,4.4883585,Somewhat Early,Somewhat Early
7.0,6.9348273,Early,Early
2.0,3.811958,Very Early,Somewhat Early
13.0,17.92677,On Time,Somewhat Late
8.0,9.133997,Early,On Time
11.0,13.719971,On Time,On Time
13.0,10.433212,On Time,On Time
4.0,4.725507,Somewhat Early,Somewhat Early
6.0,10.255112,Somewhat Early,On Time
7.0,4.681396,Early,Somewhat Early
3.0,8.035454,Very Early,Early
8.0,8.341476,Early,Early
10.0,8.547683,On Time,Early
18.0,14.458816,Somewhat Late,Somewhat Late
2.0,6.360438,Very Early,Early
12.0,9.159546,On Time,On Time
2.0,4.6354628,Very Early,Somewhat Early
19.0,8.539576,Somewhat Late,Early
5.0,5.860581,Somewhat Early,Somewhat Early
18.0,21.540066,Somewhat Late,Very Late
6.0,9.057633,Somewhat Early,On Time
10.0,11.729832,On Time,On Time
5.0,6.7401547,Somewhat Early,Early
11.0,8.207395,On Time,Early
12.0,11.692166,On Time,On Time
13.0,8.540632,On Time,Early
9.0,4.8186474,Early,Somewhat Early
10.0,13.9665365,On Time,On Time
5.0,7.1782575,Somewhat Early,Early
27.0,21.437334,Very Late,Very Late
6.0,8.215364,Somewhat Early,Early
14.0,9.230962,On Time,On Time
14.0,7.092819,On Time,Early
27.0,22.216736,Very Late,Very Late
11.0,14.446503,On Time,Somewhat Late
7.0,7.562228,Early,Early
25.0,19.90052,Very Late,Somewhat Late
6.0,8.059549,Somewhat Early,Early
19.0,4.5557294,Somewhat Late,Somewhat Early
17.0,7.9012313,Somewhat Late,Early
7.0,12.023752,Early,On Time
20.0,17.322765,Somewhat Late,Somewhat Late
12.0,9.2860565,On Time,On Time
19.0,7.4914308,Somewhat Late,Early
13.0,15.049179,On Time,Somewhat Late
14.0,13.444129,On Time,On Time
9.0,10.133072,Early,On Time
6.0,5.6753654,Somewhat Early,Somewhat Early
7.0,7.407501,Early,Early
24.0,26.425777,Very Late,Very Late
19.0,11.183314,Somewhat Late,On Time
8.0,7.5655227,Early,Early
9.0,8.50093,Early,Early
7.0,8.038101,Early,Early
19.0,22.093027,Somewhat Late,Very Late
1.0,3.8081691,Very Early,Somewhat Early
5.0,7.2544975,Somewhat Early,Early
4.0,6.843112,Somewhat Early,Early
8.0,5.377001,Early,Somewhat Early
7.0,4.0425916,Early,Somewhat Early
10.0,9.073996,On Time,On Time
11.0,9.085382,On Time,On Time
3.0,3.7929778,Very Early,Somewhat Early
3.0,7.6597815,Very Early,Early
16.0,12.864829,Somewhat Late,On Time
12.0,9.326135,On Time,On Time
9.0,9.769086,Early,On Time
5.0,6.3790064,Somewhat Early,Early
5.0,3.795089,Somewhat Early,Somewhat Early
8.0,8.598897,Early,Early
14.0,17.498384,On Time,Somewhat Late
21.0,16.60803,Very Late,Somewhat Late
2.0,7.664953,Very Early,Early
13.0,12.3294935,On Time,On Time
9.0,8.158934,Early,Early
6.0,4.8974442,Somewhat Early,Somewhat Early
5.0,10.216692,Somewhat Early,On Time
7.0,9.545568,Early,On Time
12.0,7.423354,On Time,Early
12.0,9.934641,On Time,On Time
4.0,6.1874533,Somewhat Early,Early
14.0,14.734122,On Time,Somewhat Late
14.0,9.234275,On Time,On Time
10.0,16.878677,On Time,Somewhat Late
11.0,5.137616,On Time,Somewhat Early
3.0,3.773279,Very Early,Somewhat Early
11.0,11.979355,On Time,On Time
23.0,22.903555,Very Late,Very Late
9.0,12.227514,Early,On Time
5.0,3.8041859,Somewhat Early,Somewhat Early
15.0,10.008705,Somewhat Late,On Time
12.0,12.572706,On Time,On Time
12.0,12.910505,On Time,On Time
8.0,9.153051,Early,On Time
2.0,3.9531963,Very Early,Somewhat Early
16.0,8.92301,Somewhat Late,Early
6.0,3.9902048,Somewhat Early,Somewhat Early
6.0,10.287934,Somewhat Early,On Time
2.0,3.8388405,Very Early,Somewhat Early
16.0,5.0214343,Somewhat Late,Somewhat Early
5.0,7.3467746,Somewhat Early,Early
7.0,11.765376,Early,On Time
13.0,14.374908,On Time,Somewhat Late
11.0,9.862634,On Time,On Time
3.0,11.106908,Very Early,On Time
4.0,4.895201,Somewhat Early,Somewhat Early
14.0,9.002587,On Time,On Time
6.0,11.820106,Somewhat Early,On Time
7.0,6.626828,Early,Early
8.0,11.621485,Early,On Time
2.0,16.438087,Very Early,Somewhat Late
7.0,8.205241,Early,Early
4.0,3.872059,Somewhat Early,Somewhat Early
7.0,7.9902315,Early,Early
6.0,6.2742286,Somewhat Early,Early
2.0,4.835899,Very Early,Somewhat Early
24.0,12.00696,Very Late,On Time
10.0,12.13239,On Time,On Time
14.0,17.115246,On Time,Somewhat Late
8.0,8.263477,Early,Early
22.0,15.955181,Very Late,Somewhat Late
16.0,16.092505,Somewhat Late,Somewhat Late
21.0,18.991444,Very Late,Somewhat Late
21.0,14.126717,Very Late,Somewhat Late
6.0,9.8127365,Somewhat Early,On Time
26.0,11.223186,Very Late,On Time
16.0,15.433367,Somewhat Late,Somewhat Late
7.0,6.3624673,Early,Early
23.0,7.2157235,Very Late,Early
15.0,13.188149,Somewhat Late,On Time
19.0,18.648603,Somewhat Late,Somewhat Late
15.0,12.381861,Somewhat Late,On Time
3.0,4.4110565,Very Early,Somewhat Early
10.0,7.7962976,On Time,Early
18.0,15.232929,Somewhat Late,Somewhat Late
10.0,10.120755,On Time,On Time
3.0,3.7729793,Very Early,Somewhat Early
5.0,6.7519646,Somewhat Early,Early
3.0,4.4899616,Very Early,Somewhat Early
19.0,12.987463,Somewhat Late,On Time
16.0,15.334178,Somewhat Late,Somewhat Late
7.0,5.8686237,Early,Somewhat Early
8.0,7.9554167,Early,Early
15.0,9.749666,Somewhat Late,On Time
8.0,7.5877724,Early,Early
17.0,14.441706,Somewhat Late,Somewhat Late
19.0,18.05638,Somewhat Late,Somewhat Late
13.0,9.601121,On Time,On Time
3.0,8.4855175,Very Early,Early
16.0,15.679907,Somewhat Late,Somewhat Late
14.0,15.187462,On Time,Somewhat Late
6.0,8.249054,Somewhat Early,Early
4.0,5.5277944,Somewhat Early,Somewhat Early
16.0,7.4049807,Somewhat Late,Early
11.0,8.895735,On Time,Early
10.0,12.656119,On Time,On Time
7.0,13.767029,Early,On Time
5.0,8.487016,Somewhat Early,Early
5.0,10.383439,Somewhat Early,On Time
16.0,12.048108,Somewhat Late,On Time
21.0,10.97883,Very Late,On Time
6.0,4.3431206,Somewhat Early,Somewhat Early
13.0,9.25305,On Time,On Time
3.0,11.484762,Very Early,On Time
11.0,9.1254225,On Time,On Time
7.0,9.2133875,Early,On Time
10.0,8.474879,On Time,Early
2.0,3.9866543,Very Early,Somewhat Early
9.0,7.2946706,Early,Early
8.0,5.79918,Early,Somewhat Early
9.0,8.404806,Early,Early
13.0,10.716181,On Time,On Time
5.0,10.040147,Somewhat Early,On Time
23.0,7.568633,Very Late,Early
4.0,4.0308943,Somewhat Early,Somewhat Early
14.0,9.808682,On Time,On Time
19.0,13.338485,Somewhat Late,On Time
16.0,14.010557,Somewhat Late,Somewhat Late
11.0,7.299408,On Time,Early
13.0,12.539486,On Time,On Time
7.0,7.2690964,Early,Early
14.0,11.182698,On Time,On Time
8.0,5.120758,Early,Somewhat Early
7.0,7.6747518,Early,Early
12.0,11.821229,On Time,On Time
4.0,4.152509,Somewhat Early,Somewhat Early
2.0,8.270288,Very Early,Early
8.0,10.272386,Early,On Time
7.0,10.76443,Early,On Time
23.0,21.113373,Very Late,Very Late
12.0,13.069366,On Time,On Time
12.0,5.2225738,On Time,Somewhat Early
3.0,5.914456,Very Early,Somewhat Early
6.0,8.227503,Somewhat Early,Early
5.0,5.436623,Somewhat Early,Somewhat Early
17.0,17.268847,Somewhat Late,Somewhat Late
7.0,4.510372,Early,Somewhat Early
9.0,8.63766,Early,Early
6.0,4.0202274,Somewhat Early,Somewhat Early
10.0,6.8271255,On Time,Early
14.0,10.153918,On Time,On Time
2.0,5.6251945,Very Early,Somewhat Early
12.0,11.222432,On Time,On Time
12.0,8.077626,On Time,Early
11.0,9.177309,On Time,On Time
1.0,3.873698,Very Early,Somewhat Early
8.0,11.788854,Early,On Time
10.0,9.857525,On Time,On Time
20.0,17.878523,Somewhat Late,Somewhat Late
7.0,8.932612,Early,Early
9.0,6.385098,Early,Early
7.0,8.767153,Early,Early
22.0,7.6648607,Very Late,Early
10.0,10.054687,On Time,On Time
8.0,5.5729733,Early,Somewhat Early
3.0,3.8403492,Very Early,Somewhat Early
3.0,3.886236,Very Early,Somewhat Early
14.0,19.09269,On Time,Somewhat Late
6.0,7.2300243,Somewhat Early,Early
14.0,7.4523315,On Time,Early
14.0,13.076125,On Time,On Time
3.0,3.8436265,Very Early,Somewhat Early
17.0,15.631519,Somewhat Late,Somewhat Late
22.0,14.955641,Very Late,Somewhat Late
7.0,8.816513,Early,Early
20.0,8.654306,Somewhat Late,Early
14.0,11.114735,On Time,On Time
3.0,4.7411637,Very Early,Somewhat Early
18.0,13.875835,Somewhat Late,On Time
21.0,13.743442,Very Late,On Time
11.0,10.973558,On Time,On Time
10.0,8.045009,On Time,Early
6.0,7.793638,Somewhat Early,Early
16.0,11.656004,Somewhat Late,On Time
3.0,3.8176866,Very Early,Somewhat Early
9.0,11.746146,Early,On Time
7.0,10.916299,Early,On Time
15.0,14.49277,Somewhat Late,Somewhat Late
3.0,3.8469076,Very Early,Somewhat Early
5.0,6.5188274,Somewhat Early,Early
15.0,13.9216175,Somewhat Late,On Time
13.0,8.560224,On Time,Early
4.0,6.190056,Somewhat Early,Early
25.0,7.6526227,Very Late,Early
17.0,14.027072,Somewhat Late,Somewhat Late
14.0,9.332973,On Time,On Time
8.0,10.127027,Early,On Time
5.0,9.169633,Somewhat Early,On Time
24.0,13.098583,Very Late,On Time
12.0,8.488112,On Time,Early
9.0,7.9788694,Early,Early
23.0,9.461069,Very Late,On Time
10.0,7.218403,On Time,Early
7.0,8.805774,Early,Early
7.0,10.203923,Early,On Time
18.0,12.998431,Somewhat Late,On Time
2.0,9.483012,Very Early,On Time
15.0,15.229855,Somewhat Late,Somewhat Late
8.0,9.376667,Early,On Time
15.0,8.13318,Somewhat Late,Early
4.0,6.8175735,Somewhat Early,Early
15.0,16.03755,Somewhat Late,Somewhat Late
14.0,3.8560278,On Time,Somewhat Early
3.0,6.2687902,Very Early,Early
11.0,10.828759,On Time,On Time
10.0,9.669497,On Time,On Time
8.0,12.880746,Early,On Time
4.0,12.59726,Somewhat Early,On Time
11.0,9.413477,On Time,On Time
6.0,4.0301127,Somewhat Early,Somewhat Early
17.0,15.820394,Somewhat Late,Somewhat Late
4.0,10.35004,Somewhat Early,On Time
9.0,4.163597,Early,Somewhat Early
9.0,12.868028,Early,On Time
7.0,14.567852,Early,Somewhat Late
8.0,6.0495424,Early,Early
8.0,12.226071,Early,On Time
6.0,8.151371,Somewhat Early,Early
1.0,3.876688,Very Early,Somewhat Early
13.0,9.569199,On Time,On Time
6.0,12.254825,Somewhat Early,On Time
7.0,8.516247,Early,Early
4.0,5.0797486,Somewhat Early,Somewhat Early
9.0,15.291534,Early,Somewhat Late
9.0,8.057624,Early,Early
9.0,6.059406,Early,Early
4.0,5.7814198,Somewhat Early,Somewhat Early
5.0,8.983034,Somewhat Early,Early
3.0,3.8153565,Very Early,Somewhat Early
2.0,5.062939,Very Early,Somewhat Early
7.0,5.9796305,Early,Somewhat Early
10.0,8.421678,On Time,Early
10.0,9.816913,On Time,On Time
9.0,9.435205,Early,On Time
3.0,8.708415,Very Early,Early
4.0,5.574515,Somewhat Early,Somewhat Early
10.0,9.616337,On Time,On Time
4.0,6.6250677,Somewhat Early,Early
3.0,3.807581,Very Early,Somewhat Early
14.0,11.984418,On Time,On Time
5.0,7.67896,Somewhat Early,Early
6.0,9.270409,Somewhat Early,On Time
6.0,9.959947,Somewhat Early,On Time
11.0,7.2229815,On Time,Early
10.0,8.600935,On Time,Early
6.0,9.306644,Somewhat Early,On Time
17.0,17.003658,Somewhat Late,Somewhat Late
11.0,11.359446,On Time,On Time
8.0,7.7457447,Early,Early
8.0,8.084654,Early,Early
4.0,9.343361,Somewhat Early,On Time
12.0,14.614298,On Time,Somewhat Late
10.0,10.361189,On Time,On Time
22.0,16.198364,Very Late,Somewhat Late
6.0,4.389655,Somewhat Early,Somewhat Early
12.0,7.698447,On Time,Early
17.0,16.674673,Somewhat Late,Somewhat Late
14.0,11.468788,On Time,On Time
5.0,11.699854,Somewhat Early,On Time
9.0,4.703634,Early,Somewhat Early
5.0,15.3806925,Somewhat Early,Somewhat Late
9.0,8.564251,Early,Early
15.0,8.865368,Somewhat Late,Early
18.0,18.900885,Somewhat Late,Somewhat Late
1.0,4.65973,Very Early,Somewhat Early
10.0,8.097175,On Time,Early
26.0,20.60169,Very Late,Very Late
14.0,7.286049,On Time,Early
12.0,9.743022,On Time,On Time
8.0,6.114687,Early,Early
6.0,7.3215084,Somewhat Early,Early
22.0,11.120605,Very Late,On Time
22.0,15.820914,Very Late,Somewhat Late
11.0,9.557283,On Time,On Time
4.0,6.170508,Somewhat Early,Early
12.0,9.896173,On Time,On Time
25.0,17.452703,Very Late,Somewhat Late
11.0,15.0220175,On Time,Somewhat Late
13.0,11.080458,On Time,On Time
12.0,10.18256,On Time,On Time
15.0,11.038153,Somewhat Late,On Time
26.0,20.563942,Very Late,Very Late
7.0,7.6967535,Early,Early
7.0,13.909411,Early,On Time
9.0,10.284391,Early,On Time
3.0,5.830633,Very Early,Somewhat Early
8.0,8.190344,Early,Early
7.0,5.584342,Early,Somewhat Early
15.0,17.57369,Somewhat Late,Somewhat Late
21.0,19.976295,Very Late,Somewhat Late
5.0,4.5435658,Somewhat Early,Somewhat Early
22.0,15.650389,Very Late,Somewhat Late
3.0,4.0087276,Very Early,Somewhat Early
5.0,6.153846,Somewhat Early,Early
20.0,13.055877,Somewhat Late,On Time
6.0,7.89944,Somewhat Early,Early
12.0,7.1123466,On Time,Early
9.0,7.8725433,Early,Early
10.0,8.623862,On Time,Early
11.0,11.61327,On Time,On Time
16.0,5.9949613,Somewhat Late,Somewhat Early
1.0,16.067307,Very Early,Somewhat Late
23.0,10.741037,Very Late,On Time
12.0,14.242576,On Time,Somewhat Late
3.0,4.861158,Very Early,Somewhat Early
11.0,11.630302,On Time,On Time
3.0,3.974508,Very Early,Somewhat Early
1.0,4.0284743,Very Early,Somewhat Early
8.0,10.335497,Early,On Time
5.0,6.30912,Somewhat Early,Early
9.0,8.464082,Early,Early
8.0,9.623314,Early,On Time
8.0,9.205536,Early,On Time
8.0,8.878389,Early,Early
10.0,7.1960335,On Time,Early
21.0,13.676385,Very Late,On Time
12.0,12.739191,On Time,On Time
7.0,11.1150465,Early,On Time
6.0,4.611679,Somewhat Early,Somewhat Early
7.0,6.055179,Early,Early
11.0,10.494447,On Time,On Time
12.0,8.455875,On Time,Early
9.0,10.266028,Early,On Time
2.0,4.724866,Very Early,Somewhat Early
12.0,5.377118,On Time,Somewhat Early
6.0,10.60459,Somewhat Early,On Time
2.0,3.7935557,Very Early,Somewhat Early
23.0,17.464748,Very Late,Somewhat Late
18.0,16.339394,Somewhat Late,Somewhat Late
25.0,17.341331,Very Late,Somewhat Late
11.0,8.9223175,On Time,Early
4.0,3.7900925,Somewhat Early,Somewhat Early
13.0,9.645962,On Time,On Time
9.0,12.589911,Early,On Time
12.0,16.47788,On Time,Somewhat Late
3.0,4.2848554,Very Early,Somewhat Early
5.0,7.542898,Somewhat Early,Early
5.0,8.765549,Somewhat Early,Early
14.0,11.249891,On Time,On Time
5.0,5.3395195,Somewhat Early,Somewhat Early
10.0,4.0795617,On Time,Somewhat Early
4.0,6.4696903,Somewhat Early,Early
5.0,3.9835775,Somewhat Early,Somewhat Early
3.0,5.1157093,Very Early,Somewhat Early
7.0,5.7735972,Early,Somewhat Early
3.0,7.1133137,Very Early,Early
9.0,12.132557,Early,On Time
10.0,6.4053783,On Time,Early
6.0,3.7732415,Somewhat Early,Somewhat Early
11.0,11.655438,On Time,On Time
14.0,8.190117,On Time,Early
15.0,8.724447,Somewhat Late,Early
10.0,8.015489,On Time,Early
14.0,11.040349,On Time,On Time
14.0,9.432503,On Time,On Time
4.0,7.6490426,Somewhat Early,Early
12.0,10.654196,On Time,On Time
18.0,25.249678,Somewhat Late,Very Late
14.0,8.232109,On Time,Early
11.0,10.0757265,On Time,On Time
14.0,7.9488754,On Time,Early
11.0,11.60974,On Time,On Time
12.0,15.120326,On Time,Somewhat Late
8.0,4.8934517,Early,Somewhat Early
17.0,15.909046,Somewhat Late,Somewhat Late
16.0,9.830499,Somewhat Late,On Time
16.0,9.2039795,Somewhat Late,On Time
7.0,7.956039,Early,Early
13.0,9.737279,On Time,On Time
2.0,3.7720718,Very Early,Somewhat Early
14.0,12.490435,On Time,On Time
18.0,10.750551,Somewhat Late,On Time
26.0,14.833522,Very Late,Somewhat Late
9.0,12.497325,Early,On Time
12.0,13.3000145,On Time,On Time
17.0,10.939904,Somewhat Late,On Time
1.0,3.7953317,Very Early,Somewhat Early
4.0,3.7910402,Somewhat Early,Somewhat Early
20.0,15.436433,Somewhat Late,Somewhat Late
5.0,7.0418377,Somewhat Early,Early
13.0,9.498457,On Time,On Time
11.0,9.05686,On Time,On Time
5.0,3.7880545,Somewhat Early,Somewhat Early
5.0,7.085127,Somewhat Early,Early
11.0,8.671775,On Time,Early
15.0,7.8797464,Somewhat Late,Early
11.0,12.638776,On Time,On Time
3.0,5.452809,Very Early,Somewhat Early
9.0,7.922055,Early,Early
6.0,10.775658,Somewhat Early,On Time
6.0,7.776681,Somewhat Early,Early
18.0,10.488013,Somewhat Late,On Time
11.0,15.15929,On Time,Somewhat Late
6.0,10.760985,Somewhat Early,On Time
4.0,3.8795197,Somewhat Early,Somewhat Early
16.0,9.174944,Somewhat Late,On Time
6.0,9.516543,Somewhat Early,On Time
14.0,13.8105545,On Time,On Time
5.0,3.7677298,Somewhat Early,Somewhat Early
12.0,11.214196,On Time,On Time
8.0,7.054446,Early,Early
19.0,19.314638,Somewhat Late,Somewhat Late
20.0,10.3783455,Somewhat Late,On Time
11.0,10.064826,On Time,On Time
5.0,9.261926,Somewhat Early,On Time
9.0,7.146641,Early,Early
5.0,5.855656,Somewhat Early,Somewhat Early
13.0,5.908982,On Time,Somewhat Early
15.0,13.144248,Somewhat Late,On Time
24.0,17.60948,Very Late,Somewhat Late
8.0,10.2482195,Early,On Time
7.0,6.9695234,Early,Early
13.0,8.857413,On Time,Early
15.0,11.33963,Somewhat Late,On Time
9.0,4.447679,Early,Somewhat Early
4.0,3.9297116,Somewhat Early,Somewhat Early
13.0,14.62191,On Time,Somewhat Late
8.0,7.701034,Early,Early
16.0,11.380294,Somewhat Late,On Time
6.0,7.2616568,Somewhat Early,Early
20.0,17.802168,Somewhat Late,Somewhat Late
15.0,15.024423,Somewhat Late,Somewhat Late
22.0,13.3592005,Very Late,On Time
6.0,9.860835,Somewhat Early,On Time
11.0,14.405212,On Time,Somewhat Late
12.0,13.800374,On Time,On Time
8.0,6.3904505,Early,Early
5.0,14.711801,Somewhat Early,Somewhat Late
25.0,23.16532,Very Late,Very Late
12.0,7.3507423,On Time,Early
5.0,9.414886,Somewhat Early,On Time
4.0,6.06908,Somewhat Early,Early
19.0,14.910081,Somewhat Late,Somewhat Late
7.0,3.91138,Early,Somewhat Early
7.0,7.032495,Early,Early
23.0,15.853532,Very Late,Somewhat Late
16.0,11.599932,Somewhat Late,On Time
13.0,12.744631,On Time,On Time
14.0,10.05437,On Time,On Time
5.0,8.922403,Somewhat Early,Early
10.0,10.525484,On Time,On Time
9.0,10.123154,Early,On Time
16.0,16.521349,Somewhat Late,Somewhat Late
9.0,9.888678,Early,On Time
24.0,12.361725,Very Late,On Time
4.0,5.2092133,Somewhat Early,Somewhat Early
13.0,12.531691,On Time,On Time
1.0,3.8715484,Very Early,Somewhat Early
1.0,6.8150845,Very Early,Early
15.0,18.439396,Somewhat Late,Somewhat Late
13.0,13.374258,On Time,On Time
16.0,12.684355,Somewhat Late,On Time
9.0,5.7151537,Early,Somewhat Early
15.0,13.041176,Somewhat Late,On Time
8.0,13.470625,Early,On Time
12.0,14.6837225,On Time,Somewhat Late
14.0,9.453751,On Time,On Time
1.0,4.71046,Very Early,Somewhat Early
8.0,7.634714,Early,Early
12.0,9.7396555,On Time,On Time
16.0,9.93455,Somewhat Late,On Time
1.0,3.79368,Very Early,Somewhat Early
2.0,3.7911777,Very Early,Somewhat Early
27.0,23.754217,Very Late,Very Late
23.0,19.89635,Very Late,Somewhat Late
6.0,7.823733,Somewhat Early,Early
4.0,5.314112,Somewhat Early,Somewhat Early
8.0,10.359926,Early,On Time
4.0,3.8969154,Somewhat Early,Somewhat Early
25.0,22.347797,Very Late,Very Late
8.0,12.116539,Early,On Time
9.0,9.335374,Early,On Time
5.0,7.3298273,Somewhat Early,Early
7.0,7.360487,Early,Early
12.0,8.685875,On Time,Early
14.0,20.813883,On Time,Very Late
6.0,7.072328,Somewhat Early,Early
12.0,7.740486,On Time,Early
12.0,11.030123,On Time,On Time
9.0,8.160867,Early,Early
5.0,3.7905529,Somewhat Early,Somewhat Early
10.0,7.5690765,On Time,Early
8.0,9.613249,Early,On Time
6.0,8.610015,Somewhat Early,Early
26.0,17.0879,Very Late,Somewhat Late
10.0,7.5518694,On Time,Early
4.0,8.4296875,Somewhat Early,Early
8.0,9.123657,Early,On Time
21.0,19.167427,Very Late,Somewhat Late
15.0,4.6243896,Somewhat Late,Somewhat Early
11.0,9.994737,On Time,On Time
21.0,14.309542,Very Late,Somewhat Late
15.0,11.577337,Somewhat Late,On Time
7.0,7.8386126,Early,Early
15.0,15.379271,Somewhat Late,Somewhat Late
15.0,12.277185,Somewhat Late,On Time
3.0,6.1557064,Very Early,Early
12.0,8.633286,On Time,Early
3.0,3.9283693,Very Early,Somewhat Early
4.0,3.7957907,Somewhat Early,Somewhat Early
5.0,4.3899765,Somewhat Early,Somewhat Early
9.0,8.071839,Early,Early
9.0,9.115105,Early,On Time
12.0,9.764296,On Time,On Time
11.0,6.0188646,On Time,Early
8.0,11.844557,Early,On Time
9.0,11.927445,Early,On Time
14.0,8.139224,On Time,Early
13.0,8.394609,On Time,Early
11.0,6.536151,On Time,Early
2.0,3.8652704,Very Early,Somewhat Early
4.0,4.436891,Somewhat Early,Somewhat Early
5.0,6.8074923,Somewhat Early,Early
7.0,3.8125777,Early,Somewhat Early
26.0,18.274698,Very Late,Somewhat Late
2.0,8.894822,Very Early,Early
4.0,3.8014343,Somewhat Early,Somewhat Early
14.0,13.2747555,On Time,On Time
7.0,12.755634,Early,On Time
13.0,11.055394,On Time,On Time
4.0,6.6759353,Somewhat Early,Early
16.0,7.524832,Somewhat Late,Early
5.0,3.8137739,Somewhat Early,Somewhat Early
9.0,4.674062,Early,Somewhat Early
23.0,24.337513,Very Late,Very Late
13.0,9.474102,On Time,On Time
10.0,7.5255194,On Time,Early
13.0,16.178925,On Time,Somewhat Late
4.0,7.711933,Somewhat Early,Early
15.0,17.59996,Somewhat Late,Somewhat Late
18.0,19.774807,Somewhat Late,Somewhat Late
17.0,14.741873,Somewhat Late,Somewhat Late
22.0,19.918104,Very Late,Somewhat Late
12.0,13.960522,On Time,On Time
13.0,11.515939,On Time,On Time
6.0,3.8809905,Somewhat Early,Somewhat Early
6.0,4.641067,Somewhat Early,Somewhat Early
25.0,14.598073,Very Late,Somewhat Late
9.0,10.501697,Early,On Time
20.0,16.151886,Somewhat Late,Somewhat Late
11.0,16.659018,On Time,Somewhat Late
12.0,10.562059,On Time,On Time
7.0,11.294849,Early,On Time
12.0,15.429332,On Time,Somewhat Late
23.0,20.66973,Very Late,Very Late
6.0,5.3935924,Somewhat Early,Somewhat Early
15.0,6.919591,Somewhat Late,Early
20.0,16.835894,Somewhat Late,Somewhat Late
9.0,7.854296,Early,Early
2.0,4.431653,Very Early,Somewhat Early
8.0,5.811524,Early,Somewhat Early
19.0,16.783367,Somewhat Late,Somewhat Late
3.0,8.006187,Very Early,Early
10.0,5.9710994,On Time,Somewhat Early
11.0,8.632537,On Time,Early
13.0,13.380485,On Time,On Time
14.0,13.92946,On Time,On Time
16.0,14.965852,Somewhat Late,Somewhat Late
5.0,8.647954,Somewhat Early,Early
7.0,6.9635305,Early,Early
6.0,10.522853,Somewhat Early,On Time
2.0,3.796947,Very Early,Somewhat Early
9.0,5.619477,Early,Somewhat Early
3.0,3.794135,Very Early,Somewhat Early
17.0,8.7926855,Somewhat Late,Early
8.0,7.030105,Early,Early
1.0,5.8812346,Very Early,Somewhat Early
5.0,8.732436,Somewhat Early,Early
8.0,10.922107,Early,On Time
7.0,9.743992,Early,On Time
14.0,12.858357,On Time,On Time
8.0,7.7720094,Early,Early
6.0,8.10295,Somewhat Early,Early
23.0,14.605301,Very Late,Somewhat Late
3.0,6.3844976,Very Early,Early
2.0,3.8077419,Very Early,Somewhat Early
4.0,5.827741,Somewhat Early,Somewhat Early
23.0,16.859577,Very Late,Somewhat Late
9.0,8.232408,Early,Early
10.0,5.109272,On Time,Somewhat Early
19.0,18.03548,Somewhat Late,Somewhat Late
10.0,13.788989,On Time,On Time
7.0,6.2606463,Early,Early
8.0,7.580966,Early,Early
7.0,3.9004903,Early,Somewhat Early
11.0,7.415038,On Time,Early
23.0,13.772036,Very Late,On Time
5.0,9.157913,Somewhat Early,On Time
4.0,9.110389,Somewhat Early,On Time
21.0,21.789042,Very Late,Very Late
13.0,6.7037497,On Time,Early
22.0,17.933378,Very Late,Somewhat Late
23.0,14.904273,Very Late,Somewhat Late
3.0,3.800928,Very Early,Somewhat Early
7.0,12.123488,Early,On Time
4.0,6.073178,Somewhat Early,Early
17.0,15.299881,Somewhat Late,Somewhat Late
3.0,10.1310835,Very Early,On Time
6.0,9.8257885,Somewhat Early,On Time
9.0,4.5312285,Early,Somewhat Early
23.0,20.306915,Very Late,Very Late
4.0,6.8437786,Somewhat Early,Early
10.0,6.218569,On Time,Early
22.0,16.19563,Very Late,Somewhat Late
15.0,11.139251,Somewhat Late,On Time
12.0,12.15321,On Time,On Time
1.0,7.8722677,Very Early,Early
3.0,8.146327,Very Early,Early
10.0,9.42114,On Time,On Time
5.0,7.438301,Somewhat Early,Early
12.0,14.957954,On Time,Somewhat Late
18.0,9.372308,Somewhat Late,On Time
1.0,4.3119864,Very Early,Somewhat Early
19.0,11.403191,Somewhat Late,On Time
18.0,16.280336,Somewhat Late,Somewhat Late
19.0,16.146568,Somewhat Late,Somewhat Late
19.0,9.527958,Somewhat Late,On Time
8.0,8.2800045,Early,Early
20.0,16.863813,Somewhat Late,Somewhat Late
6.0,6.635708,Somewhat Early,Early
10.0,12.223739,On Time,On Time
5.0,9.443668,Somewhat Early,On Time
9.0,7.765727,Early,Early
14.0,14.504622,On Time,Somewhat Late
4.0,3.8679523,Somewhat Early,Somewhat Early
24.0,25.467155,Very Late,Very Late
11.0,9.786745,On Time,On Time
6.0,6.79582,Somewhat Early,Early
6.0,3.795102,Somewhat Early,Somewhat Early
11.0,7.492655,On Time,Early
3.0,4.37499,Very Early,Somewhat Early
23.0,14.585347,Very Late,Somewhat Late
1.0,3.992359,Very Early,Somewhat Early
7.0,11.604158,Early,On Time
13.0,12.799616,On Time,On Time
5.0,6.9055614,Somewhat Early,Early
14.0,11.68566,On Time,On Time
8.0,6.15151,Early,Early
2.0,5.076699,Very Early,Somewhat Early
28.0,27.176191,Very Late,Very Late
10.0,11.029215,On Time,On Time
8.0,7.2212486,Early,Early
5.0,5.742459,Somewhat Early,Somewhat Early
2.0,3.8263571,Very Early,Somewhat Early
9.0,10.472578,Early,On Time
8.0,7.4135094,Early,Early
12.0,12.560071,On Time,On Time
1.0,4.3713346,Very Early,Somewhat Early
7.0,10.500739,Early,On Time
7.0,9.919668,Early,On Time
13.0,9.846416,On Time,On Time
27.0,21.47126,Very Late,Very Late
18.0,15.542243,Somewhat Late,Somewhat Late
9.0,9.009983,Early,On Time
3.0,3.774366,Very Early,Somewhat Early
7.0,8.90469,Early,Early
12.0,6.6755953,On Time,Early
7.0,5.747141,Early,Somewhat Early
2.0,4.530475,Very Early,Somewhat Early
4.0,5.7418175,Somewhat Early,Somewhat Early
4.0,7.038761,Somewhat Early,Early
7.0,9.372226,Early,On Time
23.0,25.964653,Very Late,Very Late
8.0,7.6462073,Early,Early
9.0,13.504923,Early,On Time
6.0,12.934822,Somewhat Early,On Time
4.0,8.868783,Somewhat Early,Early
5.0,6.250579,Somewhat Early,Early
10.0,8.047658,On Time,Early
6.0,8.179507,Somewhat Early,Early
8.0,3.8044746,Early,Somewhat Early
8.0,5.27983,Early,Somewhat Early
6.0,8.895447,Somewhat Early,Early
13.0,3.8448448,On Time,Somewhat Early
5.0,4.6034675,Somewhat Early,Somewhat Early
27.0,23.496565,Very Late,Very Late
27.0,19.51977,Very Late,Somewhat Late
19.0,13.129309,Somewhat Late,On Time
8.0,5.5689945,Early,Somewhat Early
11.0,7.768913,On Time,Early
3.0,3.9174685,Very Early,Somewhat Early
18.0,13.495975,Somewhat Late,On Time
6.0,8.155653,Somewhat Early,Early
17.0,18.43486,Somewhat Late,Somewhat Late
5.0,3.9011557,Somewhat Early,Somewhat Early
7.0,7.828005,Early,Early
1.0,3.7789493,Very Early,Somewhat Early
6.0,3.8306508,Somewhat Early,Somewhat Early
11.0,8.747911,On Time,Early
14.0,10.970339,On Time,On Time
25.0,17.075987,Very Late,Somewhat Late
6.0,13.210038,Somewhat Early,On Time
5.0,8.965948,Somewhat Early,Early
5.0,9.905078,Somewhat Early,On Time
5.0,4.528009,Somewhat Early,Somewhat Early
10.0,11.709732,On Time,On Time
14.0,14.155582,On Time,Somewhat Late
2.0,3.7777925,Very Early,Somewhat Early
5.0,3.7913356,Somewhat Early,Somewhat Early
11.0,9.450936,On Time,On Time
7.0,9.72641,Early,On Time
20.0,16.58008,Somewhat Late,Somewhat Late
9.0,9.355573,Early,On Time
5.0,8.221003,Somewhat Early,Early
7.0,7.9639397,Early,Early
10.0,8.39338,On Time,Early
7.0,4.3921266,Early,Somewhat Early
3.0,4.3084908,Very Early,Somewhat Early
11.0,8.267344,On Time,Early
9.0,6.221337,Early,Early
16.0,13.556433,Somewhat Late,On Time
15.0,17.53352,Somewhat Late,Somewhat Late
3.0,3.8059707,Very Early,Somewhat Early
16.0,12.994626,Somewhat Late,On Time
10.0,13.161996,On Time,On Time
21.0,12.794452,Very Late,On Time
8.0,3.7907856,Early,Somewhat Early
11.0,13.028864,On Time,On Time
4.0,6.237561,Somewhat Early,Early
8.0,10.53171,Early,On Time
8.0,6.7541013,Early,Early
19.0,16.709253,Somewhat Late,Somewhat Late
8.0,15.864657,Early,Somewhat Late
10.0,4.8320546,On Time,Somewhat Early
11.0,10.348741,On Time,On Time
8.0,7.346691,Early,Early
4.0,5.873828,Somewhat Early,Somewhat Early
23.0,18.693317,Very Late,Somewhat Late
26.0,13.768587,Very Late,On Time
8.0,8.930303,Early,Early
24.0,7.81736,Very Late,Early
3.0,5.49317,Very Early,Somewhat Early
7.0,9.331788,Early,On Time
6.0,7.5174527,Somewhat Early,Early
4.0,3.8007095,Somewhat Early,Somewhat Early
5.0,8.644812,Somewhat Early,Early
8.0,4.332283,Early,Somewhat Early
17.0,14.712189,Somewhat Late,Somewhat Late
2.0,3.8050036,Very Early,Somewhat Early
5.0,6.068561,Somewhat Early,Early
5.0,7.055601,Somewhat Early,Early
10.0,7.650413,On Time,Early
6.0,5.623618,Somewhat Early,Somewhat Early
6.0,4.907277,Somewhat Early,Somewhat Early
25.0,13.32073,Very Late,On Time
7.0,7.750301,Early,Early
11.0,14.535668,On Time,Somewhat Late
6.0,4.8331995,Somewhat Early,Somewhat Early
4.0,5.5316706,Somewhat Early,Somewhat Early
6.0,8.093406,Somewhat Early,Early
13.0,11.522013,On Time,On Time
2.0,10.26243,Very Early,On Time
13.0,5.4892125,On Time,Somewhat Early
12.0,8.057619,On Time,Early
5.0,9.321176,Somewhat Early,On Time
7.0,7.3871017,Early,Early
6.0,10.933846,Somewhat Early,On Time
15.0,10.337938,Somewhat Late,On Time
13.0,7.773367,On Time,Early
11.0,10.756418,On Time,On Time
10.0,10.120755,On Time,On Time
24.0,13.547686,Very Late,On Time
13.0,14.648204,On Time,Somewhat Late
17.0,4.080349,Somewhat Late,Somewhat Early
5.0,8.076945,Somewhat Early,Early
6.0,7.276046,Somewhat Early,Early
15.0,12.368862,Somewhat Late,On Time
15.0,11.033452,Somewhat Late,On Time
8.0,8.970388,Early,Early
8.0,8.883439,Early,Early
2.0,4.6590834,Very Early,Somewhat Early
15.0,8.490531,Somewhat Late,Early
9.0,9.96335,Early,On Time
2.0,3.794456,Very Early,Somewhat Early
28.0,21.590132,Very Late,Very Late
1.0,7.9083586,Very Early,Early
7.0,3.783091,Early,Somewhat Early
3.0,4.2940598,Very Early,Somewhat Early
16.0,11.105064,Somewhat Late,On Time
8.0,10.096126,Early,On Time
14.0,12.226538,On Time,On Time
8.0,8.052877,Early,Early
6.0,14.272396,Somewhat Early,Somewhat Late
5.0,8.102348,Somewhat Early,Early
3.0,7.365193,Very Early,Early
3.0,3.936202,Very Early,Somewhat Early
3.0,11.550032,Very Early,On Time
8.0,9.50771,Early,On Time
17.0,12.465389,Somewhat Late,On Time
10.0,10.788901,On Time,On Time
4.0,10.910206,Somewhat Early,On Time
6.0,11.010893,Somewhat Early,On Time
6.0,4.0558324,Somewhat Early,Somewhat Early
6.0,7.6148663,Somewhat Early,Early
18.0,7.9622817,Somewhat Late,Early
7.0,6.81907,Early,Early
14.0,5.7472105,On Time,Somewhat Early
5.0,3.8969505,Somewhat Early,Somewhat Early
13.0,11.694077,On Time,On Time
12.0,16.22916,On Time,Somewhat Late
21.0,17.199215,Very Late,Somewhat Late
12.0,8.051547,On Time,Early
8.0,20.098606,Early,Very Late
13.0,6.561624,On Time,Early
17.0,11.379259,Somewhat Late,On Time
24.0,19.062073,Very Late,Somewhat Late
8.0,8.987759,Early,Early
18.0,17.067272,Somewhat Late,Somewhat Late
15.0,5.0158844,Somewhat Late,Somewhat Early
14.0,14.179779,On Time,Somewhat Late
10.0,7.5738025,On Time,Early
6.0,5.8163743,Somewhat Early,Somewhat Early
9.0,7.9412756,Early,Early
14.0,18.323902,On Time,Somewhat Late
15.0,11.63987,Somewhat Late,On Time
5.0,7.6959324,Somewhat Early,Early
15.0,7.457568,Somewhat Late,Early
18.0,15.301321,Somewhat Late,Somewhat Late
11.0,10.841417,On Time,On Time
2.0,4.942866,Very Early,Somewhat Early
14.0,11.199669,On Time,On Time
8.0,8.275548,Early,Early
5.0,6.21103,Somewhat Early,Early
6.0,10.4934225,Somewhat Early,On Time
13.0,8.583188,On Time,Early
13.0,6.486643,On Time,Early
20.0,17.866962,Somewhat Late,Somewhat Late
9.0,9.525455,Early,On Time
28.0,26.952875,Very Late,Very Late
14.0,14.21089,On Time,Somewhat Late
11.0,4.995516,On Time,Somewhat Early
8.0,8.8904295,Early,Early
6.0,8.320675,Somewhat Early,Early
8.0,5.5707645,Early,Somewhat Early
11.0,8.515867,On Time,Early
13.0,9.363271,On Time,On Time
13.0,7.0150385,On Time,Early
8.0,6.7993007,Early,Early
11.0,5.342973,On Time,Somewhat Early
8.0,8.664088,Early,Early
19.0,17.01965,Somewhat Late,Somewhat Late
8.0,10.774256,Early,On Time
11.0,13.77578,On Time,On Time
18.0,19.63707,Somewhat Late,Somewhat Late
12.0,13.734407,On Time,On Time
21.0,14.357325,Very Late,Somewhat Late
5.0,7.39885,Somewhat Early,Early
6.0,10.363928,Somewhat Early,On Time
12.0,9.530147,On Time,On Time
8.0,7.8346367,Early,Early
19.0,14.204922,Somewhat Late,Somewhat Late
13.0,9.833392,On Time,On Time
5.0,4.376557,Somewhat Early,Somewhat Early
15.0,5.0178094,Somewhat Late,Somewhat Early
6.0,3.773049,Somewhat Early,Somewhat Early
2.0,6.217029,Very Early,Early
7.0,5.6927633,Early,Somewhat Early
20.0,13.799445,Somewhat Late,On Time
16.0,10.592982,Somewhat Late,On Time
8.0,13.789027,Early,On Time
16.0,14.592175,Somewhat Late,Somewhat Late
1.0,3.7981756,Very Early,Somewhat Early
10.0,11.296049,On Time,On Time
19.0,13.739435,Somewhat Late,On Time
8.0,7.346201,Early,Early
5.0,7.4197025,Somewhat Early,Early
17.0,16.161072,Somewhat Late,Somewhat Late
12.0,13.223227,On Time,On Time
5.0,10.372177,Somewhat Early,On Time
24.0,7.7275715,Very Late,Early
5.0,7.5611653,Somewhat Early,Early
18.0,14.070887,Somewhat Late,Somewhat Late
5.0,5.048562,Somewhat Early,Somewhat Early
24.0,20.675716,Very Late,Very Late
12.0,16.23548,On Time,Somewhat Late
14.0,13.254138,On Time,On Time
10.0,9.697448,On Time,On Time
17.0,9.645384,Somewhat Late,On Time
3.0,3.7918625,Very Early,Somewhat Early
5.0,3.9585743,Somewhat Early,Somewhat Early
6.0,8.497159,Somewhat Early,Early
13.0,8.343561,On Time,Early
26.0,22.3217,Very Late,Very Late
14.0,19.487923,On Time,Somewhat Late
11.0,6.5312715,On Time,Early
8.0,5.333515,Early,Somewhat Early
5.0,5.4014134,Somewhat Early,Somewhat Early
8.0,5.748405,Early,Somewhat Early
6.0,9.477605,Somewhat Early,On Time
2.0,4.418139,Very Early,Somewhat Early
2.0,4.631704,Very Early,Somewhat Early
6.0,8.705527,Somewhat Early,Early
4.0,8.370929,Somewhat Early,Early
7.0,7.439107,Early,Early
5.0,12.709967,Somewhat Early,On Time
9.0,3.937047,Early,Somewhat Early
5.0,8.786033,Somewhat Early,Early
5.0,3.798678,Somewhat Early,Somewhat Early
6.0,10.362723,Somewhat Early,On Time
6.0,8.318478,Somewhat Early,Early
4.0,10.592922,Somewhat Early,On Time
2.0,9.256307,Very Early,On Time
7.0,9.753968,Early,On Time
15.0,8.991346,Somewhat Late,Early
20.0,18.390408,Somewhat Late,Somewhat Late
21.0,21.265589,Very Late,Very Late
8.0,9.814945,Early,On Time
11.0,10.03919,On Time,On Time
3.0,3.7867522,Very Early,Somewhat Early
12.0,11.563324,On Time,On Time
7.0,7.69203,Early,Early
19.0,5.7782254,Somewhat Late,Somewhat Early
10.0,6.0199127,On Time,Early
1.0,4.534565,Very Early,Somewhat Early
12.0,10.168795,On Time,On Time
10.0,7.169839,On Time,Early
5.0,9.888176,Somewhat Early,On Time
7.0,6.843922,Early,Early
13.0,8.228922,On Time,Early
12.0,9.141674,On Time,On Time
9.0,4.168664,Early,Somewhat Early
7.0,8.9775,Early,Early
16.0,7.7975326,Somewhat Late,Early
8.0,3.9313216,Early,Somewhat Early
8.0,9.397939,Early,On Time
2.0,4.734184,Very Early,Somewhat Early
9.0,9.272163,Early,On Time
6.0,4.2507005,Somewhat Early,Somewhat Early
9.0,7.279816,Early,Early
6.0,4.6361938,Somewhat Early,Somewhat Early
9.0,6.181461,Early,Early
9.0,9.046002,Early,On Time
8.0,6.968622,Early,Early
24.0,23.041807,Very Late,Very Late
8.0,11.756844,Early,On Time
20.0,12.904271,Somewhat Late,On Time
18.0,6.577629,Somewhat Late,Early
8.0,3.7934723,Early,Somewhat Early
7.0,6.138541,Early,Early
13.0,13.705257,On Time,On Time
27.0,19.93766,Very Late,Somewhat Late
9.0,5.871565,Early,Somewhat Early
17.0,8.927199,Somewhat Late,Early
12.0,8.970516,On Time,Early
6.0,4.010919,Somewhat Early,Somewhat Early
5.0,10.452662,Somewhat Early,On Time
18.0,14.820517,Somewhat Late,Somewhat Late
5.0,9.650859,Somewhat Early,On Time
2.0,3.848051,Very Early,Somewhat Early
14.0,4.213455,On Time,Somewhat Early
5.0,3.9496143,Somewhat Early,Somewhat Early
14.0,9.811048,On Time,On Time
13.0,10.18794,On Time,On Time
12.0,10.294813,On Time,On Time
12.0,13.033761,On Time,On Time
16.0,13.220466,Somewhat Late,On Time
9.0,10.56373,Early,On Time
8.0,9.104177,Early,On Time
26.0,11.486407,Very Late,On Time
6.0,7.8152637,Somewhat Early,Early
5.0,8.991716,Somewhat Early,Early
8.0,8.2987175,Early,Early
7.0,6.9700465,Early,Early
15.0,8.678617,Somewhat Late,Early
5.0,7.441956,Somewhat Early,Early
7.0,6.217194,Early,Early
17.0,19.588028,Somewhat Late,Somewhat Late
12.0,10.368457,On Time,On Time
3.0,3.8457372,Very Early,Somewhat Early
15.0,14.809525,Somewhat Late,Somewhat Late
12.0,14.589998,On Time,Somewhat Late
8.0,7.608719,Early,Early
11.0,15.934881,On Time,Somewhat Late
5.0,6.1081524,Somewhat Early,Early
8.0,9.650023,Early,On Time
8.0,8.926453,Early,Early
10.0,16.013346,On Time,Somewhat Late
17.0,18.817507,Somewhat Late,Somewhat Late
12.0,9.418195,On Time,On Time
8.0,6.9198427,Early,Early
6.0,9.792868,Somewhat Early,On Time
9.0,6.8371415,Early,Early
16.0,3.9270082,Somewhat Late,Somewhat Early
26.0,22.298338,Very Late,Very Late
7.0,13.233953,Early,On Time
9.0,9.878339,Early,On Time
7.0,6.7824855,Early,Early
10.0,13.379229,On Time,On Time
12.0,7.8134375,On Time,Early
2.0,3.7889364,Very Early,Somewhat Early
16.0,13.972817,Somewhat Late,On Time
6.0,6.6502976,Somewhat Early,Early
3.0,4.217697,Very Early,Somewhat Early
9.0,6.7343125,Early,Early
1.0,4.7821074,Very Early,Somewhat Early
13.0,8.925821,On Time,Early
5.0,6.1991563,Somewhat Early,Early
8.0,8.869865,Early,Early
7.0,11.317468,Early,On Time
19.0,18.353834,Somewhat Late,Somewhat Late
11.0,7.471255,On Time,Early
19.0,17.171312,Somewhat Late,Somewhat Late
14.0,10.649919,On Time,On Time
11.0,6.5609145,On Time,Early
6.0,12.206662,Somewhat Early,On Time
3.0,5.487974,Very Early,Somewhat Early
12.0,3.9383278,On Time,Somewhat Early
2.0,3.8613484,Very Early,Somewhat Early
17.0,11.867914,Somewhat Late,On Time
6.0,10.351932,Somewhat Early,On Time
7.0,11.77286,Early,On Time
10.0,12.381836,On Time,On Time
4.0,3.8140764,Somewhat Early,Somewhat Early
9.0,9.223393,Early,On Time
8.0,5.971886,Early,Somewhat Early
10.0,9.5736,On Time,On Time
17.0,15.941683,Somewhat Late,Somewhat Late
6.0,9.552647,Somewhat Early,On Time
6.0,8.918235,Somewhat Early,Early
11.0,7.9629083,On Time,Early
4.0,4.891876,Somewhat Early,Somewhat Early
1.0,3.878016,Very Early,Somewhat Early
14.0,7.558385,On Time,Early
17.0,11.350601,Somewhat Late,On Time
5.0,8.549342,Somewhat Early,Early
6.0,7.296589,Somewhat Early,Early
4.0,4.2336416,Somewhat Early,Somewhat Early
10.0,8.664408,On Time,Early
6.0,7.2575483,Somewhat Early,Early
7.0,9.579051,Early,On Time
15.0,15.496728,Somewhat Late,Somewhat Late
6.0,9.21313,Somewhat Early,On Time
9.0,7.6011777,Early,Early
12.0,9.313788,On Time,On Time
2.0,4.211834,Very Early,Somewhat Early
4.0,5.108887,Somewhat Early,Somewhat Early
12.0,7.412508,On Time,Early
14.0,13.777343,On Time,On Time
4.0,11.846708,Somewhat Early,On Time
15.0,14.78657,Somewhat Late,Somewhat Late
7.0,19.630964,Early,Somewhat Late
22.0,11.497543,Very Late,On Time
14.0,17.392605,On Time,Somewhat Late
13.0,9.8151865,On Time,On Time
7.0,7.5013723,Early,Early
13.0,6.8604207,On Time,Early
14.0,10.668344,On Time,On Time
15.0,8.516922,Somewhat Late,Early
10.0,7.9134564,On Time,Early
7.0,10.974759,Early,On Time
18.0,12.276514,Somewhat Late,On Time
11.0,8.758238,On Time,Early
12.0,9.779446,On Time,On Time
15.0,8.196127,Somewhat Late,Early
15.0,16.588833,Somewhat Late,Somewhat Late
15.0,11.276093,Somewhat Late,On Time
17.0,12.033727,Somewhat Late,On Time
4.0,4.590525,Somewhat Early,Somewhat Early
15.0,17.872923,Somewhat Late,Somewhat Late
3.0,6.396102,Very Early,Early
2.0,3.8537893,Very Early,Somewhat Early
3.0,7.6598167,Very Early,Early
11.0,11.306527,On Time,On Time
8.0,7.243921,Early,Early
10.0,12.081408,On Time,On Time
15.0,18.590113,Somewhat Late,Somewhat Late
19.0,13.536222,Somewhat Late,On Time
8.0,8.659815,Early,Early
10.0,9.2984,On Time,On Time
12.0,8.539526,On Time,Early
8.0,9.066847,Early,On Time
16.0,11.381995,Somewhat Late,On Time
18.0,8.653087,Somewhat Late,Early
7.0,14.026987,Early,Somewhat Late
12.0,17.157383,On Time,Somewhat Late
8.0,7.734063,Early,Early
7.0,4.635502,Early,Somewhat Early
17.0,15.37277,Somewhat Late,Somewhat Late
16.0,9.54868,Somewhat Late,On Time
9.0,8.158934,Early,Early
15.0,5.4644957,Somewhat Late,Somewhat Early
10.0,10.162809,On Time,On Time
9.0,10.35601,Early,On Time
10.0,10.120755,On Time,On Time
8.0,13.099574,Early,On Time
1.0,3.954354,Very Early,Somewhat Early
3.0,5.627988,Very Early,Somewhat Early
8.0,9.4651165,Early,On Time
2.0,5.3744903,Very Early,Somewhat Early
5.0,6.901335,Somewhat Early,Early
15.0,13.391836,Somewhat Late,On Time
8.0,9.346785,Early,On Time
14.0,10.504629,On Time,On Time
3.0,8.897306,Very Early,Early
11.0,11.102418,On Time,On Time
8.0,7.9041348,Early,Early
12.0,8.282381,On Time,Early
7.0,8.43421,Early,Early
14.0,9.069542,On Time,On Time
15.0,12.6761875,Somewhat Late,On Time
3.0,3.7894113,Very Early,Somewhat Early
7.0,7.2414007,Early,Early
11.0,10.76835,On Time,On Time
4.0,9.142483,Somewhat Early,On Time
11.0,10.358197,On Time,On Time
2.0,4.658997,Very Early,Somewhat Early
4.0,3.8617785,Somewhat Early,Somewhat Early
8.0,7.815178,Early,Early
18.0,18.556839,Somewhat Late,Somewhat Late
13.0,7.8725023,On Time,Early
9.0,6.295928,Early,Early
10.0,7.639373,On Time,Early
11.0,14.986374,On Time,Somewhat Late
2.0,5.0834985,Very Early,Somewhat Early
8.0,6.9181886,Early,Early
6.0,3.8083298,Somewhat Early,Somewhat Early
9.0,9.054142,Early,On Time
8.0,9.550091,Early,On Time
7.0,3.7782917,Early,Somewhat Early
6.0,4.0815187,Somewhat Early,Somewhat Early
6.0,3.9859679,Somewhat Early,Somewhat Early
6.0,4.790758,Somewhat Early,Somewhat Early
5.0,8.72776,Somewhat Early,Early
7.0,9.498364,Early,On Time
7.0,8.580289,Early,Early
8.0,5.2121735,Early,Somewhat Early
3.0,6.1047688,Very Early,Early
7.0,6.516239,Early,Early
13.0,5.6642714,On Time,Somewhat Early
10.0,5.11933,On Time,Somewhat Early
12.0,11.314059,On Time,On Time
19.0,9.921765,Somewhat Late,On Time
9.0,8.456576,Early,Early
11.0,13.45536,On Time,On Time
20.0,18.42619,Somewhat Late,Somewhat Late
28.0,22.114729,Very Late,Very Late
8.0,10.664093,Early,On Time
3.0,4.0439796,Very Early,Somewhat Early
12.0,12.168759,On Time,On Time
13.0,21.960148,On Time,Very Late
12.0,15.086605,On Time,Somewhat Late
14.0,7.9560156,On Time,Early
7.0,7.4523277,Early,Early
27.0,23.65952,Very Late,Very Late
8.0,8.415455,Early,Early
7.0,7.020152,Early,Early
10.0,8.650786,On Time,Early
21.0,18.610592,Very Late,Somewhat Late
26.0,20.563942,Very Late,Very Late
21.0,7.2999945,Very Late,Early
8.0,5.9070253,Early,Somewhat Early
18.0,5.8035736,Somewhat Late,Somewhat Early
21.0,17.900085,Very Late,Somewhat Late
22.0,9.0658455,Very Late,On Time
3.0,7.600412,Very Early,Early
5.0,3.7900956,Somewhat Early,Somewhat Early
5.0,8.369781,Somewhat Early,Early
15.0,14.746982,Somewhat Late,Somewhat Late
7.0,8.904665,Early,Early
10.0,8.144783,On Time,Early
1.0,3.901772,Very Early,Somewhat Early
7.0,9.286946,Early,On Time
8.0,7.156458,Early,Early
6.0,9.901551,Somewhat Early,On Time
11.0,6.9844394,On Time,Early
13.0,4.643777,On Time,Somewhat Early
13.0,14.838916,On Time,Somewhat Late
3.0,7.890272,Very Early,Early
4.0,14.230444,Somewhat Early,Somewhat Late
7.0,3.7805917,Early,Somewhat Early
7.0,15.5288515,Early,Somewhat Late
7.0,6.7577286,Early,Early
6.0,6.4112573,Somewhat Early,Early
12.0,5.7686467,On Time,Somewhat Early
7.0,5.1979203,Early,Somewhat Early
11.0,8.4014435,On Time,Early
5.0,5.5490255,Somewhat Early,Somewhat Early
2.0,3.8161721,Very Early,Somewhat Early
5.0,8.10792,Somewhat Early,Early
5.0,4.5600243,Somewhat Early,Somewhat Early
17.0,12.296687,Somewhat Late,On Time
6.0,8.683941,Somewhat Early,Early
15.0,13.421558,Somewhat Late,On Time
9.0,7.896923,Early,Early
14.0,11.629823,On Time,On Time
4.0,3.9324121,Somewhat Early,Somewhat Early
12.0,8.388853,On Time,Early
11.0,5.373517,On Time,Somewhat Early
15.0,4.798007,Somewhat Late,Somewhat Early
10.0,15.966347,On Time,Somewhat Late
8.0,10.81739,Early,On Time
13.0,13.45409,On Time,On Time
10.0,7.615676,On Time,Early
13.0,7.7598457,On Time,Early
5.0,8.863141,Somewhat Early,Early
3.0,3.8626919,Very Early,Somewhat Early
3.0,7.2328324,Very Early,Early
6.0,11.51693,Somewhat Early,On Time
15.0,14.482474,Somewhat Late,Somewhat Late
10.0,9.2796,On Time,On Time
4.0,5.883021,Somewhat Early,Somewhat Early
11.0,9.810231,On Time,On Time
1.0,8.757944,Very Early,Early
15.0,7.0989075,Somewhat Late,Early
2.0,3.8659084,Very Early,Somewhat Early
1.0,3.7987468,Very Early,Somewhat Early
16.0,14.5837345,Somewhat Late,Somewhat Late
12.0,9.5631275,On Time,On Time
1.0,4.218949,Very Early,Somewhat Early
16.0,14.178043,Somewhat Late,Somewhat Late
13.0,3.8685987,On Time,Somewhat Early
2.0,3.7804008,Very Early,Somewhat Early
12.0,10.714539,On Time,On Time
12.0,13.874119,On Time,On Time
7.0,5.715237,Early,Somewhat Early
9.0,8.392292,Early,Early
12.0,9.559546,On Time,On Time
11.0,10.424586,On Time,On Time
11.0,16.481651,On Time,Somewhat Late
7.0,13.084763,Early,On Time
3.0,3.7889585,Very Early,Somewhat Early
24.0,22.3719,Very Late,Very Late
15.0,14.39662,Somewhat Late,Somewhat Late
7.0,8.199968,Early,Early
7.0,9.567762,Early,On Time
9.0,12.051882,Early,On Time
8.0,4.974675,Early,Somewhat Early
6.0,3.7771046,Somewhat Early,Somewhat Early
13.0,15.90205,On Time,Somewhat Late
6.0,11.887125,Somewhat Early,On Time
2.0,4.781408,Very Early,Somewhat Early
4.0,4.0622354,Somewhat Early,Somewhat Early
6.0,4.8326554,Somewhat Early,Somewhat Early
19.0,14.411136,Somewhat Late,Somewhat Late
10.0,13.122913,On Time,On Time
22.0,21.512806,Very Late,Very Late
4.0,4.564036,Somewhat Early,Somewhat Early
5.0,8.541567,Somewhat Early,Early
28.0,13.3547945,Very Late,On Time
8.0,9.493471,Early,On Time
13.0,6.5020266,On Time,Early
5.0,3.9506834,Somewhat Early,Somewhat Early
4.0,7.3126464,Somewhat Early,Early
2.0,3.8624578,Very Early,Somewhat Early
6.0,6.3483343,Somewhat Early,Early
11.0,9.14586,On Time,On Time
5.0,7.4405074,Somewhat Early,Early
13.0,7.6687737,On Time,Early
11.0,9.779578,On Time,On Time
26.0,15.777417,Very Late,Somewhat Late
8.0,6.3819675,Early,Early
14.0,14.127728,On Time,Somewhat Late
9.0,9.220088,Early,On Time
17.0,14.444434,Somewhat Late,Somewhat Late
10.0,10.897343,On Time,On Time
20.0,15.895083,Somewhat Late,Somewhat Late
9.0,8.561603,Early,Early
9.0,8.939837,Early,Early
10.0,9.119395,On Time,On Time
6.0,4.7038,Somewhat Early,Somewhat Early
8.0,9.767511,Early,On Time
6.0,6.704969,Somewhat Early,Early
13.0,8.158875,On Time,Early
17.0,9.182722,Somewhat Late,On Time
14.0,13.333658,On Time,On Time
10.0,4.6760817,On Time,Somewhat Early
12.0,11.850708,On Time,On Time
8.0,8.4874325,Early,Early
1.0,3.912983,Very Early,Somewhat Early
11.0,11.621594,On Time,On Time
8.0,7.9025817,Early,Early
9.0,5.5125656,Early,Somewhat Early
9.0,9.667617,Early,On Time
4.0,3.8889112,Somewhat Early,Somewhat Early
11.0,11.919966,On Time,On Time
7.0,8.868505,Early,Early
11.0,10.88846,On Time,On Time
1.0,3.8595848,Very Early,Somewhat Early
13.0,5.2898173,On Time,Somewhat Early
8.0,8.31067,Early,Early
7.0,6.659822,Early,Early
10.0,6.7809415,On Time,Early
28.0,19.14349,Very Late,Somewhat Late
12.0,5.6591835,On Time,Somewhat Early
2.0,5.1339154,Very Early,Somewhat Early
12.0,8.820198,On Time,Early
9.0,8.5834675,Early,Early
2.0,9.35101,Very Early,On Time
23.0,17.53015,Very Late,Somewhat Late
14.0,11.625249,On Time,On Time
4.0,9.115348,Somewhat Early,On Time
3.0,4.371312,Very Early,Somewhat Early
17.0,10.497786,Somewhat Late,On Time
7.0,10.08641,Early,On Time
6.0,7.626907,Somewhat Early,Early
17.0,8.629415,Somewhat Late,Early
2.0,3.8045354,Very Early,Somewhat Early
3.0,4.0371313,Very Early,Somewhat Early
15.0,13.098067,Somewhat Late,On Time
8.0,8.294479,Early,Early
17.0,13.530555,Somewhat Late,On Time
1.0,3.8766646,Very Early,Somewhat Early
6.0,18.937052,Somewhat Early,Somewhat Late
10.0,13.887438,On Time,On Time
4.0,3.8880324,Somewhat Early,Somewhat Early
9.0,7.907635,Early,Early
6.0,6.4004693,Somewhat Early,Early
12.0,11.422274,On Time,On Time
6.0,6.5216193,Somewhat Early,Early
7.0,18.261852,Early,Somewhat Late
4.0,3.811548,Somewhat Early,Somewhat Early
4.0,6.263204,Somewhat Early,Early
2.0,3.7849393,Very Early,Somewhat Early
25.0,17.893564,Very Late,Somewhat Late
3.0,11.130272,Very Early,On Time
24.0,12.0975275,Very Late,On Time
10.0,8.466549,On Time,Early
13.0,16.833727,On Time,Somewhat Late
7.0,7.546679,Early,Early
1.0,3.9532986,Very Early,Somewhat Early
12.0,9.101566,On Time,On Time
22.0,16.391518,Very Late,Somewhat Late
4.0,4.409905,Somewhat Early,Somewhat Early
11.0,20.382236,On Time,Very Late
11.0,9.056238,On Time,On Time
9.0,6.2826777,Early,Early
13.0,13.485684,On Time,On Time
3.0,3.9540515,Very Early,Somewhat Early
16.0,9.995,Somewhat Late,On Time
4.0,7.2599435,Somewhat Early,Early
12.0,12.39184,On Time,On Time
7.0,4.1262193,Early,Somewhat Early
5.0,4.878704,Somewhat Early,Somewhat Early
6.0,7.356883,Somewhat Early,Early
8.0,7.2421703,Early,Early
11.0,8.135104,On Time,Early
9.0,5.8490553,Early,Somewhat Early
6.0,6.844487,Somewhat Early,Early
28.0,25.735746,Very Late,Very Late
14.0,9.125007,On Time,On Time
2.0,6.324814,Very Early,Early
19.0,16.438816,Somewhat Late,Somewhat Late
8.0,14.792172,Early,Somewhat Late
8.0,4.811269,Early,Somewhat Early
13.0,11.149749,On Time,On Time
17.0,17.530598,Somewhat Late,Somewhat Late
15.0,10.363278,Somewhat Late,On Time
1.0,3.8251865,Very Early,Somewhat Early
24.0,15.428993,Very Late,Somewhat Late
4.0,6.686469,Somewhat Early,Early
8.0,11.468363,Early,On Time
8.0,9.84757,Early,On Time
9.0,9.811987,Early,On Time
10.0,10.032846,On Time,On Time
3.0,5.727002,Very Early,Somewhat Early
10.0,9.1675005,On Time,On Time
5.0,7.8281875,Somewhat Early,Early
19.0,17.052202,Somewhat Late,Somewhat Late
11.0,9.79796,On Time,On Time
4.0,4.033651,Somewhat Early,Somewhat Early
11.0,16.779987,On Time,Somewhat Late
10.0,8.2655325,On Time,Early
4.0,3.9676533,Somewhat Early,Somewhat Early
12.0,14.790335,On Time,Somewhat Late
8.0,5.262192,Early,Somewhat Early
6.0,4.672395,Somewhat Early,Somewhat Early
14.0,14.665,On Time,Somewhat Late
7.0,5.9796305,Early,Somewhat Early
6.0,7.68423,Somewhat Early,Early
3.0,9.910899,Very Early,On Time
17.0,16.402996,Somewhat Late,Somewhat Late
7.0,13.425228,Early,On Time
12.0,12.02624,On Time,On Time
3.0,3.8105261,Very Early,Somewhat Early
3.0,3.7716672,Very Early,Somewhat Early
9.0,4.494201,Early,Somewhat Early
5.0,8.354511,Somewhat Early,Early
4.0,9.095736,Somewhat Early,On Time
16.0,7.605096,Somewhat Late,Early
10.0,3.7952404,On Time,Somewhat Early
7.0,6.5275,Early,Early
8.0,8.225126,Early,Early
2.0,3.8173025,Very Early,Somewhat Early
11.0,8.331247,On Time,Early
9.0,11.137697,Early,On Time
13.0,9.215193,On Time,On Time
5.0,4.660194,Somewhat Early,Somewhat Early
13.0,14.633247,On Time,Somewhat Late
17.0,11.697932,Somewhat Late,On Time
5.0,4.2760653,Somewhat Early,Somewhat Early
5.0,8.088423,Somewhat Early,Early
7.0,8.505937,Early,Early
11.0,18.212845,On Time,Somewhat Late
5.0,3.9911838,Somewhat Early,Somewhat Early
6.0,5.257326,Somewhat Early,Somewhat Early
3.0,3.7746313,Very Early,Somewhat Early
10.0,14.250349,On Time,Somewhat Late
8.0,7.2761946,Early,Early
17.0,12.785967,Somewhat Late,On Time
2.0,3.8477225,Very Early,Somewhat Early
11.0,4.7316146,On Time,Somewhat Early
19.0,16.526928,Somewhat Late,Somewhat Late
15.0,11.7505,Somewhat Late,On Time
9.0,7.4185686,Early,Early
12.0,13.445005,On Time,On Time
10.0,9.985023,On Time,On Time
6.0,8.708029,Somewhat Early,Early
6.0,8.044448,Somewhat Early,Early
12.0,9.132138,On Time,On Time
12.0,5.085358,On Time,Somewhat Early
16.0,9.893348,Somewhat Late,On Time
14.0,16.678743,On Time,Somewhat Late
11.0,6.9997816,On Time,Early
20.0,12.934085,Somewhat Late,On Time
1.0,3.7930324,Very Early,Somewhat Early
12.0,8.6716,On Time,Early
9.0,8.919741,Early,Early
15.0,16.130968,Somewhat Late,Somewhat Late
5.0,14.090652,Somewhat Early,Somewhat Late
7.0,4.784561,Early,Somewhat Early
8.0,8.22714,Early,Early
10.0,3.8240304,On Time,Somewhat Early
6.0,7.788636,Somewhat Early,Early
3.0,4.8234386,Very Early,Somewhat Early
16.0,9.223342,Somewhat Late,On Time
11.0,5.9009867,On Time,Somewhat Early
9.0,7.474814,Early,Early
4.0,4.033642,Somewhat Early,Somewhat Early
9.0,7.293707,Early,Early
14.0,7.4943414,On Time,Early
14.0,11.119489,On Time,On Time
6.0,6.8849473,Somewhat Early,Early
6.0,8.726389,Somewhat Early,Early
3.0,5.129229,Very Early,Somewhat Early
13.0,7.3553042,On Time,Early
5.0,13.12483,Somewhat Early,On Time
28.0,21.372355,Very Late,Very Late
7.0,7.597181,Early,Early
14.0,13.294493,On Time,On Time
5.0,12.7782135,Somewhat Early,On Time
17.0,16.219332,Somewhat Late,Somewhat Late
8.0,7.284374,Early,Early
25.0,20.455006,Very Late,Very Late
6.0,8.417499,Somewhat Early,Early
12.0,12.352197,On Time,On Time
4.0,3.794895,Somewhat Early,Somewhat Early
10.0,7.97229,On Time,Early
21.0,16.478128,Very Late,Somewhat Late
5.0,16.611294,Somewhat Early,Somewhat Late
4.0,9.57551,Somewhat Early,On Time
9.0,8.523117,Early,Early
7.0,5.1987057,Early,Somewhat Early
28.0,25.205868,Very Late,Very Late
11.0,8.65314,On Time,Early
20.0,16.238556,Somewhat Late,Somewhat Late
9.0,8.374047,Early,Early
1.0,4.379338,Very Early,Somewhat Early
12.0,4.166104,On Time,Somewhat Early
7.0,8.559538,Early,Early
7.0,6.89071,Early,Early
12.0,16.82098,On Time,Somewhat Late
8.0,11.491529,Early,On Time
9.0,7.295574,Early,Early
8.0,10.017422,Early,On Time
17.0,9.642858,Somewhat Late,On Time
3.0,5.170328,Very Early,Somewhat Early
12.0,15.986759,On Time,Somewhat Late
7.0,8.041573,Early,Early
5.0,4.422703,Somewhat Early,Somewhat Early
8.0,8.979006,Early,Early
20.0,11.204592,Somewhat Late,On Time
10.0,17.985756,On Time,Somewhat Late
10.0,8.029045,On Time,Early
16.0,12.45738,Somewhat Late,On Time
7.0,9.777086,Early,On Time
21.0,11.643357,Very Late,On Time
24.0,15.777019,Very Late,Somewhat Late
18.0,9.046317,Somewhat Late,On Time
5.0,5.8014407,Somewhat Early,Somewhat Early
7.0,8.580588,Early,Early
20.0,12.563194,Somewhat Late,On Time
2.0,3.7924333,Very Early,Somewhat Early
19.0,12.813674,Somewhat Late,On Time
6.0,3.914482,Somewhat Early,Somewhat Early
14.0,8.498106,On Time,Early
5.0,7.4885,Somewhat Early,Early
28.0,16.437696,Very Late,Somewhat Late
13.0,15.274562,On Time,Somewhat Late
6.0,6.7914085,Somewhat Early,Early
11.0,6.7629166,On Time,Early
11.0,11.795797,On Time,On Time
7.0,4.9263935,Early,Somewhat Early
10.0,7.627412,On Time,Early
11.0,9.971158,On Time,On Time
12.0,11.501108,On Time,On Time
8.0,4.7293615,Early,Somewhat Early
10.0,8.901984,On Time,Early
15.0,10.2491045,Somewhat Late,On Time
13.0,12.805009,On Time,On Time
9.0,10.821045,Early,On Time
13.0,8.901759,On Time,Early
26.0,14.169586,Very Late,Somewhat Late
14.0,7.8489823,On Time,Early
6.0,3.9266002,Somewhat Early,Somewhat Early
7.0,7.185113,Early,Early
12.0,9.852889,On Time,On Time
13.0,10.986329,On Time,On Time
6.0,7.5737214,Somewhat Early,Early
11.0,7.8452873,On Time,Early
17.0,13.550357,Somewhat Late,On Time
26.0,20.650856,Very Late,Very Late
11.0,11.030285,On Time,On Time
5.0,8.71054,Somewhat Early,Early
12.0,14.09054,On Time,Somewhat Late
7.0,7.3875666,Early,Early
14.0,7.4300976,On Time,Early
1.0,3.8991637,Very Early,Somewhat Early
9.0,4.0713687,Early,Somewhat Early
10.0,5.163168,On Time,Somewhat Early
6.0,12.061651,Somewhat Early,On Time
17.0,14.7964,Somewhat Late,Somewhat Late
4.0,6.156899,Somewhat Early,Early
19.0,16.025455,Somewhat Late,Somewhat Late
12.0,11.969768,On Time,On Time
2.0,5.6442566,Very Early,Somewhat Early
15.0,8.130017,Somewhat Late,Early
19.0,12.844184,Somewhat Late,On Time
24.0,19.66967,Very Late,Somewhat Late
12.0,7.835251,On Time,Early
8.0,12.92491,Early,On Time
4.0,3.850865,Somewhat Early,Somewhat Early
6.0,9.095683,Somewhat Early,On Time
15.0,16.372099,Somewhat Late,Somewhat Late
5.0,6.311054,Somewhat Early,Early
14.0,8.751891,On Time,Early
13.0,10.7212715,On Time,On Time
12.0,11.777243,On Time,On Time
4.0,3.9146566,Somewhat Early,Somewhat Early
11.0,14.060467,On Time,Somewhat Late
8.0,8.976949,Early,Early
21.0,18.71738,Very Late,Somewhat Late
2.0,3.815699,Very Early,Somewhat Early
16.0,12.129035,Somewhat Late,On Time
8.0,9.057298,Early,On Time
2.0,8.681528,Very Early,Early
10.0,8.753641,On Time,Early
20.0,18.301977,Somewhat Late,Somewhat Late
12.0,10.357857,On Time,On Time
6.0,10.246209,Somewhat Early,On Time
17.0,10.067249,Somewhat Late,On Time
12.0,4.022357,On Time,Somewhat Early
11.0,7.3665195,On Time,Early
15.0,12.948885,Somewhat Late,On Time
13.0,15.04322,On Time,Somewhat Late
6.0,8.484537,Somewhat Early,Early
6.0,6.264653,Somewhat Early,Early
9.0,5.2643228,Early,Somewhat Early
15.0,8.541406,Somewhat Late,Early
15.0,9.343007,Somewhat Late,On Time
11.0,9.537581,On Time,On Time
2.0,3.8253634,Very Early,Somewhat Early
18.0,16.58008,Somewhat Late,Somewhat Late
7.0,14.427179,Early,Somewhat Late
16.0,12.485524,Somewhat Late,On Time
12.0,10.518173,On Time,On Time
4.0,5.0614862,Somewhat Early,Somewhat Early
7.0,8.547748,Early,Early
4.0,3.786059,Somewhat Early,Somewhat Early
10.0,3.8049603,On Time,Somewhat Early
16.0,13.854565,Somewhat Late,On Time
10.0,10.475078,On Time,On Time
6.0,4.0480657,Somewhat Early,Somewhat Early
6.0,7.74785,Somewhat Early,Early
11.0,10.673536,On Time,On Time
10.0,9.969519,On Time,On Time
11.0,12.252679,On Time,On Time
15.0,15.369869,Somewhat Late,Somewhat Late
10.0,14.459181,On Time,Somewhat Late
14.0,8.35661,On Time,Early
9.0,10.28882,Early,On Time
13.0,9.631945,On Time,On Time
5.0,5.5148745,Somewhat Early,Somewhat Early
1.0,5.7274294,Very Early,Somewhat Early
12.0,13.511187,On Time,On Time
14.0,9.277765,On Time,On Time
5.0,3.846388,Somewhat Early,Somewhat Early
7.0,12.780037,Early,On Time
4.0,4.7580657,Somewhat Early,Somewhat Early
11.0,4.5260067,On Time,Somewhat Early
11.0,10.494447,On Time,On Time
9.0,10.061729,Early,On Time
19.0,15.936379,Somewhat Late,Somewhat Late
10.0,9.431574,On Time,On Time
6.0,9.296189,Somewhat Early,On Time
6.0,5.5710163,Somewhat Early,Somewhat Early
4.0,4.6409607,Somewhat Early,Somewhat Early
6.0,9.785856,Somewhat Early,On Time
14.0,9.078085,On Time,On Time
13.0,14.457701,On Time,Somewhat Late
21.0,11.011085,Very Late,On Time
9.0,11.318531,Early,On Time
15.0,14.223343,Somewhat Late,Somewhat Late
14.0,13.342095,On Time,On Time
14.0,12.6807,On Time,On Time
12.0,10.511072,On Time,On Time
1.0,4.6684546,Very Early,Somewhat Early
14.0,8.435228,On Time,Early
1.0,3.7845414,Very Early,Somewhat Early
20.0,14.024483,Somewhat Late,Somewhat Late
23.0,20.478233,Very Late,Very Late
5.0,3.989576,Somewhat Early,Somewhat Early
13.0,9.435809,On Time,On Time
19.0,10.18667,Somewhat Late,On Time
9.0,9.749078,Early,On Time
23.0,13.321081,Very Late,On Time
8.0,8.604473,Early,Early
13.0,8.81403,On Time,Early
5.0,6.9981813,Somewhat Early,Early
16.0,8.241891,Somewhat Late,Early
16.0,10.47706,Somewhat Late,On Time
12.0,13.259474,On Time,On Time
19.0,15.637474,Somewhat Late,Somewhat Late
5.0,5.8202705,Somewhat Early,Somewhat Early
26.0,16.213184,Very Late,Somewhat Late
24.0,16.966192,Very Late,Somewhat Late
3.0,10.717659,Very Early,On Time
17.0,19.152248,Somewhat Late,Somewhat Late
13.0,8.549099,On Time,Early
14.0,16.43717,On Time,Somewhat Late
11.0,9.622924,On Time,On Time
4.0,6.5671234,Somewhat Early,Early
15.0,12.77277,Somewhat Late,On Time
11.0,5.9593744,On Time,Somewhat Early
6.0,5.4771376,Somewhat Early,Somewhat Early
7.0,8.56835,Early,Early
8.0,11.630829,Early,On Time
1.0,3.815474,Very Early,Somewhat Early
23.0,16.255451,Very Late,Somewhat Late
4.0,9.222427,Somewhat Early,On Time
12.0,11.065325,On Time,On Time
13.0,7.8215885,On Time,Early
22.0,11.87989,Very Late,On Time
19.0,12.088969,Somewhat Late,On Time
7.0,9.721271,Early,On Time
22.0,18.265205,Very Late,Somewhat Late
14.0,7.749808,On Time,Early
21.0,19.495867,Very Late,Somewhat Late
13.0,8.627699,On Time,Early
13.0,8.280668,On Time,Early
5.0,4.499067,Somewhat Early,Somewhat Early
12.0,8.594131,On Time,Early
10.0,5.7145953,On Time,Somewhat Early
9.0,9.555706,Early,On Time
8.0,3.7988548,Early,Somewhat Early
7.0,13.896125,Early,On Time
19.0,19.386147,Somewhat Late,Somewhat Late
6.0,3.7852223,Somewhat Early,Somewhat Early
9.0,9.086645,Early,On Time
8.0,8.764778,Early,Early
11.0,4.8268595,On Time,Somewhat Early
9.0,16.099165,Early,Somewhat Late
12.0,17.059155,On Time,Somewhat Late
2.0,3.793098,Very Early,Somewhat Early
22.0,13.810347,Very Late,On Time
8.0,7.7859592,Early,Early
16.0,16.186329,Somewhat Late,Somewhat Late
7.0,8.940051,Early,Early
17.0,9.221661,Somewhat Late,On Time
12.0,11.186201,On Time,On Time
7.0,10.913511,Early,On Time
25.0,19.399065,Very Late,Somewhat Late
3.0,4.723707,Very Early,Somewhat Early
13.0,7.6475763,On Time,Early
14.0,7.436926,On Time,Early
11.0,9.89584,On Time,On Time
18.0,13.94793,Somewhat Late,On Time
1.0,8.663309,Very Early,Early
12.0,10.632674,On Time,On Time
21.0,11.482534,Very Late,On Time
14.0,4.6204057,On Time,Somewhat Early
13.0,4.981239,On Time,Somewhat Early
13.0,8.951282,On Time,Early
6.0,6.8290286,Somewhat Early,Early
7.0,4.150554,Early,Somewhat Early
4.0,4.89178,Somewhat Early,Somewhat Early
10.0,15.575717,On Time,Somewhat Late
18.0,20.960766,Somewhat Late,Very Late
6.0,6.5137587,Somewhat Early,Early
4.0,5.247158,Somewhat Early,Somewhat Early
6.0,8.3566675,Somewhat Early,Early
4.0,4.79293,Somewhat Early,Somewhat Early
1.0,5.8260593,Very Early,Somewhat Early
13.0,6.15312,On Time,Early
7.0,6.8258176,Early,Early
5.0,3.8500998,Somewhat Early,Somewhat Early
7.0,6.920217,Early,Early
10.0,9.574342,On Time,On Time
8.0,5.511414,Early,Somewhat Early
13.0,6.5571904,On Time,Early
6.0,6.5938873,Somewhat Early,Early
9.0,14.970379,Early,Somewhat Late
5.0,6.486167,Somewhat Early,Early
4.0,3.8967671,Somewhat Early,Somewhat Early
4.0,9.710549,Somewhat Early,On Time
4.0,4.55686,Somewhat Early,Somewhat Early
6.0,6.4397206,Somewhat Early,Early
22.0,12.897679,Very Late,On Time
2.0,3.8938546,Very Early,Somewhat Early
5.0,3.9219246,Somewhat Early,Somewhat Early
4.0,3.7986379,Somewhat Early,Somewhat Early
14.0,12.851695,On Time,On Time
5.0,4.7645974,Somewhat Early,Somewhat Early
6.0,8.891922,Somewhat Early,Early
20.0,7.9782715,Somewhat Late,Early
10.0,10.743313,On Time,On Time
12.0,8.441073,On Time,Early
2.0,4.625994,Very Early,Somewhat Early
8.0,11.744779,Early,On Time
4.0,4.5441437,Somewhat Early,Somewhat Early
6.0,6.379108,Somewhat Early,Early
2.0,5.3276367,Very Early,Somewhat Early
2.0,8.936981,Very Early,Early
6.0,6.986324,Somewhat Early,Early
8.0,7.961956,Early,Early
13.0,9.226156,On Time,On Time
11.0,7.000732,On Time,Early
6.0,7.6280994,Somewhat Early,Early
3.0,4.858021,Very Early,Somewhat Early
8.0,8.469677,Early,Early
18.0,12.251273,Somewhat Late,On Time
25.0,11.616963,Very Late,On Time
4.0,9.05435,Somewhat Early,On Time
9.0,6.745578,Early,Early
4.0,5.85793,Somewhat Early,Somewhat Early
8.0,8.292997,Early,Early
6.0,8.365507,Somewhat Early,Early
5.0,3.8172436,Somewhat Early,Somewhat Early
6.0,7.965535,Somewhat Early,Early
3.0,8.470333,Very Early,Early
6.0,7.0337834,Somewhat Early,Early
3.0,6.0067883,Very Early,Early
11.0,9.7780485,On Time,On Time
13.0,15.694037,On Time,Somewhat Late
24.0,20.715773,Very Late,Very Late
8.0,9.55536,Early,On Time
2.0,4.3720145,Very Early,Somewhat Early
2.0,16.722895,Very Early,Somewhat Late
5.0,4.969902,Somewhat Early,Somewhat Early
17.0,16.106956,Somewhat Late,Somewhat Late
7.0,8.918023,Early,Early
13.0,16.063528,On Time,Somewhat Late
7.0,3.8289623,Early,Somewhat Early
19.0,10.153929,Somewhat Late,On Time
8.0,10.365972,Early,On Time
5.0,9.814676,Somewhat Early,On Time
12.0,12.781324,On Time,On Time
16.0,9.353627,Somewhat Late,On Time
9.0,4.32183,Early,Somewhat Early
9.0,7.279816,Early,Early
5.0,8.489328,Somewhat Early,Early
8.0,7.2215586,Early,Early
13.0,9.820013,On Time,On Time
21.0,12.351609,Very Late,On Time
7.0,11.350118,Early,On Time
8.0,7.488766,Early,Early
6.0,10.621003,Somewhat Early,On Time
10.0,5.9146366,On Time,Somewhat Early
13.0,14.918207,On Time,Somewhat Late
9.0,9.118048,Early,On Time
24.0,17.585701,Very Late,Somewhat Late
17.0,14.005224,Somewhat Late,Somewhat Late
27.0,15.376009,Very Late,Somewhat Late
9.0,7.0924263,Early,Early
6.0,6.9685817,Somewhat Early,Early
4.0,6.639,Somewhat Early,Early
10.0,13.430043,On Time,On Time
4.0,4.5697274,Somewhat Early,Somewhat Early
11.0,9.746922,On Time,On Time
13.0,14.559225,On Time,Somewhat Late
7.0,4.3144917,Early,Somewhat Early
6.0,4.1037593,Somewhat Early,Somewhat Early
9.0,9.639601,Early,On Time
6.0,5.746202,Somewhat Early,Somewhat Early
3.0,5.5753565,Very Early,Somewhat Early
13.0,10.228334,On Time,On Time
6.0,9.142555,Somewhat Early,On Time
12.0,6.556836,On Time,Early
19.0,15.442628,Somewhat Late,Somewhat Late
6.0,3.8332574,Somewhat Early,Somewhat Early
26.0,18.68193,Very Late,Somewhat Late
2.0,6.959014,Very Early,Early
24.0,16.615854,Very Late,Somewhat Late
4.0,7.1362934,Somewhat Early,Early
18.0,9.713067,Somewhat Late,On Time
17.0,8.075888,Somewhat Late,Early
23.0,18.562109,Very Late,Somewhat Late
3.0,4.2541046,Very Early,Somewhat Early
13.0,6.4627695,On Time,Early
9.0,8.499374,Early,Early
3.0,3.791824,Very Early,Somewhat Early
13.0,11.129873,On Time,On Time
10.0,9.615308,On Time,On Time
17.0,13.370211,Somewhat Late,On Time
4.0,9.048377,Somewhat Early,On Time
14.0,9.818946,On Time,On Time
6.0,9.499279,Somewhat Early,On Time
8.0,11.313446,Early,On Time
6.0,9.527079,Somewhat Early,On Time
9.0,7.4210167,Early,Early
25.0,21.578547,Very Late,Very Late
10.0,7.2511716,On Time,Early
1.0,6.1063356,Very Early,Early
6.0,6.930251,Somewhat Early,Early
5.0,13.51249,Somewhat Early,On Time
9.0,20.866573,Early,Very Late
6.0,3.8312972,Somewhat Early,Somewhat Early
4.0,3.8661056,Somewhat Early,Somewhat Early
8.0,9.805146,Early,On Time
9.0,10.190339,Early,On Time
20.0,10.070014,Somewhat Late,On Time
6.0,8.948036,Somewhat Early,Early
6.0,4.778252,Somewhat Early,Somewhat Early
19.0,8.817198,Somewhat Late,Early
6.0,11.943429,Somewhat Early,On Time
6.0,8.206591,Somewhat Early,Early
12.0,13.382407,On Time,On Time
7.0,9.092214,Early,On Time
10.0,9.104213,On Time,On Time
23.0,11.812049,Very Late,On Time
8.0,8.591441,Early,Early
10.0,8.861321,On Time,Early
10.0,9.207937,On Time,On Time
13.0,9.80755,On Time,On Time
10.0,13.749672,On Time,On Time
9.0,11.025543,Early,On Time
4.0,4.025074,Somewhat Early,Somewhat Early
7.0,8.06976,Early,Early
16.0,14.180654,Somewhat Late,Somewhat Late
11.0,8.031376,On Time,Early
8.0,7.1739936,Early,Early
16.0,14.93286,Somewhat Late,Somewhat Late
10.0,11.044885,On Time,On Time
3.0,3.832388,Very Early,Somewhat Early
6.0,3.9300475,Somewhat Early,Somewhat Early
21.0,9.231977,Very Late,On Time
24.0,11.81909,Very Late,On Time
13.0,13.873153,On Time,On Time
2.0,11.615639,Very Early,On Time
28.0,26.286077,Very Late,Very Late
6.0,8.373106,Somewhat Early,Early
24.0,18.567095,Very Late,Somewhat Late
9.0,6.2245216,Early,Early
4.0,4.5380754,Somewhat Early,Somewhat Early
13.0,8.234377,On Time,Early
17.0,15.608039,Somewhat Late,Somewhat Late
8.0,6.656647,Early,Early
7.0,3.7725372,Early,Somewhat Early
14.0,11.489863,On Time,On Time
6.0,7.552597,Somewhat Early,Early
13.0,8.983448,On Time,Early
13.0,9.981732,On Time,On Time
7.0,3.794856,Early,Somewhat Early
8.0,6.922443,Early,Early
5.0,11.435111,Somewhat Early,On Time
14.0,10.400944,On Time,On Time
5.0,3.7814913,Somewhat Early,Somewhat Early
5.0,4.5143423,Somewhat Early,Somewhat Early
9.0,8.290002,Early,Early
7.0,5.7678933,Early,Somewhat Early
3.0,3.8458548,Very Early,Somewhat Early
15.0,11.002733,Somewhat Late,On Time
10.0,9.457707,On Time,On Time
6.0,12.085436,Somewhat Early,On Time
16.0,15.12541,Somewhat Late,Somewhat Late
2.0,4.6590304,Very Early,Somewhat Early
7.0,12.536275,Early,On Time
4.0,4.128398,Somewhat Early,Somewhat Early
8.0,9.112982,Early,On Time
13.0,11.896816,On Time,On Time
13.0,11.668166,On Time,On Time
5.0,3.7930245,Somewhat Early,Somewhat Early
15.0,15.303621,Somewhat Late,Somewhat Late
10.0,12.351971,On Time,On Time
6.0,9.251063,Somewhat Early,On Time
5.0,4.3071785,Somewhat Early,Somewhat Early
3.0,5.3802214,Very Early,Somewhat Early
5.0,5.2813263,Somewhat Early,Somewhat Early
7.0,8.370623,Early,Early
20.0,15.226243,Somewhat Late,Somewhat Late
12.0,7.850813,On Time,Early
23.0,19.531471,Very Late,Somewhat Late
5.0,5.9255095,Somewhat Early,Somewhat Early
5.0,3.8212767,Somewhat Early,Somewhat Early
9.0,11.017476,Early,On Time
9.0,6.4589972,Early,Early
5.0,8.306183,Somewhat Early,Early
9.0,8.813577,Early,Early
7.0,4.146362,Early,Somewhat Early
6.0,6.0462317,Somewhat Early,Early
8.0,9.329757,Early,On Time
10.0,4.582713,On Time,Somewhat Early
5.0,6.4350023,Somewhat Early,Early
8.0,7.339992,Early,Early
6.0,14.137308,Somewhat Early,Somewhat Late
12.0,8.688439,On Time,Early
8.0,7.264528,Early,Early
19.0,9.728454,Somewhat Late,On Time
6.0,5.365634,Somewhat Early,Somewhat Early
3.0,3.8093839,Very Early,Somewhat Early
10.0,9.92033,On Time,On Time
15.0,7.6604533,Somewhat Late,Early
6.0,9.477605,Somewhat Early,On Time
12.0,13.418123,On Time,On Time
8.0,15.724609,Early,Somewhat Late
10.0,3.8352885,On Time,Somewhat Early
8.0,9.209693,Early,On Time
3.0,3.8211021,Very Early,Somewhat Early
10.0,4.013823,On Time,Somewhat Early
13.0,14.633247,On Time,Somewhat Late
20.0,15.680203,Somewhat Late,Somewhat Late
14.0,12.404989,On Time,On Time
25.0,23.064991,Very Late,Very Late
14.0,10.66961,On Time,On Time
2.0,4.1736703,Very Early,Somewhat Early
13.0,12.713895,On Time,On Time
9.0,6.195714,Early,Early
5.0,4.3525877,Somewhat Early,Somewhat Early
6.0,9.683516,Somewhat Early,On Time
6.0,12.535267,Somewhat Early,On Time
3.0,4.3137727,Very Early,Somewhat Early
8.0,8.86593,Early,Early
6.0,9.083457,Somewhat Early,On Time
8.0,9.254736,Early,On Time
14.0,8.417039,On Time,Early
5.0,4.357151,Somewhat Early,Somewhat Early
10.0,5.136662,On Time,Somewhat Early
12.0,12.806387,On Time,On Time
9.0,5.4238114,Early,Somewhat Early
18.0,11.155179,Somewhat Late,On Time
28.0,18.051855,Very Late,Somewhat Late
8.0,3.8546047,Early,Somewhat Early
7.0,8.540354,Early,Early
8.0,3.901726,Early,Somewhat Early
9.0,7.9824314,Early,Early
4.0,4.1890335,Somewhat Early,Somewhat Early
24.0,14.408285,Very Late,Somewhat Late
7.0,9.919324,Early,On Time
21.0,11.4353,Very Late,On Time
10.0,9.279508,On Time,On Time
13.0,8.401109,On Time,Early
1.0,3.8020508,Very Early,Somewhat Early
3.0,7.1352367,Very Early,Early
7.0,11.172392,Early,On Time
10.0,12.86451,On Time,On Time
22.0,14.804658,Very Late,Somewhat Late
11.0,8.034556,On Time,Early
11.0,17.465216,On Time,Somewhat Late
5.0,9.753137,Somewhat Early,On Time
13.0,12.924116,On Time,On Time
19.0,6.63149,Somewhat Late,Early
14.0,9.757536,On Time,On Time
6.0,9.593668,Somewhat Early,On Time
5.0,7.785748,Somewhat Early,Early
7.0,7.1752644,Early,Early
13.0,9.36581,On Time,On Time
18.0,9.725536,Somewhat Late,On Time
7.0,6.4185934,Early,Early
10.0,8.228607,On Time,Early
11.0,15.628555,On Time,Somewhat Late
17.0,15.130353,Somewhat Late,Somewhat Late
15.0,8.639506,Somewhat Late,Early
11.0,19.215862,On Time,Somewhat Late
1.0,4.4680905,Very Early,Somewhat Early
5.0,5.451064,Somewhat Early,Somewhat Early
4.0,8.34672,Somewhat Early,Early
20.0,14.973307,Somewhat Late,Somewhat Late
6.0,6.873405,Somewhat Early,Early
18.0,7.6782374,Somewhat Late,Early
11.0,7.9697685,On Time,Early
13.0,11.34016,On Time,On Time
9.0,9.731275,Early,On Time
21.0,16.658625,Very Late,Somewhat Late
9.0,7.279816,Early,Early
8.0,10.982302,Early,On Time
5.0,7.945156,Somewhat Early,Early
8.0,9.681627,Early,On Time
9.0,8.765773,Early,Early
4.0,5.365582,Somewhat Early,Somewhat Early
9.0,13.279534,Early,On Time
8.0,8.369518,Early,Early
16.0,19.097689,Somewhat Late,Somewhat Late
9.0,8.11096,Early,Early
8.0,4.1882296,Early,Somewhat Early
22.0,18.733932,Very Late,Somewhat Late
10.0,8.935683,On Time,Early
12.0,12.088649,On Time,On Time
8.0,8.515854,Early,Early
6.0,10.324926,Somewhat Early,On Time
7.0,3.7883506,Early,Somewhat Early
13.0,9.159475,On Time,On Time
5.0,4.221334,Somewhat Early,Somewhat Early
5.0,4.3985605,Somewhat Early,Somewhat Early
2.0,4.4093494,Very Early,Somewhat Early
10.0,10.49469,On Time,On Time
11.0,9.273604,On Time,On Time
9.0,10.182093,Early,On Time
17.0,7.6123195,Somewhat Late,Early
11.0,9.256801,On Time,On Time
4.0,6.647618,Somewhat Early,Early
6.0,8.381684,Somewhat Early,Early
12.0,12.596174,On Time,On Time
5.0,7.6901035,Somewhat Early,Early
8.0,3.849618,Early,Somewhat Early
2.0,3.778984,Very Early,Somewhat Early
28.0,18.94332,Very Late,Somewhat Late
12.0,11.325256,On Time,On Time
14.0,10.993056,On Time,On Time
10.0,10.245346,On Time,On Time
10.0,6.440219,On Time,Early
12.0,6.4850225,On Time,Early
4.0,7.316037,Somewhat Early,Early
16.0,14.766845,Somewhat Late,Somewhat Late
20.0,19.657053,Somewhat Late,Somewhat Late
6.0,7.6806073,Somewhat Early,Early
4.0,3.8603263,Somewhat Early,Somewhat Early
17.0,11.037832,Somewhat Late,On Time
10.0,9.991939,On Time,On Time
7.0,6.841005,Early,Early
15.0,13.135823,Somewhat Late,On Time
3.0,3.8221307,Very Early,Somewhat Early
5.0,6.3401237,Somewhat Early,Early
22.0,12.706816,Very Late,On Time
16.0,14.740122,Somewhat Late,Somewhat Late
8.0,6.803912,Early,Early
7.0,6.5976424,Early,Early
22.0,15.933273,Very Late,Somewhat Late
5.0,12.203489,Somewhat Early,On Time
10.0,8.484458,On Time,Early
7.0,6.818966,Early,Early
8.0,8.591441,Early,Early
20.0,18.219084,Somewhat Late,Somewhat Late
8.0,3.8244722,Early,Somewhat Early
3.0,6.20491,Very Early,Early
16.0,17.082438,Somewhat Late,Somewhat Late
13.0,9.4154215,On Time,On Time
12.0,11.584939,On Time,On Time
15.0,12.630779,Somewhat Late,On Time
15.0,8.691903,Somewhat Late,Early
20.0,8.66471,Somewhat Late,Early
17.0,11.211661,Somewhat Late,On Time
3.0,3.9431522,Very Early,Somewhat Early
5.0,7.688781,Somewhat Early,Early
6.0,8.671416,Somewhat Early,Early
5.0,3.781682,Somewhat Early,Somewhat Early
17.0,13.946247,Somewhat Late,On Time
12.0,12.718737,On Time,On Time
12.0,10.0172615,On Time,On Time
16.0,14.999604,Somewhat Late,Somewhat Late
17.0,18.395844,Somewhat Late,Somewhat Late
11.0,13.171753,On Time,On Time
4.0,6.069952,Somewhat Early,Early
4.0,10.662356,Somewhat Early,On Time
21.0,18.43958,Very Late,Somewhat Late
1.0,4.671294,Very Early,Somewhat Early
7.0,7.6126623,Early,Early
15.0,13.904453,Somewhat Late,On Time
1.0,3.796888,Very Early,Somewhat Early
11.0,14.238662,On Time,Somewhat Late
17.0,16.680176,Somewhat Late,Somewhat Late
21.0,19.592756,Very Late,Somewhat Late
1.0,4.688013,Very Early,Somewhat Early
5.0,8.396984,Somewhat Early,Early
5.0,11.334768,Somewhat Early,On Time
19.0,8.665385,Somewhat Late,Early
8.0,13.071214,Early,On Time
6.0,6.851359,Somewhat Early,Early
9.0,8.616933,Early,Early
22.0,14.682804,Very Late,Somewhat Late
16.0,10.22708,Somewhat Late,On Time
10.0,10.62194,On Time,On Time
10.0,4.4299316,On Time,Somewhat Early
3.0,4.1138573,Very Early,Somewhat Early
11.0,11.0138445,On Time,On Time
15.0,10.138915,Somewhat Late,On Time
9.0,9.551594,Early,On Time
7.0,8.632606,Early,Early
14.0,10.529315,On Time,On Time
9.0,10.859132,Early,On Time
8.0,12.297228,Early,On Time
4.0,6.7013435,Somewhat Early,Early
6.0,7.9325466,Somewhat Early,Early
17.0,11.514776,Somewhat Late,On Time
4.0,8.59842,Somewhat Early,Early
9.0,13.961544,Early,On Time
11.0,8.782851,On Time,Early
23.0,21.7819,Very Late,Very Late
5.0,9.728064,Somewhat Early,On Time
18.0,12.897618,Somewhat Late,On Time
7.0,10.212219,Early,On Time
14.0,9.845209,On Time,On Time
5.0,8.133949,Somewhat Early,Early
14.0,9.4932575,On Time,On Time
6.0,6.730636,Somewhat Early,Early
22.0,11.969236,Very Late,On Time
27.0,16.38113,Very Late,Somewhat Late
6.0,4.117606,Somewhat Early,Somewhat Early
14.0,12.297073,On Time,On Time
16.0,12.009984,Somewhat Late,On Time
14.0,10.752859,On Time,On Time
5.0,5.8872757,Somewhat Early,Somewhat Early
17.0,10.7710905,Somewhat Late,On Time
4.0,7.3410935,Somewhat Early,Early
15.0,13.886711,Somewhat Late,On Time
17.0,10.201146,Somewhat Late,On Time
11.0,9.782496,On Time,On Time
13.0,13.114492,On Time,On Time
16.0,4.809084,Somewhat Late,Somewhat Early
28.0,14.4250965,Very Late,Somewhat Late
25.0,12.256775,Very Late,On Time
23.0,16.259108,Very Late,Somewhat Late
27.0,24.08502,Very Late,Very Late
9.0,6.908407,Early,Early
21.0,10.525911,Very Late,On Time
9.0,9.33106,Early,On Time
15.0,15.451097,Somewhat Late,Somewhat Late
10.0,3.83153,On Time,Somewhat Early
1.0,4.409048,Very Early,Somewhat Early
7.0,9.120503,Early,On Time
4.0,3.8300543,Somewhat Early,Somewhat Early
6.0,6.7691164,Somewhat Early,Early
6.0,4.0230618,Somewhat Early,Somewhat Early
19.0,14.293989,Somewhat Late,Somewhat Late
11.0,15.923622,On Time,Somewhat Late
8.0,7.000957,Early,Early
7.0,7.221507,Early,Early
9.0,9.49609,Early,On Time
10.0,9.011781,On Time,On Time
16.0,13.312819,Somewhat Late,On Time
4.0,8.603281,Somewhat Early,Early
11.0,12.76147,On Time,On Time
3.0,4.727967,Very Early,Somewhat Early
17.0,9.69089,Somewhat Late,On Time
6.0,11.827791,Somewhat Early,On Time
5.0,7.0662074,Somewhat Early,Early
7.0,9.309625,Early,On Time
10.0,7.2198124,On Time,Early
5.0,7.102334,Somewhat Early,Early
1.0,3.804237,Very Early,Somewhat Early
14.0,15.391817,On Time,Somewhat Late
6.0,7.6280994,Somewhat Early,Early
7.0,19.046436,Early,Somewhat Late
6.0,9.424612,Somewhat Early,On Time
13.0,9.8561325,On Time,On Time
2.0,5.447539,Very Early,Somewhat Early
2.0,3.8903427,Very Early,Somewhat Early
6.0,10.898283,Somewhat Early,On Time
10.0,12.875211,On Time,On Time
10.0,7.913699,On Time,Early
4.0,3.9313328,Somewhat Early,Somewhat Early
14.0,8.561791,On Time,Early
9.0,6.758746,Early,Early
3.0,4.110554,Very Early,Somewhat Early
2.0,5.8026195,Very Early,Somewhat Early
9.0,13.276199,Early,On Time
11.0,7.8707843,On Time,Early
3.0,14.775957,Very Early,Somewhat Late
9.0,9.547949,Early,On Time
6.0,3.9136193,Somewhat Early,Somewhat Early
18.0,10.55376,Somewhat Late,On Time
6.0,13.712325,Somewhat Early,On Time
9.0,7.991229,Early,Early
21.0,13.659088,Very Late,On Time
8.0,10.280755,Early,On Time
7.0,6.9715405,Early,Early
17.0,12.137162,Somewhat Late,On Time
8.0,10.77545,Early,On Time
9.0,9.2714815,Early,On Time
7.0,10.929079,Early,On Time
3.0,3.7733269,Very Early,Somewhat Early
12.0,6.824327,On Time,Early
5.0,5.7152357,Somewhat Early,Somewhat Early
19.0,10.543664,Somewhat Late,On Time
4.0,7.4612637,Somewhat Early,Early
11.0,6.698787,On Time,Early
24.0,18.62028,Very Late,Somewhat Late
8.0,7.361427,Early,Early
6.0,8.037333,Somewhat Early,Early
10.0,8.549589,On Time,Early
7.0,7.7125616,Early,Early
13.0,7.2370615,On Time,Early
12.0,12.712564,On Time,On Time
11.0,8.928456,On Time,Early
14.0,15.654072,On Time,Somewhat Late
6.0,9.747616,Somewhat Early,On Time
13.0,8.304792,On Time,Early
17.0,10.946644,Somewhat Late,On Time
3.0,6.571104,Very Early,Early
18.0,7.642361,Somewhat Late,Early
11.0,10.527149,On Time,On Time
15.0,15.217825,Somewhat Late,Somewhat Late
4.0,3.7760227,Somewhat Early,Somewhat Early
18.0,12.586966,Somewhat Late,On Time
16.0,9.975417,Somewhat Late,On Time
11.0,7.2807426,On Time,Early
16.0,10.01811,Somewhat Late,On Time
7.0,14.716567,Early,Somewhat Late
5.0,7.1579576,Somewhat Early,Early
7.0,9.642965,Early,On Time
7.0,8.34384,Early,Early
12.0,17.166418,On Time,Somewhat Late
14.0,11.823951,On Time,On Time
2.0,8.719301,Very Early,Early
8.0,14.225544,Early,Somewhat Late
7.0,8.515288,Early,Early
11.0,8.08389,On Time,Early
6.0,6.3159156,Somewhat Early,Early
8.0,5.522668,Early,Somewhat Early
12.0,8.995331,On Time,Early
5.0,8.839928,Somewhat Early,Early
2.0,9.879408,Very Early,On Time
11.0,14.760885,On Time,Somewhat Late
6.0,7.080368,Somewhat Early,Early
5.0,4.1525764,Somewhat Early,Somewhat Early
15.0,11.890223,Somewhat Late,On Time
5.0,9.157913,Somewhat Early,On Time
8.0,8.030757,Early,Early
14.0,13.560444,On Time,On Time
8.0,13.800042,Early,On Time
14.0,11.829088,On Time,On Time
5.0,6.658807,Somewhat Early,Early
9.0,7.8617997,Early,Early
5.0,7.867599,Somewhat Early,Early
19.0,18.667122,Somewhat Late,Somewhat Late
10.0,7.836804,On Time,Early
13.0,12.326065,On Time,On Time
11.0,11.200226,On Time,On Time
11.0,11.552558,On Time,On Time
14.0,10.875019,On Time,On Time
10.0,8.008821,On Time,Early
20.0,10.617083,Somewhat Late,On Time
4.0,4.822373,Somewhat Early,Somewhat Early
8.0,9.260398,Early,On Time
13.0,8.308283,On Time,Early
11.0,8.648579,On Time,Early
9.0,10.770027,Early,On Time
6.0,4.1806006,Somewhat Early,Somewhat Early
11.0,5.7134023,On Time,Somewhat Early
2.0,3.7722096,Very Early,Somewhat Early
8.0,4.1912327,Early,Somewhat Early
4.0,4.443549,Somewhat Early,Somewhat Early
26.0,18.916904,Very Late,Somewhat Late
11.0,9.418605,On Time,On Time
7.0,14.907504,Early,Somewhat Late
10.0,13.887438,On Time,On Time
7.0,13.243325,Early,On Time
15.0,14.150831,Somewhat Late,Somewhat Late
17.0,16.074032,Somewhat Late,Somewhat Late
5.0,3.8340685,Somewhat Early,Somewhat Early
6.0,6.2593,Somewhat Early,Early
17.0,18.46672,Somewhat Late,Somewhat Late
19.0,8.974255,Somewhat Late,Early
5.0,10.768965,Somewhat Early,On Time
8.0,12.178913,Early,On Time
20.0,10.943,Somewhat Late,On Time
11.0,7.9392385,On Time,Early
4.0,7.4665685,Somewhat Early,Early
8.0,9.517755,Early,On Time
11.0,13.038971,On Time,On Time
17.0,12.675541,Somewhat Late,On Time
2.0,6.063582,Very Early,Early
22.0,18.409172,Very Late,Somewhat Late
4.0,7.3364406,Somewhat Early,Early
10.0,4.5806246,On Time,Somewhat Early
8.0,9.876358,Early,On Time
8.0,8.166327,Early,Early
9.0,10.341362,Early,On Time
7.0,9.091974,Early,On Time
12.0,8.063408,On Time,Early
14.0,10.7109,On Time,On Time
5.0,5.049358,Somewhat Early,Somewhat Early
1.0,3.9567738,Very Early,Somewhat Early
9.0,12.408485,Early,On Time
9.0,9.338737,Early,On Time
23.0,14.050592,Very Late,Somewhat Late
16.0,10.658417,Somewhat Late,On Time
10.0,8.992996,On Time,Early
6.0,17.971146,Somewhat Early,Somewhat Late
15.0,9.07003,Somewhat Late,On Time
9.0,12.998721,Early,On Time
5.0,9.760054,Somewhat Early,On Time
8.0,15.877411,Early,Somewhat Late
7.0,6.8633165,Early,Early
5.0,9.21036,Somewhat Early,On Time
6.0,8.527296,Somewhat Early,Early
2.0,3.7846599,Very Early,Somewhat Early
20.0,9.089786,Somewhat Late,On Time
7.0,6.5281153,Early,Early
2.0,3.8992903,Very Early,Somewhat Early
17.0,13.308979,Somewhat Late,On Time
8.0,11.36812,Early,On Time
2.0,3.8169954,Very Early,Somewhat Early
7.0,9.297927,Early,On Time
17.0,13.124854,Somewhat Late,On Time
7.0,13.018668,Early,On Time
9.0,8.2024555,Early,Early
4.0,3.7886493,Somewhat Early,Somewhat Early
17.0,8.346657,Somewhat Late,Early
4.0,5.89094,Somewhat Early,Somewhat Early
5.0,6.584819,Somewhat Early,Early
7.0,12.496864,Early,On Time
8.0,8.536211,Early,Early
13.0,12.037892,On Time,On Time
19.0,8.156356,Somewhat Late,Early
4.0,3.811472,Somewhat Early,Somewhat Early
10.0,9.945163,On Time,On Time
4.0,10.411158,Somewhat Early,On Time
2.0,5.733651,Very Early,Somewhat Early
6.0,6.0837426,Somewhat Early,Early
7.0,3.8681288,Early,Somewhat Early
17.0,14.519247,Somewhat Late,Somewhat Late
17.0,13.478056,Somewhat Late,On Time
7.0,7.546523,Early,Early
10.0,9.104104,On Time,On Time
2.0,4.1002235,Very Early,Somewhat Early
2.0,7.4234667,Very Early,Early
10.0,10.374789,On Time,On Time
3.0,3.9818885,Very Early,Somewhat Early
5.0,4.4751344,Somewhat Early,Somewhat Early
13.0,17.327436,On Time,Somewhat Late
8.0,5.433983,Early,Somewhat Early
10.0,14.39093,On Time,Somewhat Late
10.0,12.268502,On Time,On Time
8.0,11.370779,Early,On Time
8.0,9.329994,Early,On Time
16.0,6.6871085,Somewhat Late,Early
7.0,8.925603,Early,Early
19.0,9.748743,Somewhat Late,On Time
7.0,4.104428,Early,Somewhat Early
13.0,15.687824,On Time,Somewhat Late
10.0,8.486845,On Time,Early
16.0,12.903576,Somewhat Late,On Time
9.0,9.265527,Early,On Time
5.0,7.526563,Somewhat Early,Early
13.0,11.153242,On Time,On Time
8.0,4.001713,Early,Somewhat Early
7.0,9.209976,Early,On Time
14.0,10.270332,On Time,On Time
9.0,6.92372,Early,Early
16.0,9.7913,Somewhat Late,On Time
19.0,11.512268,Somewhat Late,On Time
6.0,7.516695,Somewhat Early,Early
7.0,10.794683,Early,On Time
9.0,8.761618,Early,Early
13.0,12.884159,On Time,On Time
2.0,3.8564343,Very Early,Somewhat Early
28.0,9.562782,Very Late,On Time
1.0,3.7984068,Very Early,Somewhat Early
9.0,7.56718,Early,Early
10.0,15.400955,On Time,Somewhat Late
10.0,11.449481,On Time,On Time
9.0,6.9388337,Early,Early
13.0,7.454421,On Time,Early
3.0,6.4790916,Very Early,Early
6.0,11.689115,Somewhat Early,On Time
8.0,9.346625,Early,On Time
9.0,9.71685,Early,On Time
7.0,6.0172987,Early,Early
10.0,8.161113,On Time,Early
9.0,9.163303,Early,On Time
7.0,9.76381,Early,On Time
20.0,8.902987,Somewhat Late,Early
3.0,8.0901785,Very Early,Early
13.0,14.1716795,On Time,Somewhat Late
27.0,20.747986,Very Late,Very Late
4.0,3.814107,Somewhat Early,Somewhat Early
11.0,6.4778852,On Time,Early
10.0,10.165614,On Time,On Time
6.0,8.116293,Somewhat Early,Early
21.0,19.065546,Very Late,Somewhat Late
12.0,6.0572867,On Time,Early
15.0,9.456521,Somewhat Late,On Time
8.0,8.926977,Early,Early
24.0,18.977276,Very Late,Somewhat Late
10.0,11.34096,On Time,On Time
2.0,9.001037,Very Early,On Time
16.0,10.687588,Somewhat Late,On Time
8.0,11.049161,Early,On Time
4.0,13.996191,Somewhat Early,On Time
13.0,8.226527,On Time,Early
26.0,23.261461,Very Late,Very Late
9.0,10.0757265,Early,On Time
12.0,10.551281,On Time,On Time
18.0,15.485263,Somewhat Late,Somewhat Late
10.0,10.033278,On Time,On Time
6.0,6.5471873,Somewhat Early,Early
8.0,4.1444354,Early,Somewhat Early
11.0,9.097831,On Time,On Time
3.0,8.378413,Very Early,Early
14.0,10.2993,On Time,On Time
3.0,7.3989854,Very Early,Early
3.0,3.8179078,Very Early,Somewhat Early
20.0,17.425735,Somewhat Late,Somewhat Late
3.0,8.502548,Very Early,Early
3.0,3.8576312,Very Early,Somewhat Early
13.0,6.909813,On Time,Early
11.0,11.1308565,On Time,On Time
9.0,7.264416,Early,Early
11.0,7.4252024,On Time,Early
10.0,9.942118,On Time,On Time
3.0,5.139722,Very Early,Somewhat Early
14.0,8.963569,On Time,Early
6.0,9.860683,Somewhat Early,On Time
6.0,9.069521,Somewhat Early,On Time
18.0,8.081491,Somewhat Late,Early
28.0,22.627993,Very Late,Very Late
6.0,3.9135332,Somewhat Early,Somewhat Early
15.0,14.9167385,Somewhat Late,Somewhat Late
3.0,3.8502133,Very Early,Somewhat Early
7.0,8.618429,Early,Early
3.0,6.871344,Very Early,Early
14.0,9.259297,On Time,On Time
1.0,3.7755075,Very Early,Somewhat Early
21.0,15.206345,Very Late,Somewhat Late
22.0,11.747545,Very Late,On Time
5.0,9.401365,Somewhat Early,On Time
1.0,3.79365,Very Early,Somewhat Early
7.0,5.938269,Early,Somewhat Early
10.0,7.799475,On Time,Early
10.0,11.288269,On Time,On Time
13.0,11.544636,On Time,On Time
18.0,9.022106,Somewhat Late,On Time
5.0,12.621113,Somewhat Early,On Time
3.0,7.9685287,Very Early,Early
21.0,15.381702,Very Late,Somewhat Late
27.0,24.97164,Very Late,Very Late
7.0,5.7103295,Early,Somewhat Early
8.0,6.8425913,Early,Early
3.0,6.523699,Very Early,Early
10.0,9.013827,On Time,On Time
5.0,6.614778,Somewhat Early,Early
3.0,3.8457072,Very Early,Somewhat Early
11.0,7.6228223,On Time,Early
27.0,14.934302,Very Late,Somewhat Late
11.0,9.51376,On Time,On Time
7.0,7.5776777,Early,Early
7.0,5.749613,Early,Somewhat Early
11.0,3.7871504,On Time,Somewhat Early
5.0,8.2739,Somewhat Early,Early
2.0,3.8529708,Very Early,Somewhat Early
23.0,14.495525,Very Late,Somewhat Late
20.0,17.589382,Somewhat Late,Somewhat Late
2.0,3.7675445,Very Early,Somewhat Early
11.0,10.97851,On Time,On Time
4.0,14.3009615,Somewhat Early,Somewhat Late
4.0,9.22252,Somewhat Early,On Time
1.0,7.795206,Very Early,Early
1.0,3.8140163,Very Early,Somewhat Early
12.0,10.658712,On Time,On Time
5.0,6.137642,Somewhat Early,Early
14.0,11.051078,On Time,On Time
11.0,13.200253,On Time,On Time
14.0,13.280922,On Time,On Time
4.0,9.327306,Somewhat Early,On Time
6.0,11.320036,Somewhat Early,On Time
9.0,10.387091,Early,On Time
2.0,7.8633943,Very Early,Early
14.0,14.391682,On Time,Somewhat Late
4.0,8.477394,Somewhat Early,Early
16.0,11.898522,Somewhat Late,On Time
1.0,7.720689,Very Early,Early
15.0,14.071649,Somewhat Late,Somewhat Late
7.0,11.228031,Early,On Time
11.0,14.153904,On Time,Somewhat Late
6.0,11.496427,Somewhat Early,On Time
5.0,7.8205347,Somewhat Early,Early
14.0,8.068757,On Time,Early
28.0,16.665234,Very Late,Somewhat Late
10.0,9.112368,On Time,On Time
5.0,4.346493,Somewhat Early,Somewhat Early
20.0,16.884657,Somewhat Late,Somewhat Late
3.0,3.7886143,Very Early,Somewhat Early
10.0,7.782648,On Time,Early
14.0,3.9345238,On Time,Somewhat Early
2.0,6.9703817,Very Early,Early
11.0,7.299408,On Time,Early
11.0,7.7224307,On Time,Early
4.0,10.770227,Somewhat Early,On Time
7.0,3.7993205,Early,Somewhat Early
14.0,10.932511,On Time,On Time
9.0,8.935453,Early,Early
7.0,9.024866,Early,On Time
22.0,11.373505,Very Late,On Time
3.0,3.7889585,Very Early,Somewhat Early
6.0,5.277535,Somewhat Early,Somewhat Early
13.0,14.606379,On Time,Somewhat Late
22.0,25.793262,Very Late,Very Late
10.0,11.248592,On Time,On Time
6.0,3.9992146,Somewhat Early,Somewhat Early
6.0,7.0069137,Somewhat Early,Early
28.0,15.585717,Very Late,Somewhat Late
5.0,8.095353,Somewhat Early,Early
7.0,6.603788,Early,Early
8.0,8.430945,Early,Early
10.0,6.956862,On Time,Early
5.0,8.051142,Somewhat Early,Early
5.0,9.011599,Somewhat Early,On Time
20.0,16.276814,Somewhat Late,Somewhat Late
10.0,6.0813622,On Time,Early
11.0,9.622924,On Time,On Time
8.0,6.905024,Early,Early
4.0,5.0187883,Somewhat Early,Somewhat Early
12.0,11.398847,On Time,On Time
15.0,8.62871,Somewhat Late,Early
9.0,9.291164,Early,On Time
7.0,10.659103,Early,On Time
4.0,4.4278526,Somewhat Early,Somewhat Early
5.0,3.8011763,Somewhat Early,Somewhat Early
14.0,9.366599,On Time,On Time
4.0,5.095019,Somewhat Early,Somewhat Early
9.0,9.340967,Early,On Time
16.0,15.953222,Somewhat Late,Somewhat Late
17.0,11.605383,Somewhat Late,On Time
20.0,9.135553,Somewhat Late,On Time
8.0,8.736458,Early,Early
3.0,3.8151352,Very Early,Somewhat Early
3.0,3.777203,Very Early,Somewhat Early
5.0,3.8841631,Somewhat Early,Somewhat Early
4.0,7.43027,Somewhat Early,Early
19.0,10.236899,Somewhat Late,On Time
1.0,3.809904,Very Early,Somewhat Early
14.0,11.515938,On Time,On Time
3.0,6.0067883,Very Early,Early
14.0,11.458901,On Time,On Time
14.0,12.747146,On Time,On Time
3.0,9.2924,Very Early,On Time
9.0,13.899417,Early,On Time
18.0,14.161779,Somewhat Late,Somewhat Late
11.0,7.4860625,On Time,Early
9.0,4.2139463,Early,Somewhat Early
17.0,8.920359,Somewhat Late,Early
1.0,3.78353,Very Early,Somewhat Early
18.0,17.875935,Somewhat Late,Somewhat Late
8.0,8.662409,Early,Early
3.0,4.3678503,Very Early,Somewhat Early
22.0,12.567129,Very Late,On Time
2.0,3.8936782,Very Early,Somewhat Early
8.0,8.754394,Early,Early
13.0,12.106559,On Time,On Time
4.0,4.810192,Somewhat Early,Somewhat Early
9.0,9.767181,Early,On Time
15.0,15.49195,Somewhat Late,Somewhat Late
4.0,3.79156,Somewhat Early,Somewhat Early
6.0,7.9868283,Somewhat Early,Early
16.0,12.223884,Somewhat Late,On Time
7.0,6.6033883,Early,Early
12.0,8.0485935,On Time,Early
13.0,8.543949,On Time,Early
4.0,6.351042,Somewhat Early,Early
7.0,7.996934,Early,Early
13.0,20.254677,On Time,Very Late
6.0,4.5727425,Somewhat Early,Somewhat Early
10.0,10.537302,On Time,On Time
10.0,5.43278,On Time,Somewhat Early
8.0,4.3256116,Early,Somewhat Early
13.0,8.730387,On Time,Early
16.0,12.255184,Somewhat Late,On Time
17.0,18.809635,Somewhat Late,Somewhat Late
4.0,8.475055,Somewhat Early,Early
14.0,15.147739,On Time,Somewhat Late
13.0,8.772588,On Time,Early
12.0,10.283951,On Time,On Time
10.0,10.743313,On Time,On Time
15.0,10.288526,Somewhat Late,On Time
27.0,10.187762,Very Late,On Time
12.0,10.150821,On Time,On Time
6.0,4.7256207,Somewhat Early,Somewhat Early
12.0,12.024275,On Time,On Time
10.0,9.614271,On Time,On Time
6.0,4.6176443,Somewhat Early,Somewhat Early
13.0,7.681999,On Time,Early
9.0,5.2979803,Early,Somewhat Early
3.0,4.4913855,Very Early,Somewhat Early
4.0,7.189733,Somewhat Early,Early
15.0,10.49782,Somewhat Late,On Time
6.0,15.139724,Somewhat Early,Somewhat Late
1.0,4.715362,Very Early,Somewhat Early
8.0,9.691302,Early,On Time
23.0,18.71022,Very Late,Somewhat Late
16.0,15.4045,Somewhat Late,Somewhat Late
5.0,16.0243,Somewhat Early,Somewhat Late
5.0,3.827572,Somewhat Early,Somewhat Early
7.0,3.8851168,Early,Somewhat Early
9.0,7.1517534,Early,Early
13.0,7.26852,On Time,Early
12.0,13.794755,On Time,On Time
8.0,6.2188625,Early,Early
1.0,5.7396326,Very Early,Somewhat Early
2.0,4.3082595,Very Early,Somewhat Early
8.0,12.013797,Early,On Time
4.0,6.0839925,Somewhat Early,Early
8.0,5.636511,Early,Somewhat Early
6.0,5.075125,Somewhat Early,Somewhat Early
11.0,8.287605,On Time,Early
9.0,6.326711,Early,Early
14.0,11.694849,On Time,On Time
9.0,10.849972,Early,On Time
8.0,6.598082,Early,Early
6.0,7.9135013,Somewhat Early,Early
2.0,4.778504,Very Early,Somewhat Early
16.0,9.233324,Somewhat Late,On Time
17.0,9.143946,Somewhat Late,On Time
6.0,6.38462,Somewhat Early,Early
5.0,6.983423,Somewhat Early,Early
2.0,9.442172,Very Early,On Time
16.0,6.8326664,Somewhat Late,Early
10.0,8.280939,On Time,Early
3.0,15.314154,Very Early,Somewhat Late
14.0,6.160346,On Time,Early
19.0,10.353517,Somewhat Late,On Time
3.0,11.183157,Very Early,On Time
7.0,8.342935,Early,Early
11.0,11.152462,On Time,On Time
23.0,13.176806,Very Late,On Time
16.0,7.5170856,Somewhat Late,Early
15.0,13.028662,Somewhat Late,On Time
20.0,13.72275,Somewhat Late,On Time
4.0,3.859137,Somewhat Early,Somewhat Early
13.0,10.075561,On Time,On Time
2.0,4.2803326,Very Early,Somewhat Early
8.0,13.485945,Early,On Time
3.0,8.941161,Very Early,Early
4.0,7.6268177,Somewhat Early,Early
14.0,8.318952,On Time,Early
11.0,9.145575,On Time,On Time
1.0,3.7674727,Very Early,Somewhat Early
15.0,11.982471,Somewhat Late,On Time
7.0,7.5396185,Early,Early
3.0,8.36635,Very Early,Early
5.0,6.5128417,Somewhat Early,Early
11.0,11.552558,On Time,On Time
6.0,10.308701,Somewhat Early,On Time
13.0,9.374859,On Time,On Time
8.0,7.8533792,Early,Early
3.0,5.047734,Very Early,Somewhat Early
14.0,8.429924,On Time,Early
8.0,8.989817,Early,Early
11.0,10.378158,On Time,On Time
15.0,18.168629,Somewhat Late,Somewhat Late
6.0,6.3076963,Somewhat Early,Early
20.0,17.635914,Somewhat Late,Somewhat Late
14.0,9.785395,On Time,On Time
1.0,3.7862039,Very Early,Somewhat Early
23.0,18.842636,Very Late,Somewhat Late
6.0,7.887012,Somewhat Early,Early
24.0,8.121538,Very Late,Early
5.0,11.069342,Somewhat Early,On Time
13.0,17.465693,On Time,Somewhat Late
7.0,12.203474,Early,On Time
11.0,12.992772,On Time,On Time
2.0,3.8708396,Very Early,Somewhat Early
7.0,5.9169626,Early,Somewhat Early
13.0,10.117897,On Time,On Time
7.0,8.29129,Early,Early
4.0,7.7678237,Somewhat Early,Early
3.0,5.8378763,Very Early,Somewhat Early
17.0,10.416964,Somewhat Late,On Time
25.0,4.05071,Very Late,Somewhat Early
14.0,10.722696,On Time,On Time
14.0,11.005859,On Time,On Time
14.0,10.549207,On Time,On Time
17.0,10.318165,Somewhat Late,On Time
7.0,8.243599,Early,Early
13.0,9.27831,On Time,On Time
16.0,14.592722,Somewhat Late,Somewhat Late
3.0,5.590022,Very Early,Somewhat Early
5.0,4.6062117,Somewhat Early,Somewhat Early
17.0,7.0882363,Somewhat Late,Early
10.0,8.418811,On Time,Early
12.0,14.104306,On Time,Somewhat Late
11.0,9.392147,On Time,On Time
20.0,15.651602,Somewhat Late,Somewhat Late
20.0,18.122492,Somewhat Late,Somewhat Late
27.0,22.442616,Very Late,Very Late
5.0,9.207019,Somewhat Early,On Time
6.0,8.355883,Somewhat Early,Early
5.0,9.0092125,Somewhat Early,On Time
8.0,5.4286623,Early,Somewhat Early
15.0,10.239473,Somewhat Late,On Time
14.0,13.022012,On Time,On Time
5.0,13.651024,Somewhat Early,On Time
8.0,7.8386006,Early,Early
20.0,11.97459,Somewhat Late,On Time
20.0,17.621355,Somewhat Late,Somewhat Late
8.0,9.372547,Early,On Time
15.0,15.925817,Somewhat Late,Somewhat Late
6.0,5.6210513,Somewhat Early,Somewhat Early
11.0,11.990536,On Time,On Time
8.0,5.462395,Early,Somewhat Early
19.0,14.730709,Somewhat Late,Somewhat Late
8.0,8.803456,Early,Early
8.0,10.559517,Early,On Time
10.0,8.688321,On Time,Early
5.0,4.6114187,Somewhat Early,Somewhat Early
15.0,9.44758,Somewhat Late,On Time
23.0,17.521732,Very Late,Somewhat Late
5.0,4.0799317,Somewhat Early,Somewhat Early
2.0,4.1984735,Very Early,Somewhat Early
25.0,18.647999,Very Late,Somewhat Late
8.0,9.911267,Early,On Time
3.0,3.7914386,Very Early,Somewhat Early
7.0,4.565793,Early,Somewhat Early
24.0,16.107157,Very Late,Somewhat Late
7.0,4.539024,Early,Somewhat Early
13.0,8.103843,On Time,Early
16.0,14.464007,Somewhat Late,Somewhat Late
6.0,9.997451,Somewhat Early,On Time
2.0,10.407318,Very Early,On Time
2.0,4.437739,Very Early,Somewhat Early
7.0,11.913968,Early,On Time
7.0,9.649126,Early,On Time
6.0,6.816541,Somewhat Early,Early
19.0,7.4326077,Somewhat Late,Early
2.0,5.0220504,Very Early,Somewhat Early
25.0,15.189558,Very Late,Somewhat Late
19.0,13.599192,Somewhat Late,On Time
12.0,12.462759,On Time,On Time
6.0,9.135549,Somewhat Early,On Time
26.0,16.21422,Very Late,Somewhat Late
1.0,4.0112557,Very Early,Somewhat Early
2.0,3.9541137,Very Early,Somewhat Early
4.0,8.424983,Somewhat Early,Early
8.0,8.8642845,Early,Early
6.0,13.247616,Somewhat Early,On Time
10.0,7.2040787,On Time,Early
7.0,8.973806,Early,Early
8.0,5.7509127,Early,Somewhat Early
12.0,17.377932,On Time,Somewhat Late
3.0,3.793933,Very Early,Somewhat Early
15.0,7.165829,Somewhat Late,Early
7.0,8.458323,Early,Early
6.0,7.160728,Somewhat Early,Early
20.0,17.66316,Somewhat Late,Somewhat Late
9.0,8.145342,Early,Early
3.0,7.440692,Very Early,Early
19.0,7.61532,Somewhat Late,Early
6.0,4.104384,Somewhat Early,Somewhat Early
2.0,4.7449493,Very Early,Somewhat Early
26.0,20.345037,Very Late,Very Late
16.0,14.649452,Somewhat Late,Somewhat Late
14.0,14.286873,On Time,Somewhat Late
6.0,5.4978023,Somewhat Early,Somewhat Early
26.0,9.555868,Very Late,On Time
23.0,17.695883,Very Late,Somewhat Late
15.0,16.078526,Somewhat Late,Somewhat Late
10.0,9.936305,On Time,On Time
15.0,17.918911,Somewhat Late,Somewhat Late
8.0,11.673437,Early,On Time
13.0,13.602737,On Time,On Time
17.0,14.000212,Somewhat Late,Somewhat Late
9.0,5.466869,Early,Somewhat Early
2.0,4.0669937,Very Early,Somewhat Early
13.0,9.734806,On Time,On Time
15.0,7.8887095,Somewhat Late,Early
19.0,12.729152,Somewhat Late,On Time
12.0,7.6644654,On Time,Early
20.0,18.641514,Somewhat Late,Somewhat Late
10.0,4.935842,On Time,Somewhat Early
4.0,6.9981713,Somewhat Early,Early
12.0,12.826178,On Time,On Time
12.0,9.202965,On Time,On Time
11.0,10.569394,On Time,On Time
5.0,9.898515,Somewhat Early,On Time
14.0,8.564629,On Time,Early
13.0,13.049259,On Time,On Time
9.0,10.280741,Early,On Time
13.0,10.198009,On Time,On Time
15.0,14.6213665,Somewhat Late,Somewhat Late
5.0,6.3119416,Somewhat Early,Early
11.0,12.222839,On Time,On Time
19.0,15.040688,Somewhat Late,Somewhat Late
8.0,6.5747595,Early,Early
9.0,9.151838,Early,On Time
13.0,11.598974,On Time,On Time
18.0,14.848804,Somewhat Late,Somewhat Late
2.0,9.41751,Very Early,On Time
10.0,14.151679,On Time,Somewhat Late
14.0,12.256369,On Time,On Time
28.0,23.962715,Very Late,Very Late
21.0,15.914966,Very Late,Somewhat Late
24.0,10.255999,Very Late,On Time
2.0,3.8477225,Very Early,Somewhat Early
6.0,4.345772,Somewhat Early,Somewhat Early
6.0,6.1712193,Somewhat Early,Early
24.0,23.0493,Very Late,Very Late
8.0,9.343338,Early,On Time
12.0,8.139503,On Time,Early
9.0,13.697175,Early,On Time
12.0,9.305879,On Time,On Time
8.0,7.5358744,Early,Early
12.0,6.9261,On Time,Early
2.0,4.2228537,Very Early,Somewhat Early
17.0,15.143686,Somewhat Late,Somewhat Late
11.0,11.5792465,On Time,On Time
8.0,3.9199166,Early,Somewhat Early
10.0,7.9426165,On Time,Early
20.0,13.50963,Somewhat Late,On Time
17.0,14.242275,Somewhat Late,Somewhat Late
8.0,10.261064,Early,On Time
2.0,3.7972107,Very Early,Somewhat Early
8.0,4.7957816,Early,Somewhat Early
27.0,20.106129,Very Late,Very Late
6.0,9.940886,Somewhat Early,On Time
7.0,6.0259748,Early,Early
5.0,9.807893,Somewhat Early,On Time
8.0,5.6265473,Early,Somewhat Early
12.0,6.791633,On Time,Early
3.0,3.7805142,Very Early,Somewhat Early
4.0,3.7830818,Somewhat Early,Somewhat Early
11.0,11.152462,On Time,On Time
8.0,9.562174,Early,On Time
12.0,13.2689,On Time,On Time
9.0,12.998721,Early,On Time
10.0,11.532719,On Time,On Time
10.0,12.8618965,On Time,On Time
8.0,11.829143,Early,On Time
19.0,17.698427,Somewhat Late,Somewhat Late
14.0,12.165359,On Time,On Time
7.0,12.464447,Early,On Time
18.0,11.1024275,Somewhat Late,On Time
14.0,14.000047,On Time,Somewhat Late
16.0,11.032081,Somewhat Late,On Time
2.0,8.544982,Very Early,Early
12.0,7.211202,On Time,Early
14.0,11.375561,On Time,On Time
2.0,3.8635855,Very Early,Somewhat Early
4.0,8.889793,Somewhat Early,Early
2.0,4.7104764,Very Early,Somewhat Early
7.0,5.948338,Early,Somewhat Early
1.0,3.7801132,Very Early,Somewhat Early
11.0,14.441574,On Time,Somewhat Late
13.0,12.631156,On Time,On Time
10.0,9.592119,On Time,On Time
9.0,7.1679835,Early,Early
20.0,15.597044,Somewhat Late,Somewhat Late
19.0,12.918185,Somewhat Late,On Time
6.0,16.827003,Somewhat Early,Somewhat Late
7.0,9.425342,Early,On Time
27.0,18.727287,Very Late,Somewhat Late
3.0,6.3459105,Very Early,Early
4.0,6.858314,Somewhat Early,Early
15.0,17.639313,Somewhat Late,Somewhat Late
9.0,4.532256,Early,Somewhat Early
18.0,8.819821,Somewhat Late,Early
22.0,19.904219,Very Late,Somewhat Late
6.0,7.364421,Somewhat Early,Early
18.0,10.950704,Somewhat Late,On Time
5.0,6.098717,Somewhat Early,Early
12.0,11.465565,On Time,On Time
4.0,10.594332,Somewhat Early,On Time
17.0,13.399021,Somewhat Late,On Time
6.0,8.034445,Somewhat Early,Early
1.0,4.206416,Very Early,Somewhat Early
7.0,7.4899178,Early,Early
16.0,7.172288,Somewhat Late,Early
16.0,13.15963,Somewhat Late,On Time
15.0,12.069224,Somewhat Late,On Time
15.0,12.949318,Somewhat Late,On Time
11.0,10.693114,On Time,On Time
13.0,7.3251324,On Time,Early
16.0,17.771643,Somewhat Late,Somewhat Late
6.0,4.7789793,Somewhat Early,Somewhat Early
8.0,3.8172536,Early,Somewhat Early
3.0,6.531418,Very Early,Early
6.0,7.6935663,Somewhat Early,Early
5.0,9.738344,Somewhat Early,On Time
15.0,12.656046,Somewhat Late,On Time
6.0,3.9092405,Somewhat Early,Somewhat Early
16.0,10.1043215,Somewhat Late,On Time
7.0,3.792666,Early,Somewhat Early
5.0,8.117954,Somewhat Early,Early
5.0,9.747723,Somewhat Early,On Time
18.0,13.40292,Somewhat Late,On Time
7.0,5.6748924,Early,Somewhat Early
5.0,6.866112,Somewhat Early,Early
5.0,4.6034675,Somewhat Early,Somewhat Early
7.0,13.8972435,Early,On Time
4.0,3.8850935,Somewhat Early,Somewhat Early
14.0,8.466158,On Time,Early
7.0,9.264854,Early,On Time
9.0,10.686386,Early,On Time
9.0,5.357079,Early,Somewhat Early
9.0,9.507924,Early,On Time
12.0,10.206585,On Time,On Time
10.0,8.465361,On Time,Early
12.0,9.452615,On Time,On Time
26.0,22.669964,Very Late,Very Late
15.0,12.528188,Somewhat Late,On Time
12.0,9.952753,On Time,On Time
10.0,8.869986,On Time,Early
14.0,16.021406,On Time,Somewhat Late
22.0,19.74752,Very Late,Somewhat Late
3.0,11.400654,Very Early,On Time
4.0,9.75511,Somewhat Early,On Time
6.0,9.821078,Somewhat Early,On Time
6.0,6.163074,Somewhat Early,Early
8.0,8.662997,Early,Early
22.0,14.508289,Very Late,Somewhat Late
3.0,10.436464,Very Early,On Time
3.0,4.064292,Very Early,Somewhat Early
22.0,15.424559,Very Late,Somewhat Late
23.0,4.425584,Very Late,Somewhat Early
11.0,11.974413,On Time,On Time
6.0,4.819347,Somewhat Early,Somewhat Early
9.0,12.783041,Early,On Time
12.0,11.276122,On Time,On Time
10.0,7.8982124,On Time,Early
15.0,15.220671,Somewhat Late,Somewhat Late
7.0,4.5234632,Early,Somewhat Early
20.0,17.707409,Somewhat Late,Somewhat Late
7.0,9.585702,Early,On Time
17.0,10.286263,Somewhat Late,On Time
5.0,11.492856,Somewhat Early,On Time
21.0,21.143547,Very Late,Very Late
4.0,10.260141,Somewhat Early,On Time
15.0,9.343589,Somewhat Late,On Time
13.0,11.809292,On Time,On Time
11.0,8.525299,On Time,Early
12.0,13.970466,On Time,On Time
13.0,8.928184,On Time,Early
10.0,11.38866,On Time,On Time
3.0,6.514966,Very Early,Early
9.0,9.727116,Early,On Time
14.0,9.248482,On Time,On Time
3.0,4.10073,Very Early,Somewhat Early
3.0,4.7026796,Very Early,Somewhat Early
6.0,6.093566,Somewhat Early,Early
9.0,7.959112,Early,Early
2.0,4.189571,Very Early,Somewhat Early
7.0,7.2876844,Early,Early
2.0,7.504486,Very Early,Early
13.0,8.543949,On Time,Early
19.0,9.597352,Somewhat Late,On Time
8.0,7.3546987,Early,Early
6.0,8.210843,Somewhat Early,Early
21.0,18.466202,Very Late,Somewhat Late
5.0,5.6777067,Somewhat Early,Somewhat Early
20.0,10.421565,Somewhat Late,On Time
9.0,11.064497,Early,On Time
3.0,8.340982,Very Early,Early
4.0,4.3933372,Somewhat Early,Somewhat Early
18.0,14.278546,Somewhat Late,Somewhat Late
6.0,7.11061,Somewhat Early,Early
7.0,11.119626,Early,On Time
10.0,7.7202535,On Time,Early
9.0,10.571693,Early,On Time
16.0,14.083984,Somewhat Late,Somewhat Late
11.0,11.250635,On Time,On Time
9.0,8.051383,Early,Early
10.0,7.9472704,On Time,Early
14.0,12.1597595,On Time,On Time
12.0,11.801101,On Time,On Time
11.0,12.781572,On Time,On Time
3.0,3.7822106,Very Early,Somewhat Early
14.0,14.7346115,On Time,Somewhat Late
17.0,16.572716,Somewhat Late,Somewhat Late
9.0,8.6716585,Early,Early
17.0,15.214584,Somewhat Late,Somewhat Late
11.0,8.169502,On Time,Early
3.0,3.7871528,Very Early,Somewhat Early
15.0,13.023896,Somewhat Late,On Time
12.0,11.658442,On Time,On Time
7.0,6.87958,Early,Early
10.0,10.101718,On Time,On Time
14.0,10.678538,On Time,On Time
3.0,9.386232,Very Early,On Time
8.0,8.945725,Early,Early
2.0,3.7959137,Very Early,Somewhat Early
12.0,7.8667254,On Time,Early
4.0,5.054893,Somewhat Early,Somewhat Early
12.0,10.977013,On Time,On Time
8.0,5.115272,Early,Somewhat Early
8.0,8.85395,Early,Early
13.0,12.332555,On Time,On Time
9.0,6.667341,Early,Early
19.0,16.085743,Somewhat Late,Somewhat Late
5.0,8.240591,Somewhat Early,Early
12.0,9.4386835,On Time,On Time
3.0,4.155053,Very Early,Somewhat Early
22.0,17.127298,Very Late,Somewhat Late
26.0,25.987396,Very Late,Very Late
10.0,6.3364124,On Time,Early
16.0,8.59026,Somewhat Late,Early
3.0,4.7064466,Very Early,Somewhat Early
6.0,6.9842772,Somewhat Early,Early
13.0,5.8523626,On Time,Somewhat Early
1.0,4.217405,Very Early,Somewhat Early
7.0,11.587615,Early,On Time
22.0,19.136965,Very Late,Somewhat Late
9.0,4.1198235,Early,Somewhat Early
3.0,5.0448155,Very Early,Somewhat Early
9.0,7.4234543,Early,Early
13.0,13.338859,On Time,On Time
9.0,17.75457,Early,Somewhat Late
12.0,5.2225738,On Time,Somewhat Early
6.0,4.8010874,Somewhat Early,Somewhat Early
24.0,20.74924,Very Late,Very Late
9.0,18.390392,Early,Somewhat Late
10.0,10.264551,On Time,On Time
4.0,3.7955832,Somewhat Early,Somewhat Early
5.0,8.73712,Somewhat Early,Early
14.0,8.25725,On Time,Early
1.0,4.6232047,Very Early,Somewhat Early
5.0,6.0305247,Somewhat Early,Early
10.0,15.470596,On Time,Somewhat Late
5.0,5.290642,Somewhat Early,Somewhat Early
6.0,6.8796396,Somewhat Early,Early
11.0,9.393472,On Time,On Time
7.0,5.075261,Early,Somewhat Early
3.0,6.911775,Very Early,Early
1.0,4.012015,Very Early,Somewhat Early
8.0,15.644225,Early,Somewhat Late
4.0,7.4829884,Somewhat Early,Early
12.0,5.8090577,On Time,Somewhat Early
5.0,6.5284247,Somewhat Early,Early
10.0,6.593295,On Time,Early
13.0,6.0027504,On Time,Early
5.0,6.5885553,Somewhat Early,Early
23.0,22.878702,Very Late,Very Late
18.0,13.22528,Somewhat Late,On Time
4.0,5.588853,Somewhat Early,Somewhat Early
10.0,9.548804,On Time,On Time
4.0,3.797099,Somewhat Early,Somewhat Early
7.0,8.408139,Early,Early
11.0,8.649159,On Time,Early
4.0,4.0883503,Somewhat Early,Somewhat Early
27.0,15.827712,Very Late,Somewhat Late
6.0,9.391578,Somewhat Early,On Time
7.0,9.564631,Early,On Time
7.0,5.8666587,Early,Somewhat Early
16.0,20.657803,Somewhat Late,Very Late
9.0,8.419127,Early,Early
7.0,15.652236,Early,Somewhat Late
12.0,10.174307,On Time,On Time
6.0,5.8912644,Somewhat Early,Somewhat Early
7.0,7.9572973,Early,Early
5.0,7.722639,Somewhat Early,Early
5.0,6.3030305,Somewhat Early,Early
2.0,4.0604467,Very Early,Somewhat Early
7.0,9.087761,Early,On Time
6.0,3.7892466,Somewhat Early,Somewhat Early
18.0,15.148649,Somewhat Late,Somewhat Late
7.0,8.789665,Early,Early
8.0,7.151784,Early,Early
1.0,3.8036442,Very Early,Somewhat Early
12.0,9.241707,On Time,On Time
17.0,20.21374,Somewhat Late,Very Late
7.0,4.4968247,Early,Somewhat Early
9.0,11.985825,Early,On Time
6.0,9.282571,Somewhat Early,On Time
8.0,9.222073,Early,On Time
9.0,8.597819,Early,Early
6.0,3.8988793,Somewhat Early,Somewhat Early
17.0,14.45386,Somewhat Late,Somewhat Late
4.0,7.6740117,Somewhat Early,Early
2.0,4.642073,Very Early,Somewhat Early
6.0,7.0533504,Somewhat Early,Early
17.0,8.046025,Somewhat Late,Early
4.0,4.368393,Somewhat Early,Somewhat Early
27.0,19.306953,Very Late,Somewhat Late
16.0,17.376333,Somewhat Late,Somewhat Late
2.0,3.8353999,Very Early,Somewhat Early
12.0,4.956382,On Time,Somewhat Early
22.0,14.091469,Very Late,Somewhat Late
16.0,7.4777904,Somewhat Late,Early
8.0,3.8799362,Early,Somewhat Early
12.0,8.029689,On Time,Early
9.0,8.878619,Early,Early
26.0,16.92706,Very Late,Somewhat Late
7.0,9.414712,Early,On Time
15.0,14.638886,Somewhat Late,Somewhat Late
7.0,12.749504,Early,On Time
11.0,9.863613,On Time,On Time
1.0,3.814689,Very Early,Somewhat Early
2.0,3.8061202,Very Early,Somewhat Early
4.0,7.082354,Somewhat Early,Early
3.0,7.850222,Very Early,Early
8.0,4.5621552,Early,Somewhat Early
3.0,3.7865837,Very Early,Somewhat Early
6.0,8.405345,Somewhat Early,Early
5.0,7.853771,Somewhat Early,Early
6.0,4.219343,Somewhat Early,Somewhat Early
6.0,4.3750467,Somewhat Early,Somewhat Early
11.0,9.05686,On Time,On Time
4.0,7.4516635,Somewhat Early,Early
22.0,14.024288,Very Late,Somewhat Late
7.0,5.365634,Early,Somewhat Early
5.0,6.2693696,Somewhat Early,Early
6.0,19.387173,Somewhat Early,Somewhat Late
6.0,6.660319,Somewhat Early,Early
5.0,12.436767,Somewhat Early,On Time
28.0,9.191018,Very Late,On Time
13.0,6.0474734,On Time,Early
1.0,3.7847471,Very Early,Somewhat Early
7.0,8.031629,Early,Early
3.0,4.1260858,Very Early,Somewhat Early
10.0,9.385722,On Time,On Time
9.0,10.386579,Early,On Time
7.0,7.75775,Early,Early
12.0,14.566185,On Time,Somewhat Late
5.0,7.985474,Somewhat Early,Early
8.0,8.543573,Early,Early
7.0,8.179422,Early,Early
9.0,6.3388424,Early,Early
2.0,7.6319885,Very Early,Early
7.0,8.782887,Early,Early
17.0,14.384446,Somewhat Late,Somewhat Late
7.0,8.948963,Early,Early
4.0,3.806668,Somewhat Early,Somewhat Early
7.0,13.938961,Early,On Time
5.0,6.8259635,Somewhat Early,Early
2.0,3.7857108,Very Early,Somewhat Early
3.0,5.506266,Very Early,Somewhat Early
5.0,9.728064,Somewhat Early,On Time
18.0,15.504115,Somewhat Late,Somewhat Late
20.0,14.043484,Somewhat Late,Somewhat Late
7.0,3.9049537,Early,Somewhat Early
14.0,15.168438,On Time,Somewhat Late
10.0,9.734393,On Time,On Time
4.0,3.8200297,Somewhat Early,Somewhat Early
2.0,4.6573477,Very Early,Somewhat Early
12.0,9.08074,On Time,On Time
15.0,15.064866,Somewhat Late,Somewhat Late
3.0,8.804643,Very Early,Early
10.0,3.8012958,On Time,Somewhat Early
4.0,7.118857,Somewhat Early,Early
7.0,10.378158,Early,On Time
7.0,14.262089,Early,Somewhat Late
8.0,7.494713,Early,Early
6.0,6.613419,Somewhat Early,Early
12.0,15.53343,On Time,Somewhat Late
4.0,3.7961879,Somewhat Early,Somewhat Early
8.0,7.031644,Early,Early
12.0,12.511467,On Time,On Time
5.0,7.151433,Somewhat Early,Early
5.0,4.0976405,Somewhat Early,Somewhat Early
2.0,3.7928288,Very Early,Somewhat Early
9.0,5.441925,Early,Somewhat Early
13.0,13.503968,On Time,On Time
22.0,17.63925,Very Late,Somewhat Late
10.0,11.932266,On Time,On Time
1.0,4.591655,Very Early,Somewhat Early
9.0,9.810047,Early,On Time
3.0,4.971932,Very Early,Somewhat Early
7.0,7.433528,Early,Early
16.0,13.211551,Somewhat Late,On Time
9.0,4.973078,Early,Somewhat Early
6.0,4.2045465,Somewhat Early,Somewhat Early
7.0,8.537495,Early,Early
7.0,6.9617515,Early,Early
21.0,10.516285,Very Late,On Time
12.0,8.825388,On Time,Early
24.0,19.109575,Very Late,Somewhat Late
2.0,3.7822874,Very Early,Somewhat Early
1.0,3.7853854,Very Early,Somewhat Early
6.0,4.1552696,Somewhat Early,Somewhat Early
9.0,6.71136,Early,Early
17.0,13.551309,Somewhat Late,On Time
9.0,9.134433,Early,On Time
10.0,9.579027,On Time,On Time
13.0,4.3654385,On Time,Somewhat Early
9.0,7.670704,Early,Early
11.0,10.779254,On Time,On Time
11.0,12.969875,On Time,On Time
8.0,4.219652,Early,Somewhat Early
7.0,3.8093572,Early,Somewhat Early
13.0,11.524405,On Time,On Time
2.0,3.842785,Very Early,Somewhat Early
20.0,20.365105,Somewhat Late,Very Late
2.0,3.8687623,Very Early,Somewhat Early
17.0,13.811087,Somewhat Late,On Time
10.0,9.948294,On Time,On Time
19.0,13.099476,Somewhat Late,On Time
7.0,5.274661,Early,Somewhat Early
16.0,16.888353,Somewhat Late,Somewhat Late
6.0,3.8875856,Somewhat Early,Somewhat Early
20.0,11.793177,Somewhat Late,On Time
2.0,4.4748673,Very Early,Somewhat Early
8.0,16.879995,Early,Somewhat Late
25.0,18.92476,Very Late,Somewhat Late
4.0,8.395657,Somewhat Early,Early
11.0,8.721235,On Time,Early
12.0,14.309221,On Time,Somewhat Late
5.0,8.660536,Somewhat Early,Early
8.0,12.794846,Early,On Time
14.0,14.601369,On Time,Somewhat Late
13.0,15.160142,On Time,Somewhat Late
2.0,6.727284,Very Early,Early
14.0,8.557294,On Time,Early
6.0,7.890451,Somewhat Early,Early
23.0,15.873185,Very Late,Somewhat Late
2.0,4.5363207,Very Early,Somewhat Early
9.0,10.154736,Early,On Time
5.0,8.51732,Somewhat Early,Early
13.0,9.234431,On Time,On Time
7.0,4.1648393,Early,Somewhat Early
3.0,3.8421373,Very Early,Somewhat Early
11.0,5.0514956,On Time,Somewhat Early
2.0,17.605148,Very Early,Somewhat Late
10.0,7.8502655,On Time,Early
19.0,16.767105,Somewhat Late,Somewhat Late
12.0,6.587881,On Time,Early
5.0,6.3305964,Somewhat Early,Early
6.0,6.3551407,Somewhat Early,Early
6.0,8.069989,Somewhat Early,Early
14.0,10.321848,On Time,On Time
14.0,13.843696,On Time,On Time
12.0,11.617525,On Time,On Time
15.0,14.722251,Somewhat Late,Somewhat Late
16.0,15.70303,Somewhat Late,Somewhat Late
9.0,10.223783,Early,On Time
11.0,9.130005,On Time,On Time
3.0,6.775879,Very Early,Early
21.0,19.438011,Very Late,Somewhat Late
12.0,7.7348433,On Time,Early
11.0,10.318018,On Time,On Time
1.0,3.7808492,Very Early,Somewhat Early
8.0,9.184844,Early,On Time
11.0,11.0915985,On Time,On Time
7.0,13.2149725,Early,On Time
14.0,8.537975,On Time,Early
9.0,5.17341,Early,Somewhat Early
7.0,8.033107,Early,Early
14.0,13.355538,On Time,On Time
5.0,6.9472113,Somewhat Early,Early
10.0,3.9288094,On Time,Somewhat Early
10.0,10.522314,On Time,On Time
2.0,3.823373,Very Early,Somewhat Early
6.0,8.512661,Somewhat Early,Early
8.0,8.654447,Early,Early
6.0,6.385542,Somewhat Early,Early
24.0,21.230785,Very Late,Very Late
2.0,3.9374757,Very Early,Somewhat Early
5.0,3.79419,Somewhat Early,Somewhat Early
9.0,6.7621303,Early,Early
6.0,9.179473,Somewhat Early,On Time
6.0,10.887148,Somewhat Early,On Time
2.0,8.274359,Very Early,Early
3.0,3.7884796,Very Early,Somewhat Early
14.0,11.703315,On Time,On Time
19.0,8.347475,Somewhat Late,Early
28.0,21.973742,Very Late,Very Late
17.0,12.780955,Somewhat Late,On Time
12.0,10.832451,On Time,On Time
7.0,4.73949,Early,Somewhat Early
1.0,4.1914277,Very Early,Somewhat Early
8.0,9.72187,Early,On Time
7.0,3.9047873,Early,Somewhat Early
12.0,9.812778,On Time,On Time
9.0,8.1760845,Early,Early
20.0,3.8393815,Somewhat Late,Somewhat Early
5.0,5.6036277,Somewhat Early,Somewhat Early
5.0,9.291786,Somewhat Early,On Time
10.0,7.990141,On Time,Early
9.0,7.338515,Early,Early
9.0,7.7798333,Early,Early
2.0,4.6673183,Very Early,Somewhat Early
2.0,4.5881195,Very Early,Somewhat Early
6.0,8.384387,Somewhat Early,Early
7.0,6.552414,Early,Early
6.0,10.215962,Somewhat Early,On Time
7.0,8.266379,Early,Early
11.0,10.221403,On Time,On Time
19.0,16.687021,Somewhat Late,Somewhat Late
8.0,7.6327267,Early,Early
10.0,6.4016037,On Time,Early
12.0,7.6859026,On Time,Early
19.0,8.358145,Somewhat Late,Early
9.0,8.984589,Early,Early
24.0,11.486888,Very Late,On Time
10.0,9.991939,On Time,On Time
13.0,17.953321,On Time,Somewhat Late
21.0,13.742673,Very Late,On Time
5.0,3.7874908,Somewhat Early,Somewhat Early
13.0,11.654264,On Time,On Time
11.0,9.275446,On Time,On Time
9.0,10.46105,Early,On Time
7.0,8.98613,Early,Early
6.0,3.9227483,Somewhat Early,Somewhat Early
9.0,10.7846365,Early,On Time
14.0,14.200354,On Time,Somewhat Late
4.0,5.7413206,Somewhat Early,Somewhat Early
7.0,7.8670683,Early,Early
12.0,11.610463,On Time,On Time
8.0,7.9850516,Early,Early
5.0,6.0375214,Somewhat Early,Early
1.0,4.095396,Very Early,Somewhat Early
10.0,7.5655046,On Time,Early
25.0,24.635815,Very Late,Very Late
6.0,9.0926,Somewhat Early,On Time
16.0,13.83978,Somewhat Late,On Time
19.0,9.809721,Somewhat Late,On Time
6.0,6.932577,Somewhat Early,Early
4.0,3.8517015,Somewhat Early,Somewhat Early
8.0,5.1896515,Early,Somewhat Early
5.0,7.594861,Somewhat Early,Early
4.0,8.097297,Somewhat Early,Early
27.0,21.470818,Very Late,Very Late
9.0,10.235353,Early,On Time
22.0,20.059471,Very Late,Very Late
22.0,24.222084,Very Late,Very Late
8.0,4.671644,Early,Somewhat Early
19.0,11.096237,Somewhat Late,On Time
20.0,9.348426,Somewhat Late,On Time
9.0,11.899404,Early,On Time
16.0,15.1091175,Somewhat Late,Somewhat Late
11.0,12.9668455,On Time,On Time
16.0,14.779621,Somewhat Late,Somewhat Late
9.0,9.321758,Early,On Time
9.0,8.626266,Early,Early
21.0,15.563792,Very Late,Somewhat Late
11.0,14.034213,On Time,Somewhat Late
12.0,16.21045,On Time,Somewhat Late
17.0,9.711927,Somewhat Late,On Time
7.0,6.2612996,Early,Early
13.0,12.88116,On Time,On Time
6.0,9.091293,Somewhat Early,On Time
12.0,11.913608,On Time,On Time
11.0,7.8877125,On Time,Early
7.0,4.6183147,Early,Somewhat Early
3.0,3.779499,Very Early,Somewhat Early
8.0,6.276534,Early,Early
13.0,12.716425,On Time,On Time
9.0,7.8253016,Early,Early
16.0,11.390272,Somewhat Late,On Time
13.0,7.6142607,On Time,Early
5.0,8.839928,Somewhat Early,Early
4.0,5.525299,Somewhat Early,Somewhat Early
6.0,7.537907,Somewhat Early,Early
5.0,15.012662,Somewhat Early,Somewhat Late
14.0,14.25782,On Time,Somewhat Late
7.0,4.654781,Early,Somewhat Early
11.0,9.46164,On Time,On Time
2.0,4.2458043,Very Early,Somewhat Early
4.0,4.2621408,Somewhat Early,Somewhat Early
8.0,8.158934,Early,Early
10.0,6.92372,On Time,Early
14.0,7.8951964,On Time,Early
7.0,10.684799,Early,On Time
13.0,4.945911,On Time,Somewhat Early
7.0,9.377631,Early,On Time
7.0,8.682273,Early,Early
6.0,3.804094,Somewhat Early,Somewhat Early
6.0,3.8172882,Somewhat Early,Somewhat Early
8.0,5.376218,Early,Somewhat Early
5.0,3.9111376,Somewhat Early,Somewhat Early
14.0,8.550825,On Time,Early
7.0,6.7320757,Early,Early
9.0,7.580544,Early,Early
9.0,13.43861,Early,On Time
7.0,6.8921847,Early,Early
5.0,11.795627,Somewhat Early,On Time
19.0,16.644608,Somewhat Late,Somewhat Late
11.0,8.749115,On Time,Early
5.0,3.9333794,Somewhat Early,Somewhat Early
10.0,8.98597,On Time,Early
26.0,7.0318866,Very Late,Early
9.0,9.159678,Early,On Time
8.0,10.510609,Early,On Time
5.0,6.763777,Somewhat Early,Early
18.0,17.175821,Somewhat Late,Somewhat Late
11.0,9.977268,On Time,On Time
16.0,16.2557,Somewhat Late,Somewhat Late
8.0,6.2104187,Early,Early
17.0,9.58941,Somewhat Late,On Time
11.0,19.315544,On Time,Somewhat Late
3.0,3.8093839,Very Early,Somewhat Early
14.0,10.82348,On Time,On Time
18.0,15.768251,Somewhat Late,Somewhat Late
5.0,9.394826,Somewhat Early,On Time
9.0,12.932336,Early,On Time
12.0,9.36373,On Time,On Time
9.0,9.587786,Early,On Time
15.0,14.46925,Somewhat Late,Somewhat Late
15.0,14.251121,Somewhat Late,Somewhat Late
23.0,13.859765,Very Late,On Time
10.0,10.591718,On Time,On Time
8.0,10.947238,Early,On Time
5.0,6.6615925,Somewhat Early,Early
5.0,4.1202264,Somewhat Early,Somewhat Early
5.0,6.1440144,Somewhat Early,Early
17.0,16.176113,Somewhat Late,Somewhat Late
1.0,4.321878,Very Early,Somewhat Early
14.0,13.319331,On Time,On Time
6.0,7.6994753,Somewhat Early,Early
2.0,3.7961204,Very Early,Somewhat Early
6.0,10.712765,Somewhat Early,On Time
5.0,9.292464,Somewhat Early,On Time
7.0,9.029933,Early,On Time
3.0,3.862857,Very Early,Somewhat Early
15.0,5.506812,Somewhat Late,Somewhat Early
11.0,10.082758,On Time,On Time
12.0,9.410928,On Time,On Time
9.0,4.175133,Early,Somewhat Early
10.0,9.550786,On Time,On Time
14.0,14.548193,On Time,Somewhat Late
4.0,6.9216824,Somewhat Early,Early
10.0,9.540743,On Time,On Time
12.0,10.274758,On Time,On Time
5.0,4.326643,Somewhat Early,Somewhat Early
16.0,8.591857,Somewhat Late,Early
11.0,5.927689,On Time,Somewhat Early
8.0,9.577483,Early,On Time
6.0,6.887883,Somewhat Early,Early
12.0,14.158902,On Time,Somewhat Late
9.0,8.311816,Early,Early
19.0,18.61314,Somewhat Late,Somewhat Late
24.0,21.198488,Very Late,Very Late
7.0,9.304085,Early,On Time
7.0,8.912002,Early,Early
7.0,9.113806,Early,On Time
13.0,13.637393,On Time,On Time
9.0,8.3480625,Early,Early
16.0,8.961568,Somewhat Late,Early
21.0,12.351608,Very Late,On Time
7.0,9.439371,Early,On Time
10.0,8.980099,On Time,Early
11.0,7.85095,On Time,Early
10.0,11.675124,On Time,On Time
12.0,8.854825,On Time,Early
9.0,6.7012978,Early,Early
12.0,15.663988,On Time,Somewhat Late
3.0,3.803135,Very Early,Somewhat Early
15.0,11.958416,Somewhat Late,On Time
10.0,9.904319,On Time,On Time
3.0,7.001879,Very Early,Early
14.0,12.671753,On Time,On Time
16.0,12.38848,Somewhat Late,On Time
27.0,16.464993,Very Late,Somewhat Late
23.0,7.914275,Very Late,Early
5.0,13.035161,Somewhat Early,On Time
5.0,3.8253095,Somewhat Early,Somewhat Early
16.0,14.050732,Somewhat Late,Somewhat Late
15.0,6.9357867,Somewhat Late,Early
12.0,11.885449,On Time,On Time
1.0,10.104756,Very Early,On Time
5.0,8.223508,Somewhat Early,Early
7.0,9.567762,Early,On Time
7.0,4.4474854,Early,Somewhat Early
14.0,12.360893,On Time,On Time
5.0,6.4645996,Somewhat Early,Early
10.0,7.5114393,On Time,Early
10.0,7.825555,On Time,Early
11.0,9.565475,On Time,On Time
13.0,5.7992897,On Time,Somewhat Early
6.0,3.9363801,Somewhat Early,Somewhat Early
6.0,10.2708845,Somewhat Early,On Time
5.0,10.476218,Somewhat Early,On Time
7.0,9.938201,Early,On Time
10.0,13.851509,On Time,On Time
9.0,13.998514,Early,On Time
5.0,5.2603054,Somewhat Early,Somewhat Early
22.0,13.761808,Very Late,On Time
16.0,15.331484,Somewhat Late,Somewhat Late
10.0,11.947887,On Time,On Time
7.0,7.468491,Early,Early
20.0,21.97344,Somewhat Late,Very Late
11.0,8.752318,On Time,Early
9.0,11.072547,Early,On Time
6.0,7.5510893,Somewhat Early,Early
8.0,4.8035307,Early,Somewhat Early
19.0,16.93131,Somewhat Late,Somewhat Late
10.0,9.266231,On Time,On Time
27.0,11.839259,Very Late,On Time
8.0,8.508074,Early,Early
14.0,16.89344,On Time,Somewhat Late
9.0,10.165341,Early,On Time
12.0,14.485809,On Time,Somewhat Late
22.0,14.49296,Very Late,Somewhat Late
4.0,9.012013,Somewhat Early,On Time
9.0,8.428488,Early,Early
11.0,8.942129,On Time,Early
8.0,8.589561,Early,Early
6.0,7.7990255,Somewhat Early,Early
8.0,4.773983,Early,Somewhat Early
11.0,4.198596,On Time,Somewhat Early
5.0,7.953028,Somewhat Early,Early
2.0,3.7979774,Very Early,Somewhat Early
6.0,8.658426,Somewhat Early,Early
12.0,10.037555,On Time,On Time
14.0,7.952647,On Time,Early
10.0,8.480386,On Time,Early
10.0,5.3939896,On Time,Somewhat Early
4.0,7.4104457,Somewhat Early,Early
13.0,9.812338,On Time,On Time
10.0,8.77464,On Time,Early
7.0,8.891562,Early,Early
4.0,5.616723,Somewhat Early,Somewhat Early
5.0,6.5081534,Somewhat Early,Early
5.0,3.7965205,Somewhat Early,Somewhat Early
5.0,14.4461,Somewhat Early,Somewhat Late
3.0,5.3142576,Very Early,Somewhat Early
6.0,10.822588,Somewhat Early,On Time
10.0,9.999199,On Time,On Time
23.0,10.458409,Very Late,On Time
18.0,14.304809,Somewhat Late,Somewhat Late
5.0,6.714284,Somewhat Early,Early
22.0,19.712364,Very Late,Somewhat Late
7.0,13.080624,Early,On Time
11.0,7.494447,On Time,Early
2.0,3.8161721,Very Early,Somewhat Early
8.0,6.3923306,Early,Early
4.0,12.811058,Somewhat Early,On Time
18.0,15.211743,Somewhat Late,Somewhat Late
7.0,6.3235116,Early,Early
4.0,3.8174462,Somewhat Early,Somewhat Early
11.0,6.4704204,On Time,Early
3.0,3.7920184,Very Early,Somewhat Early
4.0,4.9064217,Somewhat Early,Somewhat Early
5.0,5.8599825,Somewhat Early,Somewhat Early
20.0,16.089825,Somewhat Late,Somewhat Late
13.0,9.887732,On Time,On Time
7.0,7.1775675,Early,Early
18.0,15.318085,Somewhat Late,Somewhat Late
21.0,8.901133,Very Late,Early
27.0,11.273688,Very Late,On Time
9.0,8.731115,Early,Early
3.0,3.8134012,Very Early,Somewhat Early
9.0,6.770941,Early,Early
16.0,9.366107,Somewhat Late,On Time
6.0,3.7945786,Somewhat Early,Somewhat Early
7.0,3.8670602,Early,Somewhat Early
3.0,11.10413,Very Early,On Time
16.0,17.744593,Somewhat Late,Somewhat Late
7.0,12.909977,Early,On Time
6.0,6.174286,Somewhat Early,Early
10.0,9.900117,On Time,On Time
13.0,11.513754,On Time,On Time
8.0,9.308924,Early,On Time
13.0,8.980413,On Time,Early
15.0,16.036957,Somewhat Late,Somewhat Late
2.0,3.800616,Very Early,Somewhat Early
5.0,6.118375,Somewhat Early,Early
9.0,7.614402,Early,Early
18.0,18.03797,Somewhat Late,Somewhat Late
2.0,8.011389,Very Early,Early
5.0,7.234776,Somewhat Early,Early
9.0,7.274645,Early,Early
17.0,15.112347,Somewhat Late,Somewhat Late
8.0,14.340417,Early,Somewhat Late
7.0,8.736089,Early,Early
1.0,3.7965,Very Early,Somewhat Early
7.0,5.743985,Early,Somewhat Early
23.0,16.791948,Very Late,Somewhat Late
2.0,7.1867123,Very Early,Early
12.0,14.144441,On Time,Somewhat Late
3.0,3.8792472,Very Early,Somewhat Early
3.0,4.5406985,Very Early,Somewhat Early
9.0,9.3519945,Early,On Time
13.0,10.360386,On Time,On Time
13.0,9.338737,On Time,On Time
8.0,10.133897,Early,On Time
3.0,3.8218148,Very Early,Somewhat Early
8.0,6.958424,Early,Early
11.0,14.931248,On Time,Somewhat Late
13.0,7.3252554,On Time,Early
5.0,7.9707355,Somewhat Early,Early
13.0,7.6027007,On Time,Early
12.0,7.3402357,On Time,Early
15.0,10.005138,Somewhat Late,On Time
7.0,9.331926,Early,On Time
5.0,7.341459,Somewhat Early,Early
6.0,9.254104,Somewhat Early,On Time
8.0,8.64811,Early,Early
7.0,8.255046,Early,Early
9.0,10.100413,Early,On Time
21.0,20.709084,Very Late,Very Late
13.0,12.918423,On Time,On Time
9.0,7.918383,Early,Early
17.0,10.644827,Somewhat Late,On Time
7.0,7.893652,Early,Early
4.0,4.4667315,Somewhat Early,Somewhat Early
16.0,8.569725,Somewhat Late,Early
18.0,17.505909,Somewhat Late,Somewhat Late
5.0,4.7838445,Somewhat Early,Somewhat Early
3.0,7.606478,Very Early,Early
27.0,14.146465,Very Late,Somewhat Late
9.0,11.313597,Early,On Time
4.0,3.8237834,Somewhat Early,Somewhat Early
5.0,4.1949983,Somewhat Early,Somewhat Early
15.0,9.073834,Somewhat Late,On Time
9.0,7.8695917,Early,Early
7.0,10.2931,Early,On Time
5.0,4.527694,Somewhat Early,Somewhat Early
11.0,8.479317,On Time,Early
2.0,4.3672857,Very Early,Somewhat Early
20.0,8.027713,Somewhat Late,Early
12.0,16.268534,On Time,Somewhat Late
10.0,7.5289507,On Time,Early
7.0,10.164162,Early,On Time
7.0,7.614404,Early,Early
22.0,17.913725,Very Late,Somewhat Late
4.0,4.376477,Somewhat Early,Somewhat Early
6.0,11.764845,Somewhat Early,On Time
14.0,13.969248,On Time,On Time
24.0,8.88412,Very Late,Early
12.0,8.408207,On Time,Early
5.0,8.888165,Somewhat Early,Early
5.0,4.158304,Somewhat Early,Somewhat Early
19.0,13.037285,Somewhat Late,On Time
9.0,9.1540785,Early,On Time
21.0,19.983282,Very Late,Somewhat Late
5.0,4.679817,Somewhat Early,Somewhat Early
3.0,5.388538,Very Early,Somewhat Early
4.0,4.388401,Somewhat Early,Somewhat Early
3.0,3.8385792,Very Early,Somewhat Early
5.0,8.882385,Somewhat Early,Early
6.0,9.168942,Somewhat Early,On Time
5.0,5.448474,Somewhat Early,Somewhat Early
13.0,8.645923,On Time,Early
8.0,9.164585,Early,On Time
5.0,6.461744,Somewhat Early,Early
7.0,8.021867,Early,Early
7.0,6.5961957,Early,Early
17.0,8.20108,Somewhat Late,Early
6.0,10.371846,Somewhat Early,On Time
11.0,9.298651,On Time,On Time
10.0,14.354583,On Time,Somewhat Late
8.0,13.901772,Early,On Time
16.0,11.273872,Somewhat Late,On Time
23.0,10.924296,Very Late,On Time
15.0,10.697103,Somewhat Late,On Time
4.0,3.8810055,Somewhat Early,Somewhat Early
5.0,3.864273,Somewhat Early,Somewhat Early
18.0,15.44911,Somewhat Late,Somewhat Late
24.0,22.861544,Very Late,Very Late
9.0,7.4811726,Early,Early
1.0,3.8696167,Very Early,Somewhat Early
6.0,5.7388067,Somewhat Early,Somewhat Early
4.0,7.138216,Somewhat Early,Early
11.0,6.7015,On Time,Early
4.0,5.368926,Somewhat Early,Somewhat Early
5.0,4.7270813,Somewhat Early,Somewhat Early
12.0,7.8757935,On Time,Early
2.0,5.44243,Very Early,Somewhat Early
11.0,9.052561,On Time,On Time
2.0,3.7929797,Very Early,Somewhat Early
16.0,13.564194,Somewhat Late,On Time
9.0,9.460431,Early,On Time
8.0,12.888183,Early,On Time
13.0,6.876687,On Time,Early
9.0,7.2283354,Early,Early
18.0,11.786661,Somewhat Late,On Time
7.0,8.131121,Early,Early
5.0,3.769772,Somewhat Early,Somewhat Early
20.0,15.799676,Somewhat Late,Somewhat Late
5.0,6.8949194,Somewhat Early,Early
11.0,8.0990305,On Time,Early
7.0,6.352703,Early,Early
15.0,14.515944,Somewhat Late,Somewhat Late
11.0,7.8533683,On Time,Early
2.0,3.8043773,Very Early,Somewhat Early
9.0,11.842912,Early,On Time
11.0,7.986598,On Time,Early
3.0,9.155048,Very Early,On Time
9.0,6.12232,Early,Early
17.0,4.0519195,Somewhat Late,Somewhat Early
20.0,10.885593,Somewhat Late,On Time
5.0,5.9973693,Somewhat Early,Somewhat Early
9.0,8.825216,Early,Early
7.0,6.555534,Early,Early
21.0,21.817307,Very Late,Very Late
2.0,5.0838404,Very Early,Somewhat Early
16.0,9.593779,Somewhat Late,On Time
9.0,11.286239,Early,On Time
8.0,8.258645,Early,Early
12.0,13.307411,On Time,On Time
25.0,17.974192,Very Late,Somewhat Late
9.0,15.545359,Early,Somewhat Late
8.0,5.9070253,Early,Somewhat Early
18.0,15.733933,Somewhat Late,Somewhat Late
21.0,16.81505,Very Late,Somewhat Late
9.0,9.903282,Early,On Time
4.0,5.243632,Somewhat Early,Somewhat Early
7.0,5.7735972,Early,Somewhat Early
8.0,8.94806,Early,Early
2.0,4.1676283,Very Early,Somewhat Early
9.0,7.390564,Early,Early
7.0,5.713193,Early,Somewhat Early
8.0,7.584466,Early,Early
7.0,13.0105295,Early,On Time
12.0,8.766352,On Time,Early
9.0,8.786203,Early,Early
14.0,9.969221,On Time,On Time
6.0,3.9983997,Somewhat Early,Somewhat Early
8.0,9.6319275,Early,On Time
16.0,10.383371,Somewhat Late,On Time
5.0,3.771265,Somewhat Early,Somewhat Early
19.0,10.334948,Somewhat Late,On Time
15.0,16.002142,Somewhat Late,Somewhat Late
5.0,9.586653,Somewhat Early,On Time
4.0,3.8875566,Somewhat Early,Somewhat Early
2.0,3.9872396,Very Early,Somewhat Early
6.0,13.604688,Somewhat Early,On Time
5.0,7.413927,Somewhat Early,Early
10.0,15.117816,On Time,Somewhat Late
5.0,9.538182,Somewhat Early,On Time
8.0,9.587615,Early,On Time
4.0,7.255521,Somewhat Early,Early
13.0,8.396699,On Time,Early
8.0,9.674116,Early,On Time
18.0,14.864653,Somewhat Late,Somewhat Late
15.0,8.052616,Somewhat Late,Early
9.0,6.9313,Early,Early
13.0,13.144038,On Time,On Time
7.0,6.124719,Early,Early
14.0,15.451484,On Time,Somewhat Late
21.0,19.265408,Very Late,Somewhat Late
20.0,17.074951,Somewhat Late,Somewhat Late
11.0,7.9314566,On Time,Early
10.0,5.1792717,On Time,Somewhat Early
9.0,9.268028,Early,On Time
8.0,9.066847,Early,On Time
15.0,12.319104,Somewhat Late,On Time
5.0,6.721691,Somewhat Early,Early
8.0,9.153657,Early,On Time
15.0,14.939932,Somewhat Late,Somewhat Late
4.0,3.7926145,Somewhat Early,Somewhat Early
12.0,8.349462,On Time,Early
6.0,3.7859244,Somewhat Early,Somewhat Early
20.0,11.232297,Somewhat Late,On Time
23.0,10.41443,Very Late,On Time
7.0,8.304702,Early,Early
19.0,15.958543,Somewhat Late,Somewhat Late
6.0,7.6078277,Somewhat Early,Early
10.0,6.702505,On Time,Early
3.0,3.8001616,Very Early,Somewhat Early
4.0,7.8568077,Somewhat Early,Early
5.0,3.8257322,Somewhat Early,Somewhat Early
25.0,20.302189,Very Late,Very Late
6.0,8.1773205,Somewhat Early,Early
27.0,17.655815,Very Late,Somewhat Late
20.0,14.005906,Somewhat Late,Somewhat Late
15.0,8.769449,Somewhat Late,Early
8.0,12.634825,Early,On Time
8.0,11.424017,Early,On Time
11.0,7.748359,On Time,Early
9.0,5.2564754,Early,Somewhat Early
10.0,10.033635,On Time,On Time
3.0,3.7879663,Very Early,Somewhat Early
3.0,4.96156,Very Early,Somewhat Early
8.0,8.744337,Early,Early
7.0,9.9742775,Early,On Time
5.0,9.173177,Somewhat Early,On Time
16.0,8.458822,Somewhat Late,Early
3.0,4.3833356,Very Early,Somewhat Early
17.0,9.413954,Somewhat Late,On Time
2.0,4.060079,Very Early,Somewhat Early
14.0,14.507936,On Time,Somewhat Late
11.0,11.312909,On Time,On Time
13.0,8.562284,On Time,Early
13.0,5.026649,On Time,Somewhat Early
6.0,3.826682,Somewhat Early,Somewhat Early
5.0,6.2089124,Somewhat Early,Early
10.0,7.6967773,On Time,Early
22.0,14.615348,Very Late,Somewhat Late
6.0,8.071156,Somewhat Early,Early
3.0,4.2605057,Very Early,Somewhat Early
4.0,6.6579094,Somewhat Early,Early
5.0,13.235994,Somewhat Early,On Time
2.0,8.768581,Very Early,Early
16.0,13.266178,Somewhat Late,On Time
5.0,5.9895477,Somewhat Early,Somewhat Early
1.0,3.7871099,Very Early,Somewhat Early
7.0,7.2062054,Early,Early
15.0,8.401969,Somewhat Late,Early
7.0,7.1372695,Early,Early
12.0,9.382927,On Time,On Time
6.0,5.607606,Somewhat Early,Somewhat Early
7.0,6.088208,Early,Early
9.0,8.097259,Early,Early
4.0,4.588653,Somewhat Early,Somewhat Early
17.0,14.455958,Somewhat Late,Somewhat Late
19.0,13.870633,Somewhat Late,On Time
6.0,9.147427,Somewhat Early,On Time
5.0,8.078144,Somewhat Early,Early
1.0,3.9580808,Very Early,Somewhat Early
1.0,4.056455,Very Early,Somewhat Early
15.0,6.3457284,Somewhat Late,Early
17.0,6.8873434,Somewhat Late,Early
17.0,12.329042,Somewhat Late,On Time
15.0,12.125267,Somewhat Late,On Time
5.0,6.72425,Somewhat Early,Early
22.0,10.097078,Very Late,On Time
7.0,10.701868,Early,On Time
17.0,18.741959,Somewhat Late,Somewhat Late
8.0,7.0179267,Early,Early
2.0,6.362295,Very Early,Early
17.0,9.800913,Somewhat Late,On Time
13.0,11.552661,On Time,On Time
18.0,11.997736,Somewhat Late,On Time
14.0,9.242406,On Time,On Time
1.0,3.8709202,Very Early,Somewhat Early
7.0,16.083944,Early,Somewhat Late
5.0,3.7881198,Somewhat Early,Somewhat Early
3.0,10.37155,Very Early,On Time
2.0,3.9828887,Very Early,Somewhat Early
10.0,11.221058,On Time,On Time
2.0,3.7703087,Very Early,Somewhat Early
9.0,7.854296,Early,Early
5.0,10.565687,Somewhat Early,On Time
9.0,9.088934,Early,On Time
7.0,8.350922,Early,Early
3.0,3.8224695,Very Early,Somewhat Early
6.0,7.7819963,Somewhat Early,Early
21.0,14.629744,Very Late,Somewhat Late
9.0,14.608794,Early,Somewhat Late
6.0,12.354457,Somewhat Early,On Time
1.0,4.506996,Very Early,Somewhat Early
15.0,15.144561,Somewhat Late,Somewhat Late
14.0,10.01982,On Time,On Time
8.0,10.127292,Early,On Time
13.0,12.226564,On Time,On Time
5.0,4.4121704,Somewhat Early,Somewhat Early
9.0,9.365095,Early,On Time
8.0,8.787319,Early,Early
16.0,13.063445,Somewhat Late,On Time
15.0,8.727214,Somewhat Late,Early
12.0,8.196841,On Time,Early
9.0,12.905559,Early,On Time
1.0,3.7861357,Very Early,Somewhat Early
26.0,21.203646,Very Late,Very Late
9.0,8.740235,Early,Early
10.0,8.906087,On Time,Early
5.0,3.832605,Somewhat Early,Somewhat Early
10.0,9.3965,On Time,On Time
15.0,10.702916,Somewhat Late,On Time
11.0,14.370581,On Time,Somewhat Late
4.0,4.8767653,Somewhat Early,Somewhat Early
2.0,4.3670144,Very Early,Somewhat Early
16.0,8.677521,Somewhat Late,Early
7.0,3.8163795,Early,Somewhat Early
12.0,9.68956,On Time,On Time
8.0,8.227104,Early,Early
12.0,10.640925,On Time,On Time
5.0,6.2858963,Somewhat Early,Early
7.0,8.278188,Early,Early
13.0,16.187243,On Time,Somewhat Late
17.0,8.673099,Somewhat Late,Early
9.0,15.492309,Early,Somewhat Late
4.0,9.5016775,Somewhat Early,On Time
5.0,3.8342984,Somewhat Early,Somewhat Early
4.0,8.651751,Somewhat Early,Early
4.0,8.398181,Somewhat Early,Early
2.0,4.8060274,Very Early,Somewhat Early
5.0,5.803816,Somewhat Early,Somewhat Early
11.0,12.205421,On Time,On Time
7.0,6.246893,Early,Early
20.0,20.015335,Somewhat Late,Very Late
16.0,9.646542,Somewhat Late,On Time
15.0,10.7522,Somewhat Late,On Time
13.0,16.882942,On Time,Somewhat Late
13.0,8.615518,On Time,Early
15.0,11.032139,Somewhat Late,On Time
6.0,7.530564,Somewhat Early,Early
8.0,6.8051167,Early,Early
4.0,3.8012073,Somewhat Early,Somewhat Early
5.0,6.730325,Somewhat Early,Early
6.0,9.414989,Somewhat Early,On Time
22.0,20.033148,Very Late,Very Late
9.0,10.276397,Early,On Time
10.0,9.68205,On Time,On Time
9.0,7.298684,Early,Early
17.0,15.960642,Somewhat Late,Somewhat Late
16.0,12.6769705,Somewhat Late,On Time
13.0,8.408272,On Time,Early
10.0,13.083989,On Time,On Time
13.0,10.642577,On Time,On Time
24.0,13.8473015,Very Late,On Time
6.0,4.9275117,Somewhat Early,Somewhat Early
10.0,9.239572,On Time,On Time
2.0,4.795869,Very Early,Somewhat Early
7.0,3.8788967,Early,Somewhat Early
14.0,10.26982,On Time,On Time
27.0,21.670958,Very Late,Very Late
4.0,8.341428,Somewhat Early,Early
11.0,7.3580456,On Time,Early
8.0,7.1939974,Early,Early
24.0,17.966394,Very Late,Somewhat Late
10.0,11.394166,On Time,On Time
16.0,10.479066,Somewhat Late,On Time
3.0,4.395719,Very Early,Somewhat Early
7.0,10.54491,Early,On Time
12.0,16.190962,On Time,Somewhat Late
1.0,8.648033,Very Early,Early
2.0,3.7635162,Very Early,Somewhat Early
6.0,5.1470275,Somewhat Early,Somewhat Early
25.0,16.569962,Very Late,Somewhat Late
5.0,8.720081,Somewhat Early,Early
12.0,9.115513,On Time,On Time
13.0,8.943624,On Time,Early
14.0,9.196008,On Time,On Time
12.0,5.4486647,On Time,Somewhat Early
10.0,8.48062,On Time,Early
2.0,3.7907686,Very Early,Somewhat Early
6.0,6.8895454,Somewhat Early,Early
7.0,4.4185724,Early,Somewhat Early
13.0,9.013512,On Time,On Time
6.0,3.9033694,Somewhat Early,Somewhat Early
11.0,14.1487255,On Time,Somewhat Late
9.0,9.630158,Early,On Time
4.0,8.918549,Somewhat Early,Early
2.0,3.7853231,Very Early,Somewhat Early
6.0,9.432724,Somewhat Early,On Time
5.0,6.625385,Somewhat Early,Early
2.0,5.147608,Very Early,Somewhat Early
11.0,5.8219576,On Time,Somewhat Early
9.0,8.860912,Early,Early
6.0,6.6081867,Somewhat Early,Early
27.0,26.229412,Very Late,Very Late
3.0,3.7803826,Very Early,Somewhat Early
16.0,6.7371516,Somewhat Late,Early
6.0,4.6039815,Somewhat Early,Somewhat Early
13.0,12.384383,On Time,On Time
2.0,3.798235,Very Early,Somewhat Early
16.0,16.122646,Somewhat Late,Somewhat Late
9.0,8.479363,Early,Early
13.0,7.7704005,On Time,Early
28.0,15.930921,Very Late,Somewhat Late
18.0,21.140835,Somewhat Late,Very Late
2.0,3.775187,Very Early,Somewhat Early
19.0,15.420448,Somewhat Late,Somewhat Late
12.0,9.329483,On Time,On Time
16.0,9.567979,Somewhat Late,On Time
11.0,11.271879,On Time,On Time
6.0,6.6764126,Somewhat Early,Early
3.0,4.2864513,Very Early,Somewhat Early
28.0,17.283688,Very Late,Somewhat Late
12.0,11.052946,On Time,On Time
9.0,6.7764826,Early,Early
1.0,3.7745156,Very Early,Somewhat Early
7.0,5.092964,Early,Somewhat Early
5.0,9.062698,Somewhat Early,On Time
16.0,12.894699,Somewhat Late,On Time
14.0,7.402297,On Time,Early
4.0,4.926185,Somewhat Early,Somewhat Early
3.0,6.2084513,Very Early,Early
5.0,4.8194976,Somewhat Early,Somewhat Early
12.0,9.383833,On Time,On Time
8.0,12.439285,Early,On Time
18.0,14.348637,Somewhat Late,Somewhat Late
5.0,5.4528613,Somewhat Early,Somewhat Early
24.0,16.515873,Very Late,Somewhat Late
4.0,9.620844,Somewhat Early,On Time
12.0,13.325102,On Time,On Time
10.0,4.8064494,On Time,Somewhat Early
21.0,14.786949,Very Late,Somewhat Late
8.0,7.026661,Early,Early
6.0,8.1773205,Somewhat Early,Early
4.0,6.4834914,Somewhat Early,Early
20.0,17.41277,Somewhat Late,Somewhat Late
17.0,11.462355,Somewhat Late,On Time
8.0,15.989625,Early,Somewhat Late
3.0,7.8053355,Very Early,Early
4.0,7.3576093,Somewhat Early,Early
19.0,20.175968,Somewhat Late,Very Late
4.0,4.3107014,Somewhat Early,Somewhat Early
16.0,18.807714,Somewhat Late,Somewhat Late
14.0,10.104319,On Time,On Time
10.0,5.062971,On Time,Somewhat Early
13.0,14.83665,On Time,Somewhat Late
10.0,7.4510283,On Time,Early
8.0,7.929549,Early,Early
7.0,5.950739,Early,Somewhat Early
2.0,4.404974,Very Early,Somewhat Early
5.0,12.411889,Somewhat Early,On Time
7.0,5.000569,Early,Somewhat Early
19.0,12.392399,Somewhat Late,On Time
7.0,6.1440144,Early,Early
7.0,5.8673334,Early,Somewhat Early
7.0,10.2002535,Early,On Time
13.0,10.477526,On Time,On Time
16.0,9.825468,Somewhat Late,On Time
21.0,19.272652,Very Late,Somewhat Late
7.0,8.773321,Early,Early
7.0,11.006544,Early,On Time
5.0,9.386366,Somewhat Early,On Time
2.0,4.618113,Very Early,Somewhat Early
11.0,9.834538,On Time,On Time
4.0,7.6319838,Somewhat Early,Early
22.0,19.145401,Very Late,Somewhat Late
2.0,4.4774866,Very Early,Somewhat Early
15.0,19.014786,Somewhat Late,Somewhat Late
3.0,3.8232179,Very Early,Somewhat Early
17.0,16.89007,Somewhat Late,Somewhat Late
11.0,8.360768,On Time,Early
6.0,10.621115,Somewhat Early,On Time
6.0,6.5973086,Somewhat Early,Early
7.0,8.288082,Early,Early
17.0,12.016142,Somewhat Late,On Time
25.0,20.14885,Very Late,Very Late
1.0,3.8485322,Very Early,Somewhat Early
18.0,16.759073,Somewhat Late,Somewhat Late
8.0,9.306975,Early,On Time
10.0,10.911728,On Time,On Time
8.0,9.427531,Early,On Time
16.0,6.4704576,Somewhat Late,Early
19.0,17.145859,Somewhat Late,Somewhat Late
13.0,13.4341,On Time,On Time
2.0,4.115493,Very Early,Somewhat Early
28.0,25.929974,Very Late,Very Late
13.0,13.895641,On Time,On Time
10.0,6.7973447,On Time,Early
7.0,12.278458,Early,On Time
9.0,9.369724,Early,On Time
14.0,12.3342705,On Time,On Time
12.0,16.487188,On Time,Somewhat Late
16.0,10.604597,Somewhat Late,On Time
3.0,6.277058,Very Early,Early
4.0,4.1227136,Somewhat Early,Somewhat Early
8.0,7.6481166,Early,Early
14.0,18.67088,On Time,Somewhat Late
3.0,3.8707323,Very Early,Somewhat Early
11.0,8.59947,On Time,Early
5.0,6.958732,Somewhat Early,Early
6.0,7.675227,Somewhat Early,Early
13.0,8.067056,On Time,Early
27.0,21.139153,Very Late,Very Late
17.0,14.331278,Somewhat Late,Somewhat Late
10.0,10.813812,On Time,On Time
22.0,16.729443,Very Late,Somewhat Late
7.0,6.5924025,Early,Early
6.0,10.374405,Somewhat Early,On Time
3.0,8.751971,Very Early,Early
17.0,16.352516,Somewhat Late,Somewhat Late
28.0,19.661562,Very Late,Somewhat Late
7.0,8.214892,Early,Early
4.0,4.294814,Somewhat Early,Somewhat Early
21.0,9.002098,Very Late,On Time
11.0,7.9600296,On Time,Early
17.0,8.242496,Somewhat Late,Early
13.0,9.953361,On Time,On Time
7.0,7.88089,Early,Early
20.0,10.9381895,Somewhat Late,On Time
12.0,12.87313,On Time,On Time
10.0,9.064745,On Time,On Time
6.0,7.2556844,Somewhat Early,Early
7.0,10.9828415,Early,On Time
1.0,3.7974668,Very Early,Somewhat Early
12.0,13.7699175,On Time,On Time
4.0,8.405756,Somewhat Early,Early
7.0,5.909979,Early,Somewhat Early
8.0,8.169092,Early,Early
8.0,8.462887,Early,Early
20.0,13.444779,Somewhat Late,On Time
9.0,8.3319235,Early,Early
7.0,6.2251763,Early,Early
16.0,9.381581,Somewhat Late,On Time
26.0,18.826958,Very Late,Somewhat Late
12.0,8.347869,On Time,Early
1.0,3.847878,Very Early,Somewhat Early
15.0,10.097268,Somewhat Late,On Time
28.0,22.873775,Very Late,Very Late
9.0,5.6336694,Early,Somewhat Early
13.0,15.065088,On Time,Somewhat Late
11.0,8.459931,On Time,Early
15.0,14.058123,Somewhat Late,Somewhat Late
24.0,8.034145,Very Late,Early
4.0,6.237561,Somewhat Early,Early
4.0,8.581936,Somewhat Early,Early
10.0,10.418329,On Time,On Time
11.0,10.358197,On Time,On Time
19.0,15.020252,Somewhat Late,Somewhat Late
8.0,9.2599745,Early,On Time
23.0,16.843538,Very Late,Somewhat Late
2.0,3.8575187,Very Early,Somewhat Early
2.0,5.8729897,Very Early,Somewhat Early
6.0,3.8410013,Somewhat Early,Somewhat Early
12.0,11.937356,On Time,On Time
7.0,11.969207,Early,On Time
6.0,9.572991,Somewhat Early,On Time
4.0,8.856206,Somewhat Early,Early
5.0,8.45658,Somewhat Early,Early
4.0,12.039624,Somewhat Early,On Time
4.0,6.1146145,Somewhat Early,Early
7.0,6.561268,Early,Early
14.0,9.593246,On Time,On Time
25.0,19.923403,Very Late,Somewhat Late
3.0,13.573624,Very Early,On Time
12.0,5.7342353,On Time,Somewhat Early
21.0,17.440094,Very Late,Somewhat Late
9.0,8.345476,Early,Early
12.0,10.709828,On Time,On Time
13.0,13.609133,On Time,On Time
14.0,15.498125,On Time,Somewhat Late
1.0,4.0748453,Very Early,Somewhat Early
5.0,7.2097487,Somewhat Early,Early
17.0,12.991698,Somewhat Late,On Time
15.0,9.7990055,Somewhat Late,On Time
17.0,15.873926,Somewhat Late,Somewhat Late
8.0,9.028419,Early,On Time
9.0,6.411994,Early,Early
3.0,3.876151,Very Early,Somewhat Early
8.0,7.717569,Early,Early
6.0,9.822954,Somewhat Early,On Time
10.0,10.31395,On Time,On Time
11.0,3.9357305,On Time,Somewhat Early
15.0,13.957903,Somewhat Late,On Time
11.0,15.549248,On Time,Somewhat Late
18.0,17.187056,Somewhat Late,Somewhat Late
5.0,5.720022,Somewhat Early,Somewhat Early
15.0,14.496923,Somewhat Late,Somewhat Late
7.0,6.987895,Early,Early
12.0,7.433339,On Time,Early
1.0,5.41325,Very Early,Somewhat Early
14.0,7.473887,On Time,Early
5.0,14.6680975,Somewhat Early,Somewhat Late
10.0,12.218743,On Time,On Time
4.0,4.037952,Somewhat Early,Somewhat Early
12.0,14.726007,On Time,Somewhat Late
8.0,8.051329,Early,Early
6.0,7.0360146,Somewhat Early,Early
12.0,10.323112,On Time,On Time
27.0,22.67259,Very Late,Very Late
14.0,14.529448,On Time,Somewhat Late
9.0,8.614535,Early,Early
9.0,8.129781,Early,Early
21.0,20.411207,Very Late,Very Late
10.0,8.780603,On Time,Early
11.0,10.256341,On Time,On Time
12.0,9.929996,On Time,On Time
4.0,5.2789407,Somewhat Early,Somewhat Early
8.0,10.71387,Early,On Time
5.0,5.9525104,Somewhat Early,Somewhat Early
5.0,8.78104,Somewhat Early,Early
13.0,13.108484,On Time,On Time
22.0,17.381279,Very Late,Somewhat Late
18.0,8.645255,Somewhat Late,Early
17.0,7.2906456,Somewhat Late,Early
4.0,3.8110976,Somewhat Early,Somewhat Early
1.0,3.7917335,Very Early,Somewhat Early
11.0,16.901377,On Time,Somewhat Late
14.0,9.13604,On Time,On Time
18.0,13.454855,Somewhat Late,On Time
10.0,5.267314,On Time,Somewhat Early
11.0,8.004654,On Time,Early
6.0,8.727733,Somewhat Early,Early
12.0,9.088942,On Time,On Time
11.0,7.285589,On Time,Early
6.0,7.6293693,Somewhat Early,Early
23.0,20.038218,Very Late,Very Late
10.0,14.771183,On Time,Somewhat Late
13.0,14.507702,On Time,Somewhat Late
18.0,8.950909,Somewhat Late,Early
6.0,8.190385,Somewhat Early,Early
8.0,8.948059,Early,Early
13.0,11.172207,On Time,On Time
3.0,3.9452121,Very Early,Somewhat Early
16.0,11.496828,Somewhat Late,On Time
2.0,15.14397,Very Early,Somewhat Late
11.0,7.545513,On Time,Early
13.0,13.083019,On Time,On Time
9.0,12.021994,Early,On Time
5.0,3.8361387,Somewhat Early,Somewhat Early
9.0,7.4851055,Early,Early
2.0,6.975911,Very Early,Early
10.0,10.479815,On Time,On Time
24.0,12.037775,Very Late,On Time
11.0,10.190689,On Time,On Time
7.0,4.7861886,Early,Somewhat Early
5.0,9.898992,Somewhat Early,On Time
9.0,9.162439,Early,On Time
16.0,13.864404,Somewhat Late,On Time
15.0,9.504554,Somewhat Late,On Time
8.0,6.849458,Early,Early
8.0,7.6497726,Early,Early
7.0,7.6112614,Early,Early
12.0,11.694307,On Time,On Time
8.0,9.064302,Early,On Time
12.0,8.71114,On Time,Early
27.0,10.47738,Very Late,On Time
7.0,8.585134,Early,Early
10.0,16.391357,On Time,Somewhat Late
22.0,19.594555,Very Late,Somewhat Late
10.0,8.352809,On Time,Early
6.0,8.467909,Somewhat Early,Early
5.0,4.086553,Somewhat Early,Somewhat Early
6.0,4.8246775,Somewhat Early,Somewhat Early
4.0,4.2541914,Somewhat Early,Somewhat Early
10.0,7.5065527,On Time,Early
19.0,18.831821,Somewhat Late,Somewhat Late
13.0,12.3080015,On Time,On Time
11.0,3.8148909,On Time,Somewhat Early
11.0,11.334808,On Time,On Time
12.0,12.429182,On Time,On Time
17.0,11.331995,Somewhat Late,On Time
9.0,13.603081,Early,On Time
24.0,19.920124,Very Late,Somewhat Late
2.0,16.405643,Very Early,Somewhat Late
9.0,10.9275675,Early,On Time
9.0,6.598082,Early,Early
7.0,7.5013723,Early,Early
6.0,6.3527136,Somewhat Early,Early
9.0,13.022095,Early,On Time
11.0,5.6939354,On Time,Somewhat Early
18.0,13.870807,Somewhat Late,On Time
2.0,4.4185724,Very Early,Somewhat Early
6.0,7.9581704,Somewhat Early,Early
18.0,12.501734,Somewhat Late,On Time
4.0,7.5365057,Somewhat Early,Early
9.0,8.922787,Early,Early
14.0,9.721803,On Time,On Time
20.0,12.688776,Somewhat Late,On Time
6.0,6.8771515,Somewhat Early,Early
6.0,5.1225166,Somewhat Early,Somewhat Early
28.0,9.765811,Very Late,On Time
13.0,12.466137,On Time,On Time
7.0,9.2523775,Early,On Time
7.0,8.657468,Early,Early
7.0,5.2488084,Early,Somewhat Early
5.0,8.577274,Somewhat Early,Early
7.0,9.35025,Early,On Time
11.0,13.410604,On Time,On Time
9.0,6.944054,Early,Early
4.0,7.707673,Somewhat Early,Early
8.0,9.773756,Early,On Time
7.0,6.5010843,Early,Early
3.0,3.8379161,Very Early,Somewhat Early
2.0,4.3503017,Very Early,Somewhat Early
8.0,8.276449,Early,Early
12.0,9.056442,On Time,On Time
5.0,4.78855,Somewhat Early,Somewhat Early
6.0,3.9164252,Somewhat Early,Somewhat Early
10.0,8.921171,On Time,Early
9.0,9.959064,Early,On Time
5.0,6.6767755,Somewhat Early,Early
7.0,4.782723,Early,Somewhat Early
4.0,5.5474305,Somewhat Early,Somewhat Early
10.0,9.927648,On Time,On Time
13.0,9.908779,On Time,On Time
18.0,14.667826,Somewhat Late,Somewhat Late
9.0,7.3878636,Early,Early
12.0,6.928912,On Time,Early
9.0,8.478406,Early,Early
9.0,8.553365,Early,Early
12.0,12.472638,On Time,On Time
11.0,6.17859,On Time,Early
28.0,18.599222,Very Late,Somewhat Late
4.0,3.804361,Somewhat Early,Somewhat Early
9.0,10.678437,Early,On Time
3.0,4.8383956,Very Early,Somewhat Early
11.0,9.737269,On Time,On Time
18.0,13.859099,Somewhat Late,On Time
19.0,20.012001,Somewhat Late,Very Late
14.0,15.286848,On Time,Somewhat Late
4.0,7.290683,Somewhat Early,Early
7.0,7.8818593,Early,Early
14.0,12.659642,On Time,On Time
7.0,5.9027295,Early,Somewhat Early
15.0,9.178383,Somewhat Late,On Time
13.0,3.816478,On Time,Somewhat Early
12.0,15.426263,On Time,Somewhat Late
11.0,16.785734,On Time,Somewhat Late
5.0,13.090725,Somewhat Early,On Time
9.0,8.41402,Early,Early
8.0,16.373081,Early,Somewhat Late
3.0,4.5868573,Very Early,Somewhat Early
24.0,17.986696,Very Late,Somewhat Late
7.0,8.52106,Early,Early
18.0,8.4093895,Somewhat Late,Early
9.0,10.9355545,Early,On Time
7.0,11.012296,Early,On Time
10.0,8.24374,On Time,Early
3.0,7.2865705,Very Early,Early
8.0,10.563741,Early,On Time
13.0,8.559548,On Time,Early
4.0,6.237561,Somewhat Early,Early
11.0,7.8457184,On Time,Early
15.0,13.887819,Somewhat Late,On Time
5.0,7.6101227,Somewhat Early,Early
6.0,8.039464,Somewhat Early,Early
3.0,9.301135,Very Early,On Time
2.0,3.983859,Very Early,Somewhat Early
25.0,21.568708,Very Late,Very Late
6.0,4.0193706,Somewhat Early,Somewhat Early
10.0,11.232878,On Time,On Time
9.0,10.518351,Early,On Time
6.0,7.683234,Somewhat Early,Early
10.0,13.533449,On Time,On Time
19.0,14.955914,Somewhat Late,Somewhat Late
10.0,9.059554,On Time,On Time
18.0,5.9226556,Somewhat Late,Somewhat Early
9.0,13.205406,Early,On Time
7.0,8.532587,Early,Early
6.0,9.361345,Somewhat Early,On Time
11.0,11.364275,On Time,On Time
8.0,10.062236,Early,On Time
10.0,13.525488,On Time,On Time
11.0,4.5578485,On Time,Somewhat Early
10.0,5.810514,On Time,Somewhat Early
7.0,12.949893,Early,On Time
18.0,16.433847,Somewhat Late,Somewhat Late
5.0,9.775599,Somewhat Early,On Time
10.0,11.360147,On Time,On Time
6.0,8.775609,Somewhat Early,Early
3.0,3.7620726,Very Early,Somewhat Early
26.0,19.536104,Very Late,Somewhat Late
14.0,12.008167,On Time,On Time
14.0,14.203026,On Time,Somewhat Late
15.0,18.034637,Somewhat Late,Somewhat Late
8.0,6.1495404,Early,Early
18.0,19.444517,Somewhat Late,Somewhat Late
14.0,15.002069,On Time,Somewhat Late
6.0,10.817534,Somewhat Early,On Time
11.0,10.466588,On Time,On Time
7.0,5.505887,Early,Somewhat Early
13.0,14.588015,On Time,Somewhat Late
5.0,7.9452085,Somewhat Early,Early
11.0,9.807143,On Time,On Time
7.0,12.703441,Early,On Time
9.0,7.6193366,Early,Early
3.0,4.1348724,Very Early,Somewhat Early
25.0,21.119871,Very Late,Very Late
8.0,7.931629,Early,Early
5.0,7.4643946,Somewhat Early,Early
6.0,6.171565,Somewhat Early,Early
14.0,3.8365574,On Time,Somewhat Early
9.0,8.787658,Early,Early
23.0,22.073956,Very Late,Very Late
7.0,7.440078,Early,Early
11.0,7.96237,On Time,Early
11.0,13.614713,On Time,On Time
6.0,5.3653736,Somewhat Early,Somewhat Early
5.0,4.8084054,Somewhat Early,Somewhat Early
7.0,9.160365,Early,On Time
23.0,12.265519,Very Late,On Time
2.0,3.7808154,Very Early,Somewhat Early
13.0,8.098861,On Time,Early
27.0,17.281956,Very Late,Somewhat Late
14.0,10.605045,On Time,On Time
7.0,3.9825623,Early,Somewhat Early
8.0,6.4710245,Early,Early
2.0,13.0456505,Very Early,On Time
13.0,8.921138,On Time,Early
10.0,8.5793915,On Time,Early
6.0,11.334657,Somewhat Early,On Time
15.0,14.355063,Somewhat Late,Somewhat Late
4.0,3.8464081,Somewhat Early,Somewhat Early
8.0,10.177996,Early,On Time
11.0,7.923559,On Time,Early
13.0,11.670913,On Time,On Time
17.0,17.575174,Somewhat Late,Somewhat Late
5.0,6.647618,Somewhat Early,Early
5.0,8.413854,Somewhat Early,Early
10.0,15.492891,On Time,Somewhat Late
5.0,4.18243,Somewhat Early,Somewhat Early
10.0,9.550401,On Time,On Time
5.0,11.540195,Somewhat Early,On Time
10.0,7.5726323,On Time,Early
9.0,7.73924,Early,Early
8.0,7.701034,Early,Early
10.0,8.280279,On Time,Early
8.0,9.730313,Early,On Time
6.0,6.366158,Somewhat Early,Early
20.0,20.174587,Somewhat Late,Very Late
12.0,10.533015,On Time,On Time
9.0,13.859926,Early,On Time
1.0,3.9937391,Very Early,Somewhat Early
10.0,10.9947195,On Time,On Time
5.0,9.021874,Somewhat Early,On Time
10.0,6.8589454,On Time,Early
3.0,11.381682,Very Early,On Time
6.0,6.4906816,Somewhat Early,Early
5.0,3.7758496,Somewhat Early,Somewhat Early
5.0,4.445482,Somewhat Early,Somewhat Early
11.0,9.124347,On Time,On Time
13.0,11.488501,On Time,On Time
10.0,8.612466,On Time,Early
1.0,3.7885604,Very Early,Somewhat Early
14.0,14.406803,On Time,Somewhat Late
7.0,8.856938,Early,Early
17.0,17.742317,Somewhat Late,Somewhat Late
12.0,14.937329,On Time,Somewhat Late
7.0,3.866112,Early,Somewhat Early
2.0,3.785866,Very Early,Somewhat Early
9.0,7.1498656,Early,Early
22.0,17.415497,Very Late,Somewhat Late
4.0,3.8401103,Somewhat Early,Somewhat Early
6.0,8.036682,Somewhat Early,Early
7.0,7.5507526,Early,Early
21.0,19.32546,Very Late,Somewhat Late
5.0,4.270001,Somewhat Early,Somewhat Early
10.0,9.846101,On Time,On Time
8.0,5.0885167,Early,Somewhat Early
6.0,9.153233,Somewhat Early,On Time
26.0,20.141174,Very Late,Very Late
6.0,9.090948,Somewhat Early,On Time
4.0,3.8483145,Somewhat Early,Somewhat Early
16.0,13.136,Somewhat Late,On Time
12.0,6.246423,On Time,Early
3.0,3.804475,Very Early,Somewhat Early
10.0,8.900629,On Time,Early
10.0,11.121825,On Time,On Time
15.0,18.443356,Somewhat Late,Somewhat Late
13.0,10.315068,On Time,On Time
5.0,5.2718325,Somewhat Early,Somewhat Early
6.0,5.365634,Somewhat Early,Somewhat Early
10.0,7.5197215,On Time,Early
17.0,10.215299,Somewhat Late,On Time
10.0,6.436465,On Time,Early
16.0,11.196013,Somewhat Late,On Time
4.0,7.4188256,Somewhat Early,Early
13.0,9.838001,On Time,On Time
7.0,7.8397074,Early,Early
16.0,13.139224,Somewhat Late,On Time
2.0,5.417289,Very Early,Somewhat Early
13.0,7.6430078,On Time,Early
8.0,9.182673,Early,On Time
9.0,3.8771024,Early,Somewhat Early
10.0,7.3922644,On Time,Early
9.0,11.056786,Early,On Time
24.0,17.670528,Very Late,Somewhat Late
9.0,12.079318,Early,On Time
2.0,4.2815876,Very Early,Somewhat Early
14.0,11.219791,On Time,On Time
16.0,13.212424,Somewhat Late,On Time
16.0,9.70007,Somewhat Late,On Time
8.0,9.860509,Early,On Time
5.0,8.22626,Somewhat Early,Early
4.0,3.8415923,Somewhat Early,Somewhat Early
13.0,7.3898706,On Time,Early
2.0,5.1218953,Very Early,Somewhat Early
18.0,6.5082364,Somewhat Late,Early
7.0,7.8539896,Early,Early
13.0,12.584955,On Time,On Time
8.0,7.1746855,Early,Early
10.0,7.8927155,On Time,Early
8.0,8.851101,Early,Early
11.0,9.790299,On Time,On Time
12.0,14.764285,On Time,Somewhat Late
5.0,4.0292425,Somewhat Early,Somewhat Early
13.0,7.8504066,On Time,Early
18.0,17.348879,Somewhat Late,Somewhat Late
11.0,10.990559,On Time,On Time
15.0,14.25835,Somewhat Late,Somewhat Late
21.0,18.9516,Very Late,Somewhat Late
24.0,12.730582,Very Late,On Time
10.0,12.297071,On Time,On Time
13.0,9.838874,On Time,On Time
11.0,10.38192,On Time,On Time
14.0,9.751466,On Time,On Time
16.0,16.026052,Somewhat Late,Somewhat Late
14.0,5.546662,On Time,Somewhat Early
9.0,9.57065,Early,On Time
17.0,10.988732,Somewhat Late,On Time
13.0,10.79632,On Time,On Time
5.0,3.8546376,Somewhat Early,Somewhat Early
10.0,7.7713103,On Time,Early
5.0,3.7617812,Somewhat Early,Somewhat Early
3.0,6.146307,Very Early,Early
14.0,12.292478,On Time,On Time
1.0,3.82655,Very Early,Somewhat Early
5.0,5.558412,Somewhat Early,Somewhat Early
11.0,9.781595,On Time,On Time
2.0,9.142768,Very Early,On Time
19.0,11.8762865,Somewhat Late,On Time
17.0,11.327258,Somewhat Late,On Time
17.0,13.679042,Somewhat Late,On Time
17.0,15.179217,Somewhat Late,Somewhat Late
18.0,11.805069,Somewhat Late,On Time
16.0,11.506554,Somewhat Late,On Time
10.0,9.20208,On Time,On Time
7.0,9.47245,Early,On Time
5.0,6.3813453,Somewhat Early,Early
6.0,10.174806,Somewhat Early,On Time
20.0,17.425735,Somewhat Late,Somewhat Late
4.0,7.788842,Somewhat Early,Early
6.0,9.4141865,Somewhat Early,On Time
18.0,7.9405713,Somewhat Late,Early
9.0,4.6352715,Early,Somewhat Early
14.0,11.476479,On Time,On Time
2.0,4.7086873,Very Early,Somewhat Early
4.0,4.1704397,Somewhat Early,Somewhat Early
9.0,19.022831,Early,Somewhat Late
14.0,3.8942363,On Time,Somewhat Early
11.0,11.261794,On Time,On Time
10.0,8.6782255,On Time,Early
4.0,4.714999,Somewhat Early,Somewhat Early
4.0,3.8885064,Somewhat Early,Somewhat Early
14.0,11.046107,On Time,On Time
10.0,9.112226,On Time,On Time
5.0,6.9845333,Somewhat Early,Early
5.0,3.7840319,Somewhat Early,Somewhat Early
11.0,10.760305,On Time,On Time
8.0,8.723349,Early,Early
7.0,6.8289433,Early,Early
18.0,16.757902,Somewhat Late,Somewhat Late
14.0,10.778184,On Time,On Time
11.0,12.082473,On Time,On Time
8.0,3.946673,Early,Somewhat Early
11.0,8.393364,On Time,Early
9.0,8.039402,Early,Early
8.0,5.0260954,Early,Somewhat Early
3.0,3.798983,Very Early,Somewhat Early
6.0,7.1602063,Somewhat Early,Early
5.0,8.167932,Somewhat Early,Early
4.0,5.9558992,Somewhat Early,Somewhat Early
2.0,4.6097775,Very Early,Somewhat Early
17.0,7.2551994,Somewhat Late,Early
3.0,3.974622,Very Early,Somewhat Early
8.0,3.8142478,Early,Somewhat Early
13.0,15.908475,On Time,Somewhat Late
6.0,9.257364,Somewhat Early,On Time
7.0,9.159872,Early,On Time
7.0,7.386021,Early,Early
9.0,13.103342,Early,On Time
5.0,5.0333915,Somewhat Early,Somewhat Early
3.0,4.516777,Very Early,Somewhat Early
16.0,12.796605,Somewhat Late,On Time
10.0,7.2198124,On Time,Early
9.0,8.669451,Early,Early
1.0,8.021206,Very Early,Early
17.0,9.560194,Somewhat Late,On Time
6.0,4.7920485,Somewhat Early,Somewhat Early
6.0,9.198047,Somewhat Early,On Time
4.0,11.196217,Somewhat Early,On Time
10.0,13.963495,On Time,On Time
11.0,7.836053,On Time,Early
1.0,4.328622,Very Early,Somewhat Early
13.0,9.833392,On Time,On Time
10.0,14.541326,On Time,Somewhat Late
12.0,9.364053,On Time,On Time
11.0,9.990684,On Time,On Time
18.0,12.246184,Somewhat Late,On Time
13.0,10.628815,On Time,On Time
7.0,9.842699,Early,On Time
10.0,8.557194,On Time,Early
11.0,12.440347,On Time,On Time
8.0,8.366693,Early,Early
17.0,11.836577,Somewhat Late,On Time
18.0,19.924969,Somewhat Late,Somewhat Late
26.0,20.358858,Very Late,Very Late
4.0,3.9716985,Somewhat Early,Somewhat Early
7.0,3.914971,Early,Somewhat Early
17.0,4.6185713,Somewhat Late,Somewhat Early
7.0,6.6191425,Early,Early
12.0,13.187641,On Time,On Time
9.0,6.621576,Early,Early
11.0,3.7760227,On Time,Somewhat Early
6.0,8.682913,Somewhat Early,Early
18.0,19.344221,Somewhat Late,Somewhat Late
9.0,10.194745,Early,On Time
17.0,14.83304,Somewhat Late,Somewhat Late
6.0,8.820547,Somewhat Early,Early
13.0,15.362212,On Time,Somewhat Late
14.0,13.817469,On Time,On Time
11.0,12.377844,On Time,On Time
7.0,9.494218,Early,On Time
6.0,14.891279,Somewhat Early,Somewhat Late
9.0,9.181369,Early,On Time
10.0,12.8618965,On Time,On Time
5.0,7.3000426,Somewhat Early,Early
5.0,5.635119,Somewhat Early,Somewhat Early
11.0,9.978094,On Time,On Time
18.0,16.767914,Somewhat Late,Somewhat Late
10.0,7.172745,On Time,Early
2.0,4.4911556,Very Early,Somewhat Early
15.0,16.210773,Somewhat Late,Somewhat Late
14.0,12.01483,On Time,On Time
8.0,10.448943,Early,On Time
15.0,12.909079,Somewhat Late,On Time
17.0,10.005993,Somewhat Late,On Time
10.0,8.945403,On Time,Early
12.0,7.559786,On Time,Early
2.0,3.796536,Very Early,Somewhat Early
19.0,15.042494,Somewhat Late,Somewhat Late
13.0,12.316549,On Time,On Time
10.0,12.348603,On Time,On Time
23.0,14.044985,Very Late,Somewhat Late
3.0,10.393948,Very Early,On Time
10.0,12.097352,On Time,On Time
4.0,6.3387437,Somewhat Early,Early
1.0,4.534565,Very Early,Somewhat Early
16.0,7.667939,Somewhat Late,Early
15.0,14.851822,Somewhat Late,Somewhat Late
13.0,14.82716,On Time,Somewhat Late
25.0,7.4022756,Very Late,Early
9.0,8.695382,Early,Early
18.0,16.24052,Somewhat Late,Somewhat Late
12.0,6.6815166,On Time,Early
27.0,16.394852,Very Late,Somewhat Late
8.0,6.130099,Early,Early
6.0,5.115223,Somewhat Early,Somewhat Early
8.0,6.812194,Early,Early
17.0,9.023284,Somewhat Late,On Time
8.0,6.060888,Early,Early
4.0,3.849677,Somewhat Early,Somewhat Early
15.0,10.746401,Somewhat Late,On Time
20.0,18.384596,Somewhat Late,Somewhat Late
2.0,3.8125916,Very Early,Somewhat Early
18.0,13.582478,Somewhat Late,On Time
14.0,16.935265,On Time,Somewhat Late
4.0,10.102008,Somewhat Early,On Time
6.0,9.163708,Somewhat Early,On Time
10.0,10.266028,On Time,On Time
6.0,6.1235747,Somewhat Early,Early
7.0,5.7054615,Early,Somewhat Early
14.0,12.963043,On Time,On Time
8.0,9.455518,Early,On Time
5.0,12.1341715,Somewhat Early,On Time
7.0,8.904569,Early,Early
7.0,14.74404,Early,Somewhat Late
7.0,7.767177,Early,Early
8.0,9.573241,Early,On Time
20.0,13.98798,Somewhat Late,On Time
15.0,12.502273,Somewhat Late,On Time
14.0,11.798162,On Time,On Time
5.0,6.50564,Somewhat Early,Early
7.0,6.570169,Early,Early
14.0,15.441553,On Time,Somewhat Late
18.0,9.016867,Somewhat Late,On Time
5.0,6.72425,Somewhat Early,Early
4.0,13.287356,Somewhat Early,On Time
10.0,8.992051,On Time,Early
10.0,10.591719,On Time,On Time
14.0,12.118602,On Time,On Time
18.0,17.825092,Somewhat Late,Somewhat Late
22.0,20.46911,Very Late,Very Late
16.0,16.015038,Somewhat Late,Somewhat Late
3.0,8.350849,Very Early,Early
13.0,11.80183,On Time,On Time
3.0,8.362982,Very Early,Early
5.0,6.1669693,Somewhat Early,Early
5.0,5.557475,Somewhat Early,Somewhat Early
8.0,5.884082,Early,Somewhat Early
4.0,6.8301606,Somewhat Early,Early
10.0,9.423439,On Time,On Time
9.0,13.941122,Early,On Time
15.0,15.843956,Somewhat Late,Somewhat Late
20.0,16.584274,Somewhat Late,Somewhat Late
12.0,12.636074,On Time,On Time
8.0,9.539512,Early,On Time
10.0,7.4626684,On Time,Early
9.0,17.499607,Early,Somewhat Late
5.0,5.8369455,Somewhat Early,Somewhat Early
16.0,13.261963,Somewhat Late,On Time
11.0,8.728416,On Time,Early
11.0,7.4942403,On Time,Early
4.0,5.085343,Somewhat Early,Somewhat Early
13.0,8.8228,On Time,Early
6.0,7.2497177,Somewhat Early,Early
14.0,12.920183,On Time,On Time
18.0,17.296173,Somewhat Late,Somewhat Late
12.0,8.897468,On Time,Early
8.0,11.399933,Early,On Time
14.0,12.908252,On Time,On Time
15.0,8.076387,Somewhat Late,Early
7.0,6.8693733,Early,Early
4.0,5.3528976,Somewhat Early,Somewhat Early
17.0,12.597083,Somewhat Late,On Time
14.0,10.271592,On Time,On Time
9.0,7.897545,Early,Early
4.0,4.3427396,Somewhat Early,Somewhat Early
2.0,4.501677,Very Early,Somewhat Early
18.0,15.326621,Somewhat Late,Somewhat Late
12.0,13.594452,On Time,On Time
4.0,3.9189198,Somewhat Early,Somewhat Early
4.0,3.794288,Somewhat Early,Somewhat Early
22.0,17.494026,Very Late,Somewhat Late
3.0,3.9583116,Very Early,Somewhat Early
14.0,20.198814,On Time,Very Late
7.0,6.8424554,Early,Early
25.0,8.231133,Very Late,Early
9.0,12.189795,Early,On Time
21.0,10.622496,Very Late,On Time
19.0,16.399982,Somewhat Late,Somewhat Late
7.0,7.534042,Early,Early
3.0,3.8059707,Very Early,Somewhat Early
21.0,10.308129,Very Late,On Time
21.0,13.053158,Very Late,On Time
12.0,9.650461,On Time,On Time
16.0,12.756685,Somewhat Late,On Time
5.0,7.1654043,Somewhat Early,Early
8.0,12.526386,Early,On Time
9.0,8.523249,Early,Early
13.0,7.874052,On Time,Early
25.0,8.141906,Very Late,Early
12.0,13.194958,On Time,On Time
9.0,6.3546963,Early,Early
13.0,9.0302305,On Time,On Time
15.0,16.729977,Somewhat Late,Somewhat Late
15.0,11.447601,Somewhat Late,On Time
8.0,10.130161,Early,On Time
6.0,4.482985,Somewhat Early,Somewhat Early
7.0,5.9772067,Early,Somewhat Early
9.0,6.5318174,Early,Early
8.0,8.4423485,Early,Early
17.0,16.2349,Somewhat Late,Somewhat Late
15.0,6.6557045,Somewhat Late,Early
13.0,9.773236,On Time,On Time
17.0,8.355907,Somewhat Late,Early
10.0,8.70711,On Time,Early
9.0,9.249787,Early,On Time
11.0,7.237648,On Time,Early
7.0,5.3936367,Early,Somewhat Early
13.0,15.21664,On Time,Somewhat Late
4.0,4.273255,Somewhat Early,Somewhat Early
6.0,10.076171,Somewhat Early,On Time
4.0,4.404463,Somewhat Early,Somewhat Early
12.0,12.158894,On Time,On Time
6.0,6.1579695,Somewhat Early,Early
12.0,9.099001,On Time,On Time
8.0,7.144434,Early,Early
16.0,12.97746,Somewhat Late,On Time
4.0,4.902611,Somewhat Early,Somewhat Early
7.0,7.6306973,Early,Early
20.0,7.0467067,Somewhat Late,Early
7.0,7.325279,Early,Early
4.0,6.203703,Somewhat Early,Early
2.0,5.842514,Very Early,Somewhat Early
4.0,3.860783,Somewhat Early,Somewhat Early
1.0,4.0633974,Very Early,Somewhat Early
8.0,13.764391,Early,On Time
12.0,7.2557735,On Time,Early
17.0,13.280851,Somewhat Late,On Time
7.0,5.3396287,Early,Somewhat Early
8.0,6.4047623,Early,Early
11.0,13.854087,On Time,On Time
6.0,6.146307,Somewhat Early,Early
22.0,19.149769,Very Late,Somewhat Late
1.0,11.47015,Very Early,On Time
8.0,8.08834,Early,Early
11.0,12.362992,On Time,On Time
24.0,20.381033,Very Late,Very Late
7.0,6.626688,Early,Early
5.0,5.1665044,Somewhat Early,Somewhat Early
12.0,16.898815,On Time,Somewhat Late
10.0,8.600681,On Time,Early
12.0,8.008937,On Time,Early
2.0,4.18155,Very Early,Somewhat Early
21.0,8.295725,Very Late,Early
16.0,9.003686,Somewhat Late,On Time
9.0,5.295935,Early,Somewhat Early
6.0,6.5135098,Somewhat Early,Early
13.0,10.368728,On Time,On Time
13.0,8.88151,On Time,Early
6.0,8.569088,Somewhat Early,Early
7.0,3.7928472,Early,Somewhat Early
14.0,14.986856,On Time,Somewhat Late
10.0,8.352319,On Time,Early
7.0,7.7298675,Early,Early
16.0,10.7377205,Somewhat Late,On Time
6.0,9.505996,Somewhat Early,On Time
8.0,8.507333,Early,Early
7.0,7.709126,Early,Early
6.0,8.391533,Somewhat Early,Early
7.0,9.271927,Early,On Time
6.0,10.003494,Somewhat Early,On Time
6.0,6.994345,Somewhat Early,Early
5.0,9.810385,Somewhat Early,On Time
3.0,3.7855544,Very Early,Somewhat Early
9.0,6.452733,Early,Early
9.0,11.132918,Early,On Time
8.0,4.3996353,Early,Somewhat Early
12.0,13.683989,On Time,On Time
5.0,10.302347,Somewhat Early,On Time
11.0,7.291361,On Time,Early
5.0,8.685965,Somewhat Early,Early
24.0,18.797955,Very Late,Somewhat Late
13.0,10.245593,On Time,On Time
15.0,7.9160657,Somewhat Late,Early
15.0,10.959953,Somewhat Late,On Time
18.0,15.504276,Somewhat Late,Somewhat Late
5.0,3.8061824,Somewhat Early,Somewhat Early
8.0,4.28455,Early,Somewhat Early
26.0,18.490742,Very Late,Somewhat Late
28.0,24.590487,Very Late,Very Late
12.0,10.832669,On Time,On Time
11.0,8.372048,On Time,Early
4.0,6.3287406,Somewhat Early,Early
7.0,8.12329,Early,Early
10.0,15.677746,On Time,Somewhat Late
2.0,3.775187,Very Early,Somewhat Early
26.0,24.157711,Very Late,Very Late
18.0,11.454627,Somewhat Late,On Time
9.0,7.981346,Early,Early
6.0,5.8078384,Somewhat Early,Somewhat Early
2.0,5.172684,Very Early,Somewhat Early
9.0,10.882005,Early,On Time
5.0,10.820372,Somewhat Early,On Time
5.0,6.5502086,Somewhat Early,Early
5.0,7.6004124,Somewhat Early,Early
2.0,4.8208656,Very Early,Somewhat Early
7.0,5.503502,Early,Somewhat Early
11.0,3.9939322,On Time,Somewhat Early
3.0,4.7816133,Very Early,Somewhat Early
17.0,20.698225,Somewhat Late,Very Late
14.0,8.899367,On Time,Early
19.0,14.028101,Somewhat Late,Somewhat Late
4.0,5.5694203,Somewhat Early,Somewhat Early
12.0,8.814252,On Time,Early
27.0,18.49352,Very Late,Somewhat Late
4.0,4.0370135,Somewhat Early,Somewhat Early
4.0,13.582754,Somewhat Early,On Time
21.0,8.508476,Very Late,Early
7.0,12.125236,Early,On Time
6.0,10.25636,Somewhat Early,On Time
12.0,7.748092,On Time,Early
17.0,13.481365,Somewhat Late,On Time
5.0,13.499285,Somewhat Early,On Time
8.0,8.979006,Early,Early
26.0,17.30457,Very Late,Somewhat Late
16.0,6.1523857,Somewhat Late,Early
5.0,3.841348,Somewhat Early,Somewhat Early
11.0,10.544945,On Time,On Time
9.0,15.354292,Early,Somewhat Late
5.0,9.689175,Somewhat Early,On Time
22.0,18.335463,Very Late,Somewhat Late
2.0,3.8078985,Very Early,Somewhat Early
4.0,9.56002,Somewhat Early,On Time
9.0,16.433449,Early,Somewhat Late
16.0,19.384686,Somewhat Late,Somewhat Late
9.0,5.8906364,Early,Somewhat Early
14.0,8.80009,On Time,Early
2.0,3.9212813,Very Early,Somewhat Early
3.0,3.8433301,Very Early,Somewhat Early
8.0,8.782542,Early,Early
12.0,13.856215,On Time,On Time
11.0,18.383904,On Time,Somewhat Late
4.0,5.550151,Somewhat Early,Somewhat Early
7.0,8.970702,Early,Early
2.0,3.825478,Very Early,Somewhat Early
22.0,20.234612,Very Late,Very Late
2.0,5.8789134,Very Early,Somewhat Early
13.0,11.311424,On Time,On Time
6.0,7.921079,Somewhat Early,Early
5.0,6.8458304,Somewhat Early,Early
17.0,20.302216,Somewhat Late,Very Late
6.0,3.816695,Somewhat Early,Somewhat Early
4.0,6.0236874,Somewhat Early,Early
10.0,8.98932,On Time,Early
7.0,9.913921,Early,On Time
20.0,15.513481,Somewhat Late,Somewhat Late
12.0,6.386488,On Time,Early
14.0,10.3380375,On Time,On Time
5.0,9.570407,Somewhat Early,On Time
2.0,4.7417154,Very Early,Somewhat Early
5.0,8.886398,Somewhat Early,Early
9.0,12.665323,Early,On Time
7.0,7.9982705,Early,Early
4.0,4.106235,Somewhat Early,Somewhat Early
3.0,6.2161646,Very Early,Early
6.0,7.0932283,Somewhat Early,Early
15.0,13.914261,Somewhat Late,On Time
3.0,3.7933974,Very Early,Somewhat Early
2.0,17.361006,Very Early,Somewhat Late
6.0,6.9848166,Somewhat Early,Early
8.0,15.654744,Early,Somewhat Late
3.0,3.786788,Very Early,Somewhat Early
4.0,3.8487914,Somewhat Early,Somewhat Early
11.0,8.286596,On Time,Early
3.0,6.77553,Very Early,Early
3.0,4.460452,Very Early,Somewhat Early
6.0,6.657357,Somewhat Early,Early
1.0,5.0856023,Very Early,Somewhat Early
6.0,6.3133106,Somewhat Early,Early
13.0,8.468048,On Time,Early
3.0,3.9094129,Very Early,Somewhat Early
14.0,4.213455,On Time,Somewhat Early
27.0,24.646502,Very Late,Very Late
17.0,4.66101,Somewhat Late,Somewhat Early
15.0,7.343103,Somewhat Late,Early
7.0,8.748446,Early,Early
12.0,12.770608,On Time,On Time
1.0,5.3411193,Very Early,Somewhat Early
8.0,8.227688,Early,Early
12.0,11.462061,On Time,On Time
7.0,8.537276,Early,Early
10.0,10.496623,On Time,On Time
5.0,4.2502294,Somewhat Early,Somewhat Early
8.0,6.5571795,Early,Early
15.0,3.9915311,Somewhat Late,Somewhat Early
15.0,7.3387995,Somewhat Late,Early
15.0,8.517002,Somewhat Late,Early
10.0,18.127323,On Time,Somewhat Late
7.0,3.923045,Early,Somewhat Early
9.0,7.8706107,Early,Early
12.0,9.078562,On Time,On Time
5.0,3.8087692,Somewhat Early,Somewhat Early
6.0,11.4863205,Somewhat Early,On Time
9.0,12.808937,Early,On Time
11.0,9.464932,On Time,On Time
11.0,14.25436,On Time,Somewhat Late
7.0,8.043931,Early,Early
5.0,3.7782729,Somewhat Early,Somewhat Early
6.0,7.418324,Somewhat Early,Early
8.0,7.248815,Early,Early
11.0,9.679153,On Time,On Time
4.0,4.3927755,Somewhat Early,Somewhat Early
5.0,6.0740175,Somewhat Early,Early
16.0,13.37397,Somewhat Late,On Time
24.0,17.918823,Very Late,Somewhat Late
8.0,9.088575,Early,On Time
9.0,7.284374,Early,Early
3.0,7.1181545,Very Early,Early
4.0,8.274283,Somewhat Early,Early
3.0,4.9292846,Very Early,Somewhat Early
7.0,7.339052,Early,Early
11.0,11.239603,On Time,On Time
5.0,12.354457,Somewhat Early,On Time
6.0,4.5820723,Somewhat Early,Somewhat Early
24.0,20.297787,Very Late,Very Late
4.0,5.3964925,Somewhat Early,Somewhat Early
16.0,16.434923,Somewhat Late,Somewhat Late
12.0,15.566409,On Time,Somewhat Late
8.0,8.7504225,Early,Early
13.0,8.092261,On Time,Early
2.0,5.043471,Very Early,Somewhat Early
12.0,10.102627,On Time,On Time
21.0,22.584187,Very Late,Very Late
17.0,13.837844,Somewhat Late,On Time
7.0,7.5847874,Early,Early
4.0,6.834835,Somewhat Early,Early
6.0,10.060881,Somewhat Early,On Time
8.0,7.645779,Early,Early
9.0,8.119336,Early,Early
2.0,3.9881232,Very Early,Somewhat Early
8.0,8.604473,Early,Early
19.0,4.991081,Somewhat Late,Somewhat Early
8.0,8.473027,Early,Early
20.0,8.71431,Somewhat Late,Early
2.0,4.734693,Very Early,Somewhat Early
13.0,9.634406,On Time,On Time
19.0,9.388141,Somewhat Late,On Time
8.0,9.749065,Early,On Time
2.0,3.798923,Very Early,Somewhat Early
13.0,13.6576805,On Time,On Time
8.0,7.946604,Early,Early
17.0,11.71608,Somewhat Late,On Time
7.0,8.131938,Early,Early
8.0,6.9874187,Early,Early
11.0,11.098181,On Time,On Time
7.0,8.367375,Early,Early
12.0,13.150518,On Time,On Time
6.0,7.3031945,Somewhat Early,Early
15.0,13.599359,Somewhat Late,On Time
2.0,3.976691,Very Early,Somewhat Early
8.0,6.804348,Early,Early
4.0,5.677363,Somewhat Early,Somewhat Early
6.0,7.4532633,Somewhat Early,Early
4.0,3.817418,Somewhat Early,Somewhat Early
18.0,14.95494,Somewhat Late,Somewhat Late
7.0,6.2879305,Early,Early
9.0,8.27475,Early,Early
6.0,7.8161635,Somewhat Early,Early
16.0,14.09168,Somewhat Late,Somewhat Late
10.0,8.695882,On Time,Early
13.0,16.600143,On Time,Somewhat Late
5.0,4.209518,Somewhat Early,Somewhat Early
5.0,11.147741,Somewhat Early,On Time
12.0,8.721327,On Time,Early
8.0,9.573241,Early,On Time
2.0,4.23197,Very Early,Somewhat Early
15.0,14.425228,Somewhat Late,Somewhat Late
6.0,7.1465235,Somewhat Early,Early
6.0,5.6969213,Somewhat Early,Somewhat Early
13.0,10.780122,On Time,On Time
12.0,11.090248,On Time,On Time
10.0,7.8172107,On Time,Early
23.0,13.021967,Very Late,On Time
2.0,3.8214037,Very Early,Somewhat Early
10.0,9.207937,On Time,On Time
6.0,14.015812,Somewhat Early,Somewhat Late
9.0,10.8042965,Early,On Time
7.0,4.5763245,Early,Somewhat Early
6.0,11.629533,Somewhat Early,On Time
7.0,8.344378,Early,Early
13.0,13.257064,On Time,On Time
3.0,10.844633,Very Early,On Time
6.0,4.9650307,Somewhat Early,Somewhat Early
10.0,9.833331,On Time,On Time
8.0,12.269714,Early,On Time
9.0,7.5200496,Early,Early
8.0,7.049416,Early,Early
3.0,3.9511857,Very Early,Somewhat Early
1.0,3.9267838,Very Early,Somewhat Early
8.0,7.326024,Early,Early
12.0,9.298821,On Time,On Time
6.0,4.8502336,Somewhat Early,Somewhat Early
17.0,13.420754,Somewhat Late,On Time
22.0,13.937214,Very Late,On Time
4.0,4.8158426,Somewhat Early,Somewhat Early
10.0,8.593581,On Time,Early
17.0,10.569805,Somewhat Late,On Time
6.0,18.432331,Somewhat Early,Somewhat Late
14.0,12.381497,On Time,On Time
4.0,3.837154,Somewhat Early,Somewhat Early
11.0,8.997329,On Time,Early
5.0,11.976912,Somewhat Early,On Time
11.0,10.69769,On Time,On Time
6.0,8.025635,Somewhat Early,Early
21.0,10.14167,Very Late,On Time
4.0,9.6420965,Somewhat Early,On Time
4.0,8.145607,Somewhat Early,Early
6.0,3.977991,Somewhat Early,Somewhat Early
11.0,11.816291,On Time,On Time
4.0,3.763766,Somewhat Early,Somewhat Early
5.0,9.384576,Somewhat Early,On Time
10.0,9.248936,On Time,On Time
16.0,8.46294,Somewhat Late,Early
27.0,18.033073,Very Late,Somewhat Late
7.0,14.5929575,Early,Somewhat Late
6.0,7.932814,Somewhat Early,Early
6.0,5.6283526,Somewhat Early,Somewhat Early
19.0,15.5001745,Somewhat Late,Somewhat Late
6.0,11.271081,Somewhat Early,On Time
1.0,3.7982557,Very Early,Somewhat Early
5.0,6.2672806,Somewhat Early,Early
7.0,9.216576,Early,On Time
18.0,9.286828,Somewhat Late,On Time
19.0,11.874815,Somewhat Late,On Time
8.0,13.691112,Early,On Time
13.0,8.8193655,On Time,Early
13.0,6.602286,On Time,Early
9.0,8.160829,Early,Early
28.0,26.571867,Very Late,Very Late
12.0,7.6997724,On Time,Early
5.0,8.02549,Somewhat Early,Early
5.0,7.7591352,Somewhat Early,Early
3.0,5.3030972,Very Early,Somewhat Early
11.0,6.839779,On Time,Early
18.0,13.076124,Somewhat Late,On Time
6.0,10.317058,Somewhat Early,On Time
4.0,3.8210666,Somewhat Early,Somewhat Early
10.0,6.8333454,On Time,Early
6.0,7.855497,Somewhat Early,Early
20.0,20.846157,Somewhat Late,Very Late
14.0,12.538173,On Time,On Time
3.0,8.247943,Very Early,Early
22.0,12.259489,Very Late,On Time
8.0,11.807061,Early,On Time
3.0,3.7956643,Very Early,Somewhat Early
3.0,4.1975636,Very Early,Somewhat Early
4.0,8.935399,Somewhat Early,Early
6.0,8.88055,Somewhat Early,Early
14.0,9.845738,On Time,On Time
7.0,4.762298,Early,Somewhat Early
9.0,9.5991955,Early,On Time
13.0,13.604387,On Time,On Time
8.0,10.175939,Early,On Time
12.0,17.436802,On Time,Somewhat Late
7.0,8.884354,Early,Early
10.0,14.942024,On Time,Somewhat Late
13.0,10.484089,On Time,On Time
21.0,11.999513,Very Late,On Time
11.0,8.975863,On Time,Early
10.0,10.815912,On Time,On Time
16.0,12.265078,Somewhat Late,On Time
1.0,3.7842567,Very Early,Somewhat Early
24.0,7.7328424,Very Late,Early
7.0,5.950511,Early,Somewhat Early
6.0,11.991358,Somewhat Early,On Time
4.0,8.131334,Somewhat Early,Early
1.0,3.8711846,Very Early,Somewhat Early
3.0,4.145805,Very Early,Somewhat Early
17.0,9.653257,Somewhat Late,On Time
3.0,3.9103076,Very Early,Somewhat Early
7.0,10.711145,Early,On Time
16.0,10.43287,Somewhat Late,On Time
8.0,6.7893243,Early,Early
16.0,7.4054947,Somewhat Late,Early
9.0,6.286314,Early,Early
5.0,4.5485954,Somewhat Early,Somewhat Early
20.0,10.671647,Somewhat Late,On Time
6.0,6.551984,Somewhat Early,Early
2.0,5.600602,Very Early,Somewhat Early
11.0,5.3659143,On Time,Somewhat Early
14.0,9.459666,On Time,On Time
6.0,3.8391333,Somewhat Early,Somewhat Early
12.0,8.215644,On Time,Early
3.0,7.7228303,Very Early,Early
5.0,8.934555,Somewhat Early,Early
17.0,9.437032,Somewhat Late,On Time
14.0,13.857297,On Time,On Time
8.0,7.692748,Early,Early
7.0,3.789772,Early,Somewhat Early
6.0,7.5223594,Somewhat Early,Early
3.0,4.463929,Very Early,Somewhat Early
6.0,4.9244766,Somewhat Early,Somewhat Early
4.0,8.860814,Somewhat Early,Early
10.0,6.7809763,On Time,Early
11.0,14.354708,On Time,Somewhat Late
18.0,9.296752,Somewhat Late,On Time
6.0,5.5889726,Somewhat Early,Somewhat Early
5.0,7.777906,Somewhat Early,Early
19.0,7.651189,Somewhat Late,Early
10.0,8.24512,On Time,Early
11.0,12.249392,On Time,On Time
6.0,5.745668,Somewhat Early,Somewhat Early
16.0,10.141828,Somewhat Late,On Time
19.0,18.887592,Somewhat Late,Somewhat Late
17.0,18.289097,Somewhat Late,Somewhat Late
12.0,8.358526,On Time,Early
7.0,6.0174317,Early,Early
5.0,10.3217325,Somewhat Early,On Time
8.0,10.443999,Early,On Time
15.0,8.824968,Somewhat Late,Early
12.0,8.594021,On Time,Early
2.0,3.7745156,Very Early,Somewhat Early
2.0,4.4091353,Very Early,Somewhat Early
15.0,13.138298,Somewhat Late,On Time
13.0,9.524216,On Time,On Time
13.0,5.59668,On Time,Somewhat Early
3.0,4.9431744,Very Early,Somewhat Early
8.0,8.4044485,Early,Early
10.0,8.849126,On Time,Early
6.0,10.17013,Somewhat Early,On Time
28.0,16.085146,Very Late,Somewhat Late
2.0,3.7813354,Very Early,Somewhat Early
3.0,9.080899,Very Early,On Time
23.0,19.637173,Very Late,Somewhat Late
8.0,10.891268,Early,On Time
15.0,7.9040594,Somewhat Late,Early
11.0,13.06068,On Time,On Time
17.0,14.411523,Somewhat Late,Somewhat Late
11.0,8.033886,On Time,Early
7.0,8.6761875,Early,Early
5.0,4.1223783,Somewhat Early,Somewhat Early
3.0,8.153181,Very Early,Early
12.0,11.527563,On Time,On Time
9.0,10.230632,Early,On Time
6.0,3.7797918,Somewhat Early,Somewhat Early
3.0,7.5757775,Very Early,Early
8.0,8.836636,Early,Early
2.0,4.7869916,Very Early,Somewhat Early
10.0,10.112917,On Time,On Time
9.0,8.028402,Early,Early
13.0,6.5390224,On Time,Early
24.0,19.080088,Very Late,Somewhat Late
5.0,7.5963597,Somewhat Early,Early
6.0,7.493228,Somewhat Early,Early
5.0,3.9138813,Somewhat Early,Somewhat Early
3.0,6.550911,Very Early,Early
4.0,7.9461355,Somewhat Early,Early
21.0,12.185884,Very Late,On Time
27.0,24.848776,Very Late,Very Late
4.0,9.014037,Somewhat Early,On Time
3.0,8.340114,Very Early,Early
8.0,3.8359473,Early,Somewhat Early
8.0,6.7160974,Early,Early
17.0,19.587248,Somewhat Late,Somewhat Late
24.0,18.227642,Very Late,Somewhat Late
3.0,5.3802214,Very Early,Somewhat Early
9.0,11.492879,Early,On Time
8.0,9.893151,Early,On Time
12.0,16.944946,On Time,Somewhat Late
23.0,16.026388,Very Late,Somewhat Late
7.0,11.5301075,Early,On Time
23.0,4.032495,Very Late,Somewhat Early
5.0,4.1111736,Somewhat Early,Somewhat Early
6.0,4.823967,Somewhat Early,Somewhat Early
10.0,10.98413,On Time,On Time
7.0,8.278427,Early,Early
6.0,4.86271,Somewhat Early,Somewhat Early
12.0,9.298821,On Time,On Time
18.0,8.118442,Somewhat Late,Early
23.0,21.04585,Very Late,Very Late
9.0,9.739893,Early,On Time
5.0,10.693319,Somewhat Early,On Time
12.0,8.744872,On Time,Early
9.0,9.7929325,Early,On Time
16.0,8.247662,Somewhat Late,Early
8.0,9.100189,Early,On Time
11.0,9.267524,On Time,On Time
8.0,14.289917,Early,Somewhat Late
3.0,3.993042,Very Early,Somewhat Early
20.0,12.934695,Somewhat Late,On Time
19.0,17.045845,Somewhat Late,Somewhat Late
6.0,6.592245,Somewhat Early,Early
4.0,7.447007,Somewhat Early,Early
4.0,6.6654844,Somewhat Early,Early
6.0,4.2391977,Somewhat Early,Somewhat Early
6.0,4.685478,Somewhat Early,Somewhat Early
3.0,6.556217,Very Early,Early
4.0,9.2343,Somewhat Early,On Time
3.0,3.9524753,Very Early,Somewhat Early
5.0,4.409696,Somewhat Early,Somewhat Early
17.0,9.794227,Somewhat Late,On Time
6.0,7.7829466,Somewhat Early,Early
15.0,14.920118,Somewhat Late,Somewhat Late
14.0,14.5723715,On Time,Somewhat Late
16.0,9.761486,Somewhat Late,On Time
6.0,8.028309,Somewhat Early,Early
3.0,8.168204,Very Early,Early
6.0,8.185435,Somewhat Early,Early
5.0,11.282078,Somewhat Early,On Time
8.0,7.605588,Early,Early
7.0,6.858993,Early,Early
5.0,7.480741,Somewhat Early,Early
7.0,8.509035,Early,Early
5.0,6.349701,Somewhat Early,Early
5.0,6.1011043,Somewhat Early,Early
2.0,6.879596,Very Early,Early
2.0,4.1967373,Very Early,Somewhat Early
12.0,9.545231,On Time,On Time
2.0,4.5378127,Very Early,Somewhat Early
7.0,8.234847,Early,Early
8.0,13.751337,Early,On Time
4.0,3.78546,Somewhat Early,Somewhat Early
16.0,7.994068,Somewhat Late,Early
8.0,8.309402,Early,Early
9.0,5.738347,Early,Somewhat Early
8.0,14.692521,Early,Somewhat Late
17.0,12.039306,Somewhat Late,On Time
12.0,9.488804,On Time,On Time
5.0,10.873622,Somewhat Early,On Time
14.0,8.337006,On Time,Early
17.0,8.638903,Somewhat Late,Early
25.0,20.835432,Very Late,Very Late
12.0,11.200442,On Time,On Time
18.0,17.20422,Somewhat Late,Somewhat Late
15.0,7.8000984,Somewhat Late,Early
6.0,14.976996,Somewhat Early,Somewhat Late
18.0,14.820656,Somewhat Late,Somewhat Late
10.0,4.7960477,On Time,Somewhat Early
3.0,3.790692,Very Early,Somewhat Early
26.0,15.231419,Very Late,Somewhat Late
14.0,11.792896,On Time,On Time
9.0,9.365807,Early,On Time
15.0,17.067495,Somewhat Late,Somewhat Late
9.0,11.370883,Early,On Time
7.0,15.087706,Early,Somewhat Late
12.0,15.135914,On Time,Somewhat Late
8.0,6.0987697,Early,Early
2.0,3.9674006,Very Early,Somewhat Early
5.0,3.7668407,Somewhat Early,Somewhat Early
26.0,23.639545,Very Late,Very Late
7.0,8.575895,Early,Early
11.0,12.864382,On Time,On Time
8.0,7.842633,Early,Early
6.0,3.8564343,Somewhat Early,Somewhat Early
16.0,7.602306,Somewhat Late,Early
8.0,4.920187,Early,Somewhat Early
9.0,8.5416,Early,Early
27.0,20.650051,Very Late,Very Late
7.0,5.844192,Early,Somewhat Early
10.0,6.5726814,On Time,Early
9.0,5.486759,Early,Somewhat Early
24.0,17.471138,Very Late,Somewhat Late
14.0,10.335366,On Time,On Time
5.0,11.486133,Somewhat Early,On Time
3.0,5.794931,Very Early,Somewhat Early
4.0,5.89659,Somewhat Early,Somewhat Early
23.0,17.930672,Very Late,Somewhat Late
7.0,8.135066,Early,Early
4.0,3.819646,Somewhat Early,Somewhat Early
12.0,13.227863,On Time,On Time
6.0,9.319562,Somewhat Early,On Time
15.0,13.220586,Somewhat Late,On Time
7.0,6.9527664,Early,Early
12.0,7.417443,On Time,Early
11.0,11.04098,On Time,On Time
10.0,8.393446,On Time,Early
7.0,7.9662523,Early,Early
5.0,10.213982,Somewhat Early,On Time
7.0,5.702298,Early,Somewhat Early
19.0,12.872588,Somewhat Late,On Time
10.0,7.852258,On Time,Early
12.0,9.055011,On Time,On Time
15.0,14.897194,Somewhat Late,Somewhat Late
21.0,14.12776,Very Late,Somewhat Late
9.0,8.586339,Early,Early
16.0,10.929396,Somewhat Late,On Time
5.0,6.2936764,Somewhat Early,Early
6.0,6.7832603,Somewhat Early,Early
9.0,10.720619,Early,On Time
5.0,7.3594475,Somewhat Early,Early
12.0,10.033334,On Time,On Time
11.0,12.440126,On Time,On Time
10.0,15.246513,On Time,Somewhat Late
11.0,7.3231783,On Time,Early
13.0,14.012839,On Time,Somewhat Late
12.0,9.353342,On Time,On Time
9.0,8.3679695,Early,Early
11.0,9.632096,On Time,On Time
12.0,13.519853,On Time,On Time
11.0,8.545973,On Time,Early
6.0,7.6555767,Somewhat Early,Early
4.0,5.0966854,Somewhat Early,Somewhat Early
6.0,13.566658,Somewhat Early,On Time
27.0,22.905441,Very Late,Very Late
7.0,7.6352615,Early,Early
14.0,14.429306,On Time,Somewhat Late
3.0,8.623425,Very Early,Early
6.0,8.544239,Somewhat Early,Early
11.0,18.593458,On Time,Somewhat Late
12.0,7.404325,On Time,Early
11.0,7.3268833,On Time,Early
19.0,11.611485,Somewhat Late,On Time
21.0,8.591869,Very Late,Early
14.0,16.029686,On Time,Somewhat Late
5.0,9.648065,Somewhat Early,On Time
11.0,9.089084,On Time,On Time
6.0,5.623618,Somewhat Early,Somewhat Early
5.0,7.6788106,Somewhat Early,Early
8.0,4.367635,Early,Somewhat Early
7.0,10.742178,Early,On Time
12.0,8.524921,On Time,Early
10.0,5.4636827,On Time,Somewhat Early
19.0,13.707893,Somewhat Late,On Time
3.0,3.8705125,Very Early,Somewhat Early
9.0,10.036279,Early,On Time
13.0,13.005027,On Time,On Time
5.0,4.017013,Somewhat Early,Somewhat Early
4.0,8.339771,Somewhat Early,Early
15.0,8.361873,Somewhat Late,Early
7.0,5.811127,Early,Somewhat Early
11.0,12.702047,On Time,On Time
4.0,6.886895,Somewhat Early,Early
6.0,3.7981293,Somewhat Early,Somewhat Early
18.0,13.70676,Somewhat Late,On Time
11.0,9.810828,On Time,On Time
18.0,7.5323997,Somewhat Late,Early
4.0,10.885318,Somewhat Early,On Time
6.0,7.6256685,Somewhat Early,Early
9.0,8.875697,Early,Early
4.0,4.924674,Somewhat Early,Somewhat Early
14.0,13.02302,On Time,On Time
4.0,3.8062057,Somewhat Early,Somewhat Early
6.0,3.7951248,Somewhat Early,Somewhat Early
8.0,8.611287,Early,Early
5.0,9.303246,Somewhat Early,On Time
10.0,4.11657,On Time,Somewhat Early
22.0,19.446594,Very Late,Somewhat Late
13.0,11.636459,On Time,On Time
4.0,7.7034197,Somewhat Early,Early
1.0,3.7930586,Very Early,Somewhat Early
7.0,7.779764,Early,Early
17.0,13.985822,Somewhat Late,On Time
2.0,3.908662,Very Early,Somewhat Early
16.0,16.328901,Somewhat Late,Somewhat Late
11.0,6.668295,On Time,Early
6.0,7.6064725,Somewhat Early,Early
2.0,5.4797916,Very Early,Somewhat Early
9.0,6.9602814,Early,Early
10.0,10.972284,On Time,On Time
26.0,16.563656,Very Late,Somewhat Late
6.0,8.157391,Somewhat Early,Early
9.0,3.8241534,Early,Somewhat Early
15.0,10.24366,Somewhat Late,On Time
13.0,9.537685,On Time,On Time
7.0,8.667769,Early,Early
8.0,8.4890785,Early,Early
17.0,9.915533,Somewhat Late,On Time
2.0,4.662921,Very Early,Somewhat Early
14.0,15.667615,On Time,Somewhat Late
8.0,10.412275,Early,On Time
5.0,3.8302255,Somewhat Early,Somewhat Early
10.0,13.377656,On Time,On Time
10.0,8.716271,On Time,Early
7.0,10.81739,Early,On Time
9.0,6.31851,Early,Early
10.0,9.535673,On Time,On Time
6.0,14.912989,Somewhat Early,Somewhat Late
10.0,6.3085737,On Time,Early
9.0,5.5565753,Early,Somewhat Early
13.0,15.33831,On Time,Somewhat Late
12.0,8.381528,On Time,Early
11.0,14.006622,On Time,Somewhat Late
10.0,11.313019,On Time,On Time
11.0,11.5957365,On Time,On Time
10.0,7.738438,On Time,Early
8.0,6.6591377,Early,Early
9.0,6.621576,Early,Early
5.0,4.670191,Somewhat Early,Somewhat Early
10.0,9.929057,On Time,On Time
11.0,7.9590473,On Time,Early
6.0,3.876469,Somewhat Early,Somewhat Early
4.0,12.429303,Somewhat Early,On Time
9.0,3.7877247,Early,Somewhat Early
9.0,7.5911975,Early,Early
14.0,6.7293224,On Time,Early
18.0,17.375986,Somewhat Late,Somewhat Late
1.0,4.152884,Very Early,Somewhat Early
2.0,8.946526,Very Early,Early
5.0,5.201198,Somewhat Early,Somewhat Early
6.0,10.336936,Somewhat Early,On Time
5.0,4.3124886,Somewhat Early,Somewhat Early
4.0,13.272247,Somewhat Early,On Time
3.0,3.9529765,Very Early,Somewhat Early
22.0,12.353531,Very Late,On Time
5.0,4.783351,Somewhat Early,Somewhat Early
6.0,8.571186,Somewhat Early,Early
26.0,19.332506,Very Late,Somewhat Late
11.0,11.97206,On Time,On Time
9.0,11.826781,Early,On Time
22.0,22.614082,Very Late,Very Late
7.0,4.258767,Early,Somewhat Early
5.0,3.8253555,Somewhat Early,Somewhat Early
5.0,9.49047,Somewhat Early,On Time
13.0,8.546308,On Time,Early
16.0,18.582047,Somewhat Late,Somewhat Late
6.0,6.6306615,Somewhat Early,Early
13.0,5.5206246,On Time,Somewhat Early
7.0,7.6587777,Early,Early
5.0,6.1878915,Somewhat Early,Early
27.0,22.372477,Very Late,Very Late
15.0,16.844084,Somewhat Late,Somewhat Late
4.0,7.2280016,Somewhat Early,Early
9.0,4.0935173,Early,Somewhat Early
7.0,6.725299,Early,Early
6.0,7.680906,Somewhat Early,Early
5.0,7.6092043,Somewhat Early,Early
5.0,5.5630484,Somewhat Early,Somewhat Early
21.0,14.795895,Very Late,Somewhat Late
3.0,3.8344178,Very Early,Somewhat Early
13.0,13.506763,On Time,On Time
9.0,9.147041,Early,On Time
17.0,15.401104,Somewhat Late,Somewhat Late
15.0,10.789799,Somewhat Late,On Time
4.0,5.5325103,Somewhat Early,Somewhat Early
14.0,10.665599,On Time,On Time
9.0,10.01385,Early,On Time
20.0,18.42619,Somewhat Late,Somewhat Late
14.0,9.128243,On Time,On Time
5.0,8.57411,Somewhat Early,Early
4.0,5.814358,Somewhat Early,Somewhat Early
7.0,8.275464,Early,Early
8.0,7.778322,Early,Early
9.0,9.833668,Early,On Time
28.0,16.986616,Very Late,Somewhat Late
26.0,19.17102,Very Late,Somewhat Late
7.0,4.724092,Early,Somewhat Early
4.0,3.7959576,Somewhat Early,Somewhat Early
6.0,7.746217,Somewhat Early,Early
9.0,9.920072,Early,On Time
7.0,9.764531,Early,On Time
4.0,7.4145308,Somewhat Early,Early
6.0,10.452498,Somewhat Early,On Time
10.0,13.501249,On Time,On Time
7.0,5.2065797,Early,Somewhat Early
5.0,9.10212,Somewhat Early,On Time
3.0,4.382163,Very Early,Somewhat Early
3.0,3.8170123,Very Early,Somewhat Early
23.0,21.841213,Very Late,Very Late
14.0,4.7261763,On Time,Somewhat Early
15.0,8.419318,Somewhat Late,Early
15.0,11.523966,Somewhat Late,On Time
19.0,17.393963,Somewhat Late,Somewhat Late
11.0,8.066695,On Time,Early
7.0,4.864168,Early,Somewhat Early
6.0,4.6142263,Somewhat Early,Somewhat Early
24.0,17.174461,Very Late,Somewhat Late
14.0,16.610106,On Time,Somewhat Late
7.0,7.3043084,Early,Early
11.0,15.996092,On Time,Somewhat Late
9.0,7.591915,Early,Early
12.0,13.734409,On Time,On Time
24.0,13.87081,Very Late,On Time
17.0,5.6643176,Somewhat Late,Somewhat Early
3.0,6.7243075,Very Early,Early
18.0,16.411783,Somewhat Late,Somewhat Late
7.0,3.8927717,Early,Somewhat Early
13.0,11.739232,On Time,On Time
23.0,24.333212,Very Late,Very Late
1.0,3.8033175,Very Early,Somewhat Early
28.0,23.458874,Very Late,Very Late
19.0,15.6232195,Somewhat Late,Somewhat Late
5.0,8.682153,Somewhat Early,Early
22.0,20.553398,Very Late,Very Late
2.0,11.376211,Very Early,On Time
6.0,8.543937,Somewhat Early,Early
17.0,17.055653,Somewhat Late,Somewhat Late
15.0,12.242456,Somewhat Late,On Time
11.0,8.240946,On Time,Early
7.0,8.775242,Early,Early
5.0,7.7647715,Somewhat Early,Early
1.0,4.888183,Very Early,Somewhat Early
10.0,11.653054,On Time,On Time
4.0,7.1536264,Somewhat Early,Early
17.0,13.432419,Somewhat Late,On Time
10.0,13.3343725,On Time,On Time
1.0,3.7821121,Very Early,Somewhat Early
13.0,9.644663,On Time,On Time
4.0,3.8389335,Somewhat Early,Somewhat Early
15.0,14.7689495,Somewhat Late,Somewhat Late
9.0,7.4645267,Early,Early
26.0,7.864302,Very Late,Early
11.0,10.838925,On Time,On Time
6.0,4.1316853,Somewhat Early,Somewhat Early
28.0,21.470757,Very Late,Very Late
13.0,12.029711,On Time,On Time
14.0,5.3062625,On Time,Somewhat Early
6.0,4.7549605,Somewhat Early,Somewhat Early
9.0,8.415989,Early,Early
11.0,8.499374,On Time,Early
13.0,9.858573,On Time,On Time
1.0,6.426294,Very Early,Early
11.0,9.154287,On Time,On Time
16.0,10.996661,Somewhat Late,On Time
26.0,21.477697,Very Late,Very Late
5.0,8.275851,Somewhat Early,Early
1.0,4.6097775,Very Early,Somewhat Early
14.0,14.365087,On Time,Somewhat Late
8.0,12.767025,Early,On Time
8.0,12.177172,Early,On Time
13.0,7.350431,On Time,Early
12.0,11.623199,On Time,On Time
10.0,8.310421,On Time,Early
10.0,4.855237,On Time,Somewhat Early
13.0,4.8203807,On Time,Somewhat Early
5.0,3.8257322,Somewhat Early,Somewhat Early
11.0,11.489673,On Time,On Time
27.0,26.218498,Very Late,Very Late
6.0,6.618895,Somewhat Early,Early
2.0,5.154137,Very Early,Somewhat Early
26.0,15.897538,Very Late,Somewhat Late
8.0,8.570575,Early,Early
17.0,4.0372396,Somewhat Late,Somewhat Early
12.0,14.719396,On Time,Somewhat Late
15.0,15.172517,Somewhat Late,Somewhat Late
22.0,22.359207,Very Late,Very Late
8.0,9.677331,Early,On Time
1.0,6.304047,Very Early,Early
3.0,3.8286548,Very Early,Somewhat Early
4.0,3.767852,Somewhat Early,Somewhat Early
18.0,17.678068,Somewhat Late,Somewhat Late
3.0,7.500855,Very Early,Early
7.0,6.6393876,Early,Early
6.0,7.3620853,Somewhat Early,Early
16.0,14.05518,Somewhat Late,Somewhat Late
10.0,6.5237713,On Time,Early
4.0,4.349144,Somewhat Early,Somewhat Early
11.0,11.045551,On Time,On Time
14.0,10.5093,On Time,On Time
22.0,18.885513,Very Late,Somewhat Late
11.0,10.040882,On Time,On Time
6.0,6.9841113,Somewhat Early,Early
13.0,13.12806,On Time,On Time
2.0,3.8033593,Very Early,Somewhat Early
11.0,10.588636,On Time,On Time
9.0,13.050778,Early,On Time
2.0,7.7007923,Very Early,Early
4.0,3.8052561,Somewhat Early,Somewhat Early
7.0,9.700472,Early,On Time
4.0,4.2416134,Somewhat Early,Somewhat Early
13.0,9.429948,On Time,On Time
9.0,5.75086,Early,Somewhat Early
3.0,7.5601654,Very Early,Early
8.0,7.7793236,Early,Early
21.0,6.413141,Very Late,Early
16.0,12.667225,Somewhat Late,On Time
1.0,4.8458085,Very Early,Somewhat Early
7.0,7.5526943,Early,Early
11.0,8.351539,On Time,Early
7.0,12.132947,Early,On Time
11.0,8.8120775,On Time,Early
17.0,9.673281,Somewhat Late,On Time
19.0,16.614437,Somewhat Late,Somewhat Late
7.0,8.805479,Early,Early
12.0,16.348137,On Time,Somewhat Late
13.0,8.620423,On Time,Early
13.0,9.350992,On Time,On Time
9.0,14.987853,Early,Somewhat Late
5.0,5.94311,Somewhat Early,Somewhat Early
11.0,10.534637,On Time,On Time
9.0,8.715125,Early,Early
4.0,3.854068,Somewhat Early,Somewhat Early
1.0,3.86493,Very Early,Somewhat Early
3.0,6.291791,Very Early,Early
9.0,11.565727,Early,On Time
5.0,9.943525,Somewhat Early,On Time
10.0,7.222748,On Time,Early
8.0,10.051556,Early,On Time
8.0,3.7818134,Early,Somewhat Early
20.0,20.627224,Somewhat Late,Very Late
7.0,12.177601,Early,On Time
16.0,8.105446,Somewhat Late,Early
10.0,6.5749464,On Time,Early
10.0,11.453617,On Time,On Time
4.0,9.205941,Somewhat Early,On Time
7.0,8.188061,Early,Early
2.0,4.8187227,Very Early,Somewhat Early
2.0,6.5165896,Very Early,Early
10.0,11.730597,On Time,On Time
7.0,8.589173,Early,Early
8.0,12.765536,Early,On Time
4.0,3.8584037,Somewhat Early,Somewhat Early
6.0,5.6335316,Somewhat Early,Somewhat Early
9.0,11.274863,Early,On Time
7.0,17.599903,Early,Somewhat Late
25.0,11.922253,Very Late,On Time
16.0,10.788505,Somewhat Late,On Time
14.0,18.341291,On Time,Somewhat Late
15.0,11.380324,Somewhat Late,On Time
9.0,8.360054,Early,Early
12.0,16.230606,On Time,Somewhat Late
24.0,21.54315,Very Late,Very Late
19.0,14.36643,Somewhat Late,Somewhat Late
1.0,3.7937667,Very Early,Somewhat Early
18.0,15.348148,Somewhat Late,Somewhat Late
4.0,3.8205385,Somewhat Early,Somewhat Early
5.0,4.8558655,Somewhat Early,Somewhat Early
26.0,20.832489,Very Late,Very Late
25.0,20.640831,Very Late,Very Late
16.0,16.867666,Somewhat Late,Somewhat Late
26.0,20.455942,Very Late,Very Late
11.0,8.480364,On Time,Early
3.0,3.7925756,Very Early,Somewhat Early
9.0,9.210041,Early,On Time
6.0,8.13242,Somewhat Early,Early
4.0,6.5625315,Somewhat Early,Early
10.0,7.757886,On Time,Early
8.0,18.617374,Early,Somewhat Late
13.0,13.068552,On Time,On Time
10.0,7.746834,On Time,Early
10.0,7.2103944,On Time,Early
9.0,7.2531476,Early,Early
14.0,6.861382,On Time,Early
14.0,4.807555,On Time,Somewhat Early
11.0,7.7750688,On Time,Early
1.0,3.8010607,Very Early,Somewhat Early
8.0,8.128738,Early,Early
2.0,5.8464866,Very Early,Somewhat Early
6.0,8.184076,Somewhat Early,Early
4.0,5.519237,Somewhat Early,Somewhat Early
7.0,3.9482334,Early,Somewhat Early
12.0,14.726007,On Time,Somewhat Late
7.0,14.2295685,Early,Somewhat Late
5.0,6.280029,Somewhat Early,Early
10.0,13.701602,On Time,On Time
5.0,4.742016,Somewhat Early,Somewhat Early
11.0,9.84757,On Time,On Time
11.0,6.2874036,On Time,Early
9.0,9.868748,Early,On Time
7.0,10.042361,Early,On Time
16.0,13.863373,Somewhat Late,On Time
8.0,8.467923,Early,Early
25.0,16.531334,Very Late,Somewhat Late
5.0,4.793093,Somewhat Early,Somewhat Early
6.0,8.737273,Somewhat Early,Early
16.0,12.991836,Somewhat Late,On Time
3.0,3.8483145,Very Early,Somewhat Early
5.0,7.4984636,Somewhat Early,Early
26.0,17.421532,Very Late,Somewhat Late
10.0,8.854391,On Time,Early
10.0,8.266508,On Time,Early
5.0,5.815432,Somewhat Early,Somewhat Early
10.0,8.90727,On Time,Early
2.0,3.820702,Very Early,Somewhat Early
9.0,7.141742,Early,Early
1.0,3.892819,Very Early,Somewhat Early
14.0,8.997686,On Time,Early
23.0,21.105509,Very Late,Very Late
9.0,8.190476,Early,Early
10.0,7.916728,On Time,Early
5.0,9.97177,Somewhat Early,On Time
11.0,9.844163,On Time,On Time
8.0,5.4414907,Early,Somewhat Early
8.0,5.344733,Early,Somewhat Early
12.0,4.85102,On Time,Somewhat Early
2.0,7.065894,Very Early,Early
10.0,8.760058,On Time,Early
25.0,19.449888,Very Late,Somewhat Late
8.0,6.939459,Early,Early
8.0,9.077843,Early,On Time
18.0,10.855131,Somewhat Late,On Time
3.0,7.618059,Very Early,Early
7.0,6.8686233,Early,Early
3.0,5.779944,Very Early,Somewhat Early
8.0,5.1569157,Early,Somewhat Early
12.0,7.0643916,On Time,Early
17.0,10.2458105,Somewhat Late,On Time
20.0,18.234272,Somewhat Late,Somewhat Late
10.0,10.304178,On Time,On Time
11.0,10.847842,On Time,On Time
2.0,3.824646,Very Early,Somewhat Early
20.0,21.021584,Somewhat Late,Very Late
4.0,5.385822,Somewhat Early,Somewhat Early
15.0,6.48333,Somewhat Late,Early
9.0,9.240662,Early,On Time
14.0,15.032961,On Time,Somewhat Late
10.0,8.615534,On Time,Early
2.0,3.7936788,Very Early,Somewhat Early
15.0,17.504482,Somewhat Late,Somewhat Late
6.0,8.072084,Somewhat Early,Early
15.0,10.386739,Somewhat Late,On Time
17.0,8.97139,Somewhat Late,Early
6.0,6.55799,Somewhat Early,Early
8.0,13.270193,Early,On Time
18.0,17.025337,Somewhat Late,Somewhat Late
12.0,13.623756,On Time,On Time
5.0,9.941499,Somewhat Early,On Time
15.0,14.718223,Somewhat Late,Somewhat Late
2.0,3.7759275,Very Early,Somewhat Early
8.0,9.406509,Early,On Time
16.0,13.114237,Somewhat Late,On Time
21.0,13.823511,Very Late,On Time
9.0,13.249081,Early,On Time
2.0,5.9676385,Very Early,Somewhat Early
9.0,9.696244,Early,On Time
2.0,3.79247,Very Early,Somewhat Early
7.0,6.8120947,Early,Early
20.0,10.484068,Somewhat Late,On Time
15.0,17.183493,Somewhat Late,Somewhat Late
27.0,19.435575,Very Late,Somewhat Late
22.0,19.366772,Very Late,Somewhat Late
5.0,7.9629083,Somewhat Early,Early
17.0,9.808682,Somewhat Late,On Time
7.0,6.919103,Early,Early
13.0,11.711892,On Time,On Time
3.0,3.78091,Very Early,Somewhat Early
15.0,9.07003,Somewhat Late,On Time
7.0,12.772502,Early,On Time
6.0,5.1847663,Somewhat Early,Somewhat Early
8.0,7.832157,Early,Early
8.0,4.7490697,Early,Somewhat Early
10.0,8.55564,On Time,Early
9.0,4.593822,Early,Somewhat Early
3.0,3.824261,Very Early,Somewhat Early
14.0,13.266454,On Time,On Time
3.0,5.050852,Very Early,Somewhat Early
11.0,10.361285,On Time,On Time
3.0,5.878672,Very Early,Somewhat Early
10.0,6.969512,On Time,Early
18.0,7.998006,Somewhat Late,Early
7.0,8.76418,Early,Early
8.0,9.099293,Early,On Time
20.0,14.915767,Somewhat Late,Somewhat Late
26.0,24.873718,Very Late,Very Late
2.0,3.7901814,Very Early,Somewhat Early
8.0,9.882644,Early,On Time
14.0,9.298286,On Time,On Time
7.0,8.06775,Early,Early
16.0,11.728306,Somewhat Late,On Time
2.0,7.268581,Very Early,Early
13.0,7.985241,On Time,Early
1.0,5.3578815,Very Early,Somewhat Early
18.0,9.408152,Somewhat Late,On Time
7.0,8.979286,Early,Early
9.0,11.425518,Early,On Time
8.0,13.654788,Early,On Time
7.0,9.024978,Early,On Time
9.0,8.45084,Early,Early
13.0,8.943898,On Time,Early
8.0,8.221832,Early,Early
5.0,3.7956638,Somewhat Early,Somewhat Early
12.0,7.0171375,On Time,Early
6.0,8.724949,Somewhat Early,Early
3.0,6.992159,Very Early,Early
7.0,7.613432,Early,Early
18.0,14.949945,Somewhat Late,Somewhat Late
10.0,15.528143,On Time,Somewhat Late
4.0,7.133699,Somewhat Early,Early
6.0,9.33447,Somewhat Early,On Time
18.0,16.534113,Somewhat Late,Somewhat Late
24.0,21.042877,Very Late,Very Late
28.0,19.605734,Very Late,Somewhat Late
19.0,13.8498745,Somewhat Late,On Time
10.0,8.821085,On Time,Early
7.0,4.6284456,Early,Somewhat Early
5.0,8.870976,Somewhat Early,Early
4.0,3.79156,Somewhat Early,Somewhat Early
18.0,17.942842,Somewhat Late,Somewhat Late
4.0,5.5968337,Somewhat Early,Somewhat Early
7.0,6.78603,Early,Early
8.0,9.507849,Early,On Time
4.0,7.973003,Somewhat Early,Early
9.0,9.993438,Early,On Time
5.0,6.316493,Somewhat Early,Early
1.0,3.8066568,Very Early,Somewhat Early
6.0,8.587188,Somewhat Early,Early
12.0,8.598853,On Time,Early
7.0,10.433183,Early,On Time
2.0,3.8209536,Very Early,Somewhat Early
21.0,12.26565,Very Late,On Time
3.0,3.8513699,Very Early,Somewhat Early
2.0,3.8032324,Very Early,Somewhat Early
12.0,9.332733,On Time,On Time
8.0,6.513034,Early,Early
4.0,3.827603,Somewhat Early,Somewhat Early
14.0,14.613335,On Time,Somewhat Late
14.0,11.894909,On Time,On Time
17.0,9.794227,Somewhat Late,On Time
8.0,7.1388717,Early,Early
6.0,8.01475,Somewhat Early,Early
14.0,12.369536,On Time,On Time
8.0,8.062887,Early,Early
12.0,4.5818095,On Time,Somewhat Early
5.0,8.901657,Somewhat Early,Early
17.0,9.4849205,Somewhat Late,On Time
2.0,3.8105636,Very Early,Somewhat Early
6.0,7.13345,Somewhat Early,Early
9.0,8.801756,Early,Early
4.0,9.234667,Somewhat Early,On Time
18.0,18.867046,Somewhat Late,Somewhat Late
8.0,9.072185,Early,On Time
11.0,5.8034196,On Time,Somewhat Early
3.0,3.780357,Very Early,Somewhat Early
6.0,3.8138728,Somewhat Early,Somewhat Early
20.0,14.797512,Somewhat Late,Somewhat Late
15.0,17.332674,Somewhat Late,Somewhat Late
6.0,4.144038,Somewhat Early,Somewhat Early
8.0,10.231034,Early,On Time
6.0,6.793097,Somewhat Early,Early
2.0,4.134263,Very Early,Somewhat Early
10.0,8.985996,On Time,Early
5.0,3.9153433,Somewhat Early,Somewhat Early
8.0,7.139182,Early,Early
6.0,4.4447117,Somewhat Early,Somewhat Early
5.0,9.235308,Somewhat Early,On Time
10.0,7.7122293,On Time,Early
10.0,4.980612,On Time,Somewhat Early
6.0,8.344342,Somewhat Early,Early
11.0,9.150684,On Time,On Time
27.0,15.681235,Very Late,Somewhat Late
9.0,8.52067,Early,Early
11.0,13.838907,On Time,On Time
15.0,16.432121,Somewhat Late,Somewhat Late
15.0,15.070741,Somewhat Late,Somewhat Late
13.0,9.09804,On Time,On Time
5.0,4.456412,Somewhat Early,Somewhat Early
10.0,8.244376,On Time,Early
2.0,3.7729712,Very Early,Somewhat Early
3.0,3.7839773,Very Early,Somewhat Early
8.0,4.878927,Early,Somewhat Early
7.0,8.69542,Early,Early
3.0,4.86441,Very Early,Somewhat Early
12.0,11.307336,On Time,On Time
25.0,18.316246,Very Late,Somewhat Late
9.0,10.847037,Early,On Time
4.0,5.90918,Somewhat Early,Somewhat Early
20.0,16.030527,Somewhat Late,Somewhat Late
16.0,13.021917,Somewhat Late,On Time
3.0,3.807581,Very Early,Somewhat Early
7.0,7.6283665,Early,Early
13.0,5.08056,On Time,Somewhat Early
17.0,4.248815,Somewhat Late,Somewhat Early
11.0,11.186105,On Time,On Time
14.0,15.257942,On Time,Somewhat Late
18.0,16.98623,Somewhat Late,Somewhat Late
14.0,11.901067,On Time,On Time
17.0,11.710087,Somewhat Late,On Time
9.0,8.58139,Early,Early
8.0,4.418139,Early,Somewhat Early
14.0,8.975541,On Time,Early
5.0,4.5132756,Somewhat Early,Somewhat Early
20.0,21.214813,Somewhat Late,Very Late
15.0,4.714167,Somewhat Late,Somewhat Early
8.0,8.290378,Early,Early
15.0,13.934985,Somewhat Late,On Time
6.0,8.014999,Somewhat Early,Early
3.0,3.851297,Very Early,Somewhat Early
5.0,7.096139,Somewhat Early,Early
13.0,10.260172,On Time,On Time
26.0,20.857763,Very Late,Very Late
20.0,16.625856,Somewhat Late,Somewhat Late
10.0,15.097386,On Time,Somewhat Late
7.0,7.3269944,Early,Early
11.0,12.861292,On Time,On Time
15.0,14.850238,Somewhat Late,Somewhat Late
5.0,10.94495,Somewhat Early,On Time
10.0,8.097519,On Time,Early
9.0,7.9199533,Early,Early
13.0,15.028136,On Time,Somewhat Late
2.0,11.62385,Very Early,On Time
13.0,8.567135,On Time,Early
5.0,4.562357,Somewhat Early,Somewhat Early
7.0,7.9209933,Early,Early
17.0,14.241363,Somewhat Late,Somewhat Late
6.0,8.837592,Somewhat Early,Early
23.0,15.782349,Very Late,Somewhat Late
8.0,14.196168,Early,Somewhat Late
19.0,9.2592945,Somewhat Late,On Time
5.0,3.8601584,Somewhat Early,Somewhat Early
7.0,3.8147707,Early,Somewhat Early
13.0,8.544018,On Time,Early
22.0,7.9791555,Very Late,Early
4.0,8.30492,Somewhat Early,Early
16.0,16.143005,Somewhat Late,Somewhat Late
15.0,12.696023,Somewhat Late,On Time
20.0,19.064669,Somewhat Late,Somewhat Late
11.0,12.312896,On Time,On Time
7.0,10.466672,Early,On Time
2.0,3.8090658,Very Early,Somewhat Early
6.0,15.403401,Somewhat Early,Somewhat Late
9.0,9.506038,Early,On Time
15.0,8.691903,Somewhat Late,Early
22.0,20.647942,Very Late,Very Late
11.0,10.537508,On Time,On Time
16.0,15.224425,Somewhat Late,Somewhat Late
18.0,14.715454,Somewhat Late,Somewhat Late
15.0,19.99961,Somewhat Late,Somewhat Late
15.0,10.217389,Somewhat Late,On Time
24.0,22.17601,Very Late,Very Late
11.0,9.477564,On Time,On Time
12.0,7.6359334,On Time,Early
8.0,5.795043,Early,Somewhat Early
11.0,9.2374325,On Time,On Time
7.0,9.11401,Early,On Time
7.0,8.836434,Early,Early
6.0,11.245773,Somewhat Early,On Time
10.0,8.721168,On Time,Early
4.0,3.8920517,Somewhat Early,Somewhat Early
3.0,8.549778,Very Early,Early
4.0,8.493166,Somewhat Early,Early
10.0,10.145003,On Time,On Time
7.0,7.3987074,Early,Early
8.0,9.865919,Early,On Time
9.0,10.132391,Early,On Time
5.0,11.034513,Somewhat Early,On Time
4.0,4.063794,Somewhat Early,Somewhat Early
24.0,20.023142,Very Late,Very Late
14.0,11.014753,On Time,On Time
9.0,7.624485,Early,Early
2.0,3.807408,Very Early,Somewhat Early
25.0,16.115988,Very Late,Somewhat Late
10.0,9.267248,On Time,On Time
23.0,19.633228,Very Late,Somewhat Late
2.0,3.8272355,Very Early,Somewhat Early
7.0,12.819876,Early,On Time
7.0,7.969593,Early,Early
11.0,10.398984,On Time,On Time
1.0,3.9545686,Very Early,Somewhat Early
13.0,12.423165,On Time,On Time
9.0,5.694577,Early,Somewhat Early
21.0,17.487665,Very Late,Somewhat Late
1.0,3.8750014,Very Early,Somewhat Early
23.0,21.767391,Very Late,Very Late
7.0,4.5829535,Early,Somewhat Early
8.0,9.687064,Early,On Time
14.0,14.12647,On Time,Somewhat Late
12.0,12.813437,On Time,On Time
2.0,4.131828,Very Early,Somewhat Early
2.0,4.077786,Very Early,Somewhat Early
23.0,26.400143,Very Late,Very Late
19.0,7.686571,Somewhat Late,Early
6.0,7.6356864,Somewhat Early,Early
8.0,9.335157,Early,On Time
8.0,7.893051,Early,Early
11.0,10.862758,On Time,On Time
8.0,5.9021597,Early,Somewhat Early
19.0,16.977676,Somewhat Late,Somewhat Late
15.0,9.0842705,Somewhat Late,On Time
13.0,8.870198,On Time,Early
14.0,19.090876,On Time,Somewhat Late
2.0,4.338949,Very Early,Somewhat Early
22.0,23.87923,Very Late,Very Late
16.0,13.239426,Somewhat Late,On Time
7.0,9.007647,Early,On Time
9.0,9.652094,Early,On Time
6.0,5.7759604,Somewhat Early,Somewhat Early
9.0,3.9745114,Early,Somewhat Early
4.0,11.511589,Somewhat Early,On Time
9.0,9.845638,Early,On Time
15.0,11.84918,Somewhat Late,On Time
13.0,8.18425,On Time,Early
11.0,11.141813,On Time,On Time
13.0,7.196244,On Time,Early
17.0,11.057632,Somewhat Late,On Time
1.0,8.768763,Very Early,Early
4.0,8.309921,Somewhat Early,Early
9.0,8.424957,Early,Early
15.0,14.767396,Somewhat Late,Somewhat Late
26.0,15.830554,Very Late,Somewhat Late
6.0,5.0890374,Somewhat Early,Somewhat Early
12.0,9.968854,On Time,On Time
11.0,7.9703846,On Time,Early
22.0,14.440415,Very Late,Somewhat Late
8.0,12.224576,Early,On Time
8.0,8.522445,Early,Early
15.0,15.041521,Somewhat Late,Somewhat Late
7.0,8.12499,Early,Early
14.0,16.642914,On Time,Somewhat Late
24.0,20.793606,Very Late,Very Late
11.0,12.428912,On Time,On Time
11.0,10.073971,On Time,On Time
18.0,10.500498,Somewhat Late,On Time
18.0,18.45258,Somewhat Late,Somewhat Late
14.0,15.185505,On Time,Somewhat Late
9.0,7.3523602,Early,Early
5.0,3.79318,Somewhat Early,Somewhat Early
28.0,23.924053,Very Late,Very Late
4.0,6.865939,Somewhat Early,Early
13.0,12.289836,On Time,On Time
6.0,8.107706,Somewhat Early,Early
5.0,7.3606777,Somewhat Early,Early
9.0,8.101033,Early,Early
18.0,7.1772013,Somewhat Late,Early
28.0,16.617962,Very Late,Somewhat Late
14.0,12.984506,On Time,On Time
9.0,13.629284,Early,On Time
6.0,8.125402,Somewhat Early,Early
16.0,14.191117,Somewhat Late,Somewhat Late
16.0,13.863373,Somewhat Late,On Time
10.0,14.082904,On Time,Somewhat Late
10.0,3.7843974,On Time,Somewhat Early
23.0,14.620361,Very Late,Somewhat Late
2.0,7.7069836,Very Early,Early
7.0,7.0118184,Early,Early
7.0,10.429778,Early,On Time
10.0,9.739097,On Time,On Time
5.0,14.873446,Somewhat Early,Somewhat Late
6.0,7.41477,Somewhat Early,Early
13.0,16.649487,On Time,Somewhat Late
16.0,9.215694,Somewhat Late,On Time
10.0,11.943634,On Time,On Time
19.0,9.6221895,Somewhat Late,On Time
9.0,10.142888,Early,On Time
7.0,10.176542,Early,On Time
5.0,4.4519978,Somewhat Early,Somewhat Early
11.0,9.863613,On Time,On Time
8.0,8.986594,Early,Early
8.0,9.298095,Early,On Time
6.0,4.5614734,Somewhat Early,Somewhat Early
12.0,8.957906,On Time,Early
5.0,6.366917,Somewhat Early,Early
11.0,13.444129,On Time,On Time
4.0,8.564892,Somewhat Early,Early
15.0,13.9216175,Somewhat Late,On Time
9.0,9.237926,Early,On Time
12.0,8.5948925,On Time,Early
7.0,8.912002,Early,Early
5.0,7.259743,Somewhat Early,Early
19.0,17.270256,Somewhat Late,Somewhat Late
12.0,3.784439,On Time,Somewhat Early
14.0,11.17068,On Time,On Time
10.0,15.664114,On Time,Somewhat Late
4.0,8.277111,Somewhat Early,Early
11.0,11.36913,On Time,On Time
12.0,9.441639,On Time,On Time
4.0,3.7902932,Somewhat Early,Somewhat Early
21.0,13.352936,Very Late,On Time
7.0,9.331788,Early,On Time
12.0,11.57527,On Time,On Time
6.0,3.8038497,Somewhat Early,Somewhat Early
14.0,16.17971,On Time,Somewhat Late
2.0,3.9927962,Very Early,Somewhat Early
3.0,5.471724,Very Early,Somewhat Early
7.0,11.310007,Early,On Time
9.0,9.947567,Early,On Time
5.0,6.72425,Somewhat Early,Early
3.0,5.1234646,Very Early,Somewhat Early
7.0,13.01072,Early,On Time
7.0,6.751334,Early,Early
5.0,6.7732296,Somewhat Early,Early
4.0,3.828851,Somewhat Early,Somewhat Early
15.0,14.491777,Somewhat Late,Somewhat Late
9.0,8.160186,Early,Early
21.0,5.9985104,Very Late,Somewhat Early
4.0,6.203654,Somewhat Early,Early
17.0,6.825433,Somewhat Late,Early
5.0,5.797809,Somewhat Early,Somewhat Early
4.0,8.003691,Somewhat Early,Early
16.0,4.8896246,Somewhat Late,Somewhat Early
9.0,8.9017515,Early,Early
6.0,7.856168,Somewhat Early,Early
4.0,6.425252,Somewhat Early,Early
20.0,20.544182,Somewhat Late,Very Late
4.0,10.578457,Somewhat Early,On Time
7.0,10.6509075,Early,On Time
11.0,8.721871,On Time,Early
9.0,7.8602633,Early,Early
2.0,3.8709774,Very Early,Somewhat Early
6.0,8.948617,Somewhat Early,Early
23.0,14.696028,Very Late,Somewhat Late
11.0,13.670242,On Time,On Time
16.0,18.36351,Somewhat Late,Somewhat Late
15.0,12.896693,Somewhat Late,On Time
20.0,15.952426,Somewhat Late,Somewhat Late
28.0,18.202908,Very Late,Somewhat Late
7.0,7.702594,Early,Early
3.0,16.972685,Very Early,Somewhat Late
11.0,7.924824,On Time,Early
11.0,11.381075,On Time,On Time
1.0,4.104519,Very Early,Somewhat Early
7.0,8.571614,Early,Early
10.0,10.783019,On Time,On Time
5.0,7.2906384,Somewhat Early,Early
9.0,7.686331,Early,Early
3.0,3.8104482,Very Early,Somewhat Early
6.0,3.865104,Somewhat Early,Somewhat Early
7.0,7.4053144,Early,Early
3.0,3.7822866,Very Early,Somewhat Early
16.0,16.295666,Somewhat Late,Somewhat Late
6.0,9.636496,Somewhat Early,On Time
15.0,14.054304,Somewhat Late,Somewhat Late
6.0,3.7915876,Somewhat Early,Somewhat Early
6.0,5.419165,Somewhat Early,Somewhat Early
15.0,11.731638,Somewhat Late,On Time
6.0,8.660405,Somewhat Early,Early
8.0,3.7736635,Early,Somewhat Early
8.0,7.517374,Early,Early
5.0,5.064433,Somewhat Early,Somewhat Early
3.0,4.9468093,Very Early,Somewhat Early
25.0,21.591309,Very Late,Very Late
20.0,18.219084,Somewhat Late,Somewhat Late
18.0,17.479305,Somewhat Late,Somewhat Late
6.0,8.968862,Somewhat Early,Early
15.0,15.479106,Somewhat Late,Somewhat Late
23.0,15.801353,Very Late,Somewhat Late
11.0,7.416543,On Time,Early
3.0,3.8410013,Very Early,Somewhat Early
2.0,3.7854161,Very Early,Somewhat Early
11.0,7.270429,On Time,Early
4.0,6.5695596,Somewhat Early,Early
10.0,6.765377,On Time,Early
3.0,3.8132432,Very Early,Somewhat Early
5.0,8.695443,Somewhat Early,Early
10.0,9.34882,On Time,On Time
10.0,11.697404,On Time,On Time
12.0,9.029181,On Time,On Time
7.0,8.877186,Early,Early
11.0,8.081766,On Time,Early
17.0,15.678638,Somewhat Late,Somewhat Late
4.0,5.393806,Somewhat Early,Somewhat Early
11.0,9.842674,On Time,On Time
21.0,24.226147,Very Late,Very Late
6.0,9.464052,Somewhat Early,On Time
6.0,7.701574,Somewhat Early,Early
12.0,9.230167,On Time,On Time
21.0,9.129484,Very Late,On Time
17.0,15.731667,Somewhat Late,Somewhat Late
7.0,10.073971,Early,On Time
13.0,6.4880776,On Time,Early
3.0,3.8201013,Very Early,Somewhat Early
1.0,3.8078253,Very Early,Somewhat Early
1.0,4.8048477,Very Early,Somewhat Early
9.0,8.902956,Early,Early
27.0,14.128357,Very Late,Somewhat Late
2.0,3.786463,Very Early,Somewhat Early
14.0,13.029195,On Time,On Time
5.0,3.892192,Somewhat Early,Somewhat Early
14.0,10.374832,On Time,On Time
6.0,6.4856253,Somewhat Early,Early
4.0,3.7896674,Somewhat Early,Somewhat Early
16.0,9.24883,Somewhat Late,On Time
11.0,8.7058115,On Time,Early
15.0,13.6778965,Somewhat Late,On Time
4.0,15.762726,Somewhat Early,Somewhat Late
6.0,3.8842,Somewhat Early,Somewhat Early
10.0,7.1794143,On Time,Early
17.0,6.89089,Somewhat Late,Early
13.0,9.174389,On Time,On Time
6.0,6.682544,Somewhat Early,Early
7.0,8.394348,Early,Early
18.0,9.338231,Somewhat Late,On Time
14.0,12.26428,On Time,On Time
4.0,7.061273,Somewhat Early,Early
11.0,9.937169,On Time,On Time
16.0,15.836922,Somewhat Late,Somewhat Late
11.0,12.782913,On Time,On Time
9.0,11.774755,Early,On Time
5.0,8.509373,Somewhat Early,Early
1.0,4.090523,Very Early,Somewhat Early
7.0,7.785424,Early,Early
14.0,11.3244705,On Time,On Time
14.0,13.339945,On Time,On Time
12.0,16.35691,On Time,Somewhat Late
8.0,3.847479,Early,Somewhat Early
20.0,12.533827,Somewhat Late,On Time
7.0,7.9504724,Early,Early
5.0,7.9559917,Somewhat Early,Early
9.0,10.249905,Early,On Time
11.0,6.839779,On Time,Early
4.0,5.867182,Somewhat Early,Somewhat Early
14.0,12.276272,On Time,On Time
18.0,6.6497097,Somewhat Late,Early
4.0,7.785264,Somewhat Early,Early
8.0,20.17442,Early,Very Late
7.0,9.679059,Early,On Time
5.0,8.891959,Somewhat Early,Early
12.0,8.055873,On Time,Early
8.0,6.9591136,Early,Early
13.0,8.539743,On Time,Early
7.0,8.4633045,Early,Early
5.0,9.565546,Somewhat Early,On Time
13.0,9.726334,On Time,On Time
3.0,6.7027297,Very Early,Early
11.0,15.641176,On Time,Somewhat Late
14.0,8.454517,On Time,Early
13.0,12.412455,On Time,On Time
5.0,3.9408708,Somewhat Early,Somewhat Early
8.0,9.179579,Early,On Time
1.0,9.307194,Very Early,On Time
7.0,8.512257,Early,Early
5.0,6.855323,Somewhat Early,Early
7.0,5.186919,Early,Somewhat Early
2.0,6.1652174,Very Early,Early
9.0,15.898872,Early,Somewhat Late
6.0,4.9859133,Somewhat Early,Somewhat Early
13.0,12.879989,On Time,On Time
10.0,7.836204,On Time,Early
8.0,9.206627,Early,On Time
10.0,7.321309,On Time,Early
6.0,8.559368,Somewhat Early,Early
4.0,3.8334646,Somewhat Early,Somewhat Early
2.0,3.8167987,Very Early,Somewhat Early
8.0,10.725235,Early,On Time
10.0,7.274947,On Time,Early
6.0,7.084786,Somewhat Early,Early
5.0,6.324114,Somewhat Early,Early
5.0,5.9341598,Somewhat Early,Somewhat Early
7.0,4.369475,Early,Somewhat Early
6.0,19.28308,Somewhat Early,Somewhat Late
6.0,5.7433643,Somewhat Early,Somewhat Early
13.0,11.178478,On Time,On Time
7.0,11.290769,Early,On Time
6.0,3.814262,Somewhat Early,Somewhat Early
28.0,16.435873,Very Late,Somewhat Late
18.0,7.325378,Somewhat Late,Early
9.0,13.126661,Early,On Time
16.0,9.619672,Somewhat Late,On Time
6.0,8.271766,Somewhat Early,Early
16.0,13.695537,Somewhat Late,On Time
3.0,6.898778,Very Early,Early
7.0,8.200126,Early,Early
5.0,6.901335,Somewhat Early,Early
6.0,11.402806,Somewhat Early,On Time
7.0,7.9624634,Early,Early
8.0,9.893151,Early,On Time
7.0,7.0423326,Early,Early
3.0,3.8934774,Very Early,Somewhat Early
11.0,6.4572444,On Time,Early
6.0,7.419333,Somewhat Early,Early
7.0,7.8561363,Early,Early
17.0,11.392424,Somewhat Late,On Time
12.0,8.843738,On Time,Early
13.0,14.019093,On Time,Somewhat Late
7.0,7.553586,Early,Early
8.0,9.949233,Early,On Time
14.0,10.377205,On Time,On Time
6.0,7.853995,Somewhat Early,Early
6.0,8.3973675,Somewhat Early,Early
14.0,8.688422,On Time,Early
18.0,16.762096,Somewhat Late,Somewhat Late
15.0,4.525092,Somewhat Late,Somewhat Early
2.0,7.512417,Very Early,Early
9.0,8.601807,Early,Early
8.0,8.080273,Early,Early
25.0,6.4009175,Very Late,Early
6.0,4.8000693,Somewhat Early,Somewhat Early
11.0,15.771072,On Time,Somewhat Late
22.0,16.900583,Very Late,Somewhat Late
9.0,8.123848,Early,Early
28.0,17.94883,Very Late,Somewhat Late
17.0,8.685196,Somewhat Late,Early
16.0,11.369872,Somewhat Late,On Time
12.0,7.9108596,On Time,Early
12.0,14.102711,On Time,Somewhat Late
11.0,12.067381,On Time,On Time
10.0,10.17266,On Time,On Time
11.0,9.582586,On Time,On Time
19.0,11.1844845,Somewhat Late,On Time
7.0,4.4484067,Early,Somewhat Early
13.0,9.17307,On Time,On Time
8.0,8.893003,Early,Early
7.0,4.449461,Early,Somewhat Early
8.0,7.707472,Early,Early
20.0,15.262102,Somewhat Late,Somewhat Late
8.0,9.425057,Early,On Time
2.0,8.928526,Very Early,Early
6.0,7.3542795,Somewhat Early,Early
21.0,16.218822,Very Late,Somewhat Late
6.0,8.150546,Somewhat Early,Early
10.0,10.087477,On Time,On Time
9.0,8.782556,Early,Early
12.0,8.855386,On Time,Early
23.0,20.087566,Very Late,Very Late
16.0,14.982929,Somewhat Late,Somewhat Late
4.0,4.289203,Somewhat Early,Somewhat Early
7.0,13.176023,Early,On Time
5.0,6.202293,Somewhat Early,Early
9.0,11.5378,Early,On Time
8.0,11.858737,Early,On Time
1.0,4.056455,Very Early,Somewhat Early
10.0,11.189391,On Time,On Time
2.0,3.8060017,Very Early,Somewhat Early
2.0,3.872574,Very Early,Somewhat Early
4.0,5.385989,Somewhat Early,Somewhat Early
11.0,8.766277,On Time,Early
24.0,19.634636,Very Late,Somewhat Late
7.0,3.7953582,Early,Somewhat Early
1.0,3.79248,Very Early,Somewhat Early
9.0,10.614804,Early,On Time
25.0,14.743038,Very Late,Somewhat Late
7.0,7.7859774,Early,Early
7.0,8.42342,Early,Early
13.0,6.0083303,On Time,Early
13.0,7.016792,On Time,Early
5.0,4.2079897,Somewhat Early,Somewhat Early
9.0,4.2017326,Early,Somewhat Early
3.0,5.2955165,Very Early,Somewhat Early
5.0,11.637197,Somewhat Early,On Time
7.0,12.468378,Early,On Time
4.0,4.027721,Somewhat Early,Somewhat Early
23.0,19.777029,Very Late,Somewhat Late
5.0,3.957571,Somewhat Early,Somewhat Early
7.0,13.173692,Early,On Time
17.0,13.943517,Somewhat Late,On Time
12.0,12.32686,On Time,On Time
24.0,18.214027,Very Late,Somewhat Late
9.0,6.6073065,Early,Early
7.0,9.12644,Early,On Time
6.0,9.285303,Somewhat Early,On Time
15.0,14.652638,Somewhat Late,Somewhat Late
9.0,7.4743767,Early,Early
11.0,12.137076,On Time,On Time
11.0,9.516169,On Time,On Time
6.0,7.0317707,Somewhat Early,Early
28.0,21.547066,Very Late,Very Late
15.0,15.26326,Somewhat Late,Somewhat Late
10.0,10.7929,On Time,On Time
4.0,3.9158084,Somewhat Early,Somewhat Early
8.0,8.6764965,Early,Early
9.0,13.319067,Early,On Time
9.0,6.8597884,Early,Early
3.0,12.335636,Very Early,On Time
7.0,7.0032787,Early,Early
5.0,9.586916,Somewhat Early,On Time
15.0,11.72407,Somewhat Late,On Time
12.0,14.600931,On Time,Somewhat Late
7.0,11.752204,Early,On Time
7.0,7.450282,Early,Early
7.0,3.8104482,Early,Somewhat Early
2.0,3.818877,Very Early,Somewhat Early
9.0,12.8743,Early,On Time
3.0,4.2549815,Very Early,Somewhat Early
14.0,11.296207,On Time,On Time
19.0,12.60795,Somewhat Late,On Time
3.0,7.018423,Very Early,Early
16.0,15.0793085,Somewhat Late,Somewhat Late
10.0,8.874915,On Time,Early
17.0,5.130538,Somewhat Late,Somewhat Early
9.0,7.9458194,Early,Early
18.0,12.404648,Somewhat Late,On Time
5.0,8.421092,Somewhat Early,Early
6.0,4.1242914,Somewhat Early,Somewhat Early
20.0,14.005198,Somewhat Late,Somewhat Late
2.0,4.381835,Very Early,Somewhat Early
7.0,9.176323,Early,On Time
1.0,4.433114,Very Early,Somewhat Early
27.0,23.615831,Very Late,Very Late
17.0,16.074032,Somewhat Late,Somewhat Late
4.0,3.7826483,Somewhat Early,Somewhat Early
9.0,13.065556,Early,On Time
20.0,14.364759,Somewhat Late,Somewhat Late
6.0,7.9929056,Somewhat Early,Early
5.0,7.7994995,Somewhat Early,Early
14.0,13.881066,On Time,On Time
6.0,8.289069,Somewhat Early,Early
8.0,5.3875184,Early,Somewhat Early
21.0,19.419374,Very Late,Somewhat Late
5.0,6.4173775,Somewhat Early,Early
9.0,12.942421,Early,On Time
11.0,10.740493,On Time,On Time
3.0,3.7878098,Very Early,Somewhat Early
3.0,4.023959,Very Early,Somewhat Early
8.0,9.966042,Early,On Time
4.0,6.565807,Somewhat Early,Early
4.0,8.008322,Somewhat Early,Early
8.0,6.548141,Early,Early
10.0,13.224219,On Time,On Time
6.0,8.734402,Somewhat Early,Early
2.0,6.975911,Very Early,Early
10.0,12.803165,On Time,On Time
10.0,7.409423,On Time,Early
9.0,9.240202,Early,On Time
9.0,9.331466,Early,On Time
18.0,13.948422,Somewhat Late,On Time
10.0,9.764122,On Time,On Time
6.0,8.982207,Somewhat Early,Early
16.0,11.091271,Somewhat Late,On Time
17.0,10.213323,Somewhat Late,On Time
5.0,5.041761,Somewhat Early,Somewhat Early
20.0,10.061449,Somewhat Late,On Time
3.0,17.268337,Very Early,Somewhat Late
3.0,3.7892723,Very Early,Somewhat Early
15.0,5.1827264,Somewhat Late,Somewhat Early
19.0,13.299692,Somewhat Late,On Time
21.0,13.611549,Very Late,On Time
13.0,9.266835,On Time,On Time
5.0,4.318808,Somewhat Early,Somewhat Early
23.0,15.592515,Very Late,Somewhat Late
13.0,11.075944,On Time,On Time
14.0,11.774206,On Time,On Time
5.0,5.5284557,Somewhat Early,Somewhat Early
5.0,9.926108,Somewhat Early,On Time
9.0,4.746047,Early,Somewhat Early
15.0,16.601383,Somewhat Late,Somewhat Late
5.0,3.8745937,Somewhat Early,Somewhat Early
19.0,15.297014,Somewhat Late,Somewhat Late
11.0,10.745691,On Time,On Time
5.0,9.096531,Somewhat Early,On Time
8.0,8.493703,Early,Early
17.0,17.75331,Somewhat Late,Somewhat Late
13.0,13.9982605,On Time,On Time
24.0,8.390356,Very Late,Early
13.0,8.993843,On Time,Early
1.0,3.8139992,Very Early,Somewhat Early
21.0,18.437948,Very Late,Somewhat Late
6.0,5.9028873,Somewhat Early,Somewhat Early
17.0,12.696023,Somewhat Late,On Time
21.0,17.477312,Very Late,Somewhat Late
13.0,20.17442,On Time,Very Late
14.0,14.453281,On Time,Somewhat Late
12.0,11.619913,On Time,On Time
9.0,7.9356136,Early,Early
9.0,4.989923,Early,Somewhat Early
15.0,14.420664,Somewhat Late,Somewhat Late
10.0,9.501674,On Time,On Time
8.0,8.961416,Early,Early
4.0,16.497444,Somewhat Early,Somewhat Late
9.0,7.976415,Early,Early
3.0,6.5804224,Very Early,Early
6.0,7.4103065,Somewhat Early,Early
27.0,21.18296,Very Late,Very Late
15.0,5.0092173,Somewhat Late,Somewhat Early
20.0,20.129147,Somewhat Late,Very Late
2.0,8.502555,Very Early,Early
24.0,21.502783,Very Late,Very Late
10.0,9.388652,On Time,On Time
14.0,16.494383,On Time,Somewhat Late
14.0,12.217011,On Time,On Time
7.0,7.51528,Early,Early
4.0,8.225231,Somewhat Early,Early
14.0,11.429463,On Time,On Time
5.0,10.894304,Somewhat Early,On Time
14.0,9.540543,On Time,On Time
4.0,6.203339,Somewhat Early,Early
15.0,14.77183,Somewhat Late,Somewhat Late
12.0,5.4474864,On Time,Somewhat Early
3.0,3.7859674,Very Early,Somewhat Early
6.0,6.2836404,Somewhat Early,Early
14.0,14.747129,On Time,Somewhat Late
6.0,7.1073465,Somewhat Early,Early
6.0,4.17256,Somewhat Early,Somewhat Early
8.0,8.9525585,Early,Early
11.0,10.053271,On Time,On Time
7.0,7.9834003,Early,Early
10.0,11.213428,On Time,On Time
11.0,7.7204595,On Time,Early
19.0,6.0702806,Somewhat Late,Early
10.0,4.6166773,On Time,Somewhat Early
15.0,17.266876,Somewhat Late,Somewhat Late
1.0,3.7939124,Very Early,Somewhat Early
28.0,18.049427,Very Late,Somewhat Late
5.0,3.8601584,Somewhat Early,Somewhat Early
8.0,6.8310304,Early,Early
15.0,16.724155,Somewhat Late,Somewhat Late
15.0,10.383396,Somewhat Late,On Time
3.0,3.8811274,Very Early,Somewhat Early
7.0,9.76018,Early,On Time
12.0,9.02916,On Time,On Time
5.0,5.5524864,Somewhat Early,Somewhat Early
24.0,16.903708,Very Late,Somewhat Late
10.0,5.599315,On Time,Somewhat Early
8.0,5.55616,Early,Somewhat Early
7.0,10.05047,Early,On Time
8.0,10.773321,Early,On Time
3.0,11.229747,Very Early,On Time
16.0,10.687588,Somewhat Late,On Time
16.0,10.849314,Somewhat Late,On Time
6.0,5.42607,Somewhat Early,Somewhat Early
4.0,8.536979,Somewhat Early,Early
3.0,3.784694,Very Early,Somewhat Early
9.0,8.086069,Early,Early
11.0,8.282562,On Time,Early
4.0,7.316037,Somewhat Early,Early
5.0,10.048224,Somewhat Early,On Time
8.0,10.385303,Early,On Time
4.0,8.339514,Somewhat Early,Early
2.0,7.9949284,Very Early,Early
11.0,8.217561,On Time,Early
10.0,11.265779,On Time,On Time
20.0,16.972952,Somewhat Late,Somewhat Late
9.0,4.076135,Early,Somewhat Early
3.0,3.93827,Very Early,Somewhat Early
18.0,7.833766,Somewhat Late,Early
1.0,3.7934434,Very Early,Somewhat Early
10.0,3.8346314,On Time,Somewhat Early
5.0,6.039869,Somewhat Early,Early
6.0,6.3122873,Somewhat Early,Early
13.0,7.1834364,On Time,Early
10.0,15.572664,On Time,Somewhat Late
12.0,13.259474,On Time,On Time
6.0,5.1609797,Somewhat Early,Somewhat Early
10.0,7.7288427,On Time,Early
6.0,7.160758,Somewhat Early,Early
9.0,8.675245,Early,Early
21.0,15.273438,Very Late,Somewhat Late
13.0,12.091541,On Time,On Time
4.0,4.764363,Somewhat Early,Somewhat Early
3.0,7.6665487,Very Early,Early
20.0,15.913854,Somewhat Late,Somewhat Late
7.0,9.4287815,Early,On Time
10.0,10.023794,On Time,On Time
2.0,4.001544,Very Early,Somewhat Early
26.0,16.387325,Very Late,Somewhat Late
3.0,7.504067,Very Early,Early
2.0,7.665349,Very Early,Early
8.0,7.812001,Early,Early
10.0,4.624955,On Time,Somewhat Early
4.0,4.8239865,Somewhat Early,Somewhat Early
19.0,12.577449,Somewhat Late,On Time
7.0,10.248962,Early,On Time
15.0,18.088781,Somewhat Late,Somewhat Late
7.0,10.167419,Early,On Time
10.0,5.3600445,On Time,Somewhat Early
8.0,8.881836,Early,Early
5.0,6.916488,Somewhat Early,Early
16.0,5.3033185,Somewhat Late,Somewhat Early
22.0,17.445993,Very Late,Somewhat Late
3.0,10.498196,Very Early,On Time
17.0,11.627986,Somewhat Late,On Time
8.0,4.6169515,Early,Somewhat Early
9.0,7.407819,Early,Early
26.0,20.295185,Very Late,Very Late
5.0,8.635175,Somewhat Early,Early
11.0,6.7778983,On Time,Early
11.0,8.995208,On Time,Early
4.0,7.4144177,Somewhat Early,Early
10.0,9.939919,On Time,On Time
19.0,16.052683,Somewhat Late,Somewhat Late
8.0,6.9299383,Early,Early
9.0,7.81046,Early,Early
25.0,8.660718,Very Late,Early
2.0,3.7916365,Very Early,Somewhat Early
6.0,6.339537,Somewhat Early,Early
8.0,8.85606,Early,Early
5.0,10.994748,Somewhat Early,On Time
13.0,14.135996,On Time,Somewhat Late
11.0,8.671144,On Time,Early
7.0,16.329285,Early,Somewhat Late
7.0,9.979831,Early,On Time
4.0,7.271201,Somewhat Early,Early
10.0,9.836435,On Time,On Time
3.0,3.796461,Very Early,Somewhat Early
8.0,6.8921905,Early,Early
1.0,4.034472,Very Early,Somewhat Early
16.0,8.4423485,Somewhat Late,Early
5.0,3.8722303,Somewhat Early,Somewhat Early
9.0,7.4992228,Early,Early
9.0,13.888879,Early,On Time
4.0,9.645683,Somewhat Early,On Time
7.0,5.296598,Early,Somewhat Early
8.0,11.692434,Early,On Time
4.0,8.681098,Somewhat Early,Early
7.0,8.143142,Early,Early
6.0,3.79646,Somewhat Early,Somewhat Early
6.0,9.48224,Somewhat Early,On Time
7.0,7.6967535,Early,Early
1.0,6.2336416,Very Early,Early
4.0,3.8715763,Somewhat Early,Somewhat Early
9.0,11.863922,Early,On Time
14.0,8.50626,On Time,Early
12.0,9.322058,On Time,On Time
7.0,7.4772596,Early,Early
13.0,13.147787,On Time,On Time
7.0,8.492,Early,Early
12.0,9.22641,On Time,On Time
7.0,10.14697,Early,On Time
16.0,8.886162,Somewhat Late,Early
7.0,5.8417273,Early,Somewhat Early
15.0,14.150831,Somewhat Late,Somewhat Late
9.0,10.194396,Early,On Time
4.0,3.9778714,Somewhat Early,Somewhat Early
12.0,11.425095,On Time,On Time
19.0,18.03574,Somewhat Late,Somewhat Late
16.0,15.823388,Somewhat Late,Somewhat Late
10.0,7.566637,On Time,Early
10.0,11.06199,On Time,On Time
8.0,6.7344713,Early,Early
4.0,4.618291,Somewhat Early,Somewhat Early
7.0,7.3678436,Early,Early
7.0,8.758114,Early,Early
14.0,16.481556,On Time,Somewhat Late
9.0,10.4847555,Early,On Time
21.0,12.732854,Very Late,On Time
12.0,9.646369,On Time,On Time
11.0,9.071197,On Time,On Time
3.0,7.547431,Very Early,Early
5.0,4.581557,Somewhat Early,Somewhat Early
18.0,15.758431,Somewhat Late,Somewhat Late
10.0,14.012839,On Time,Somewhat Late
2.0,3.7888122,Very Early,Somewhat Early
6.0,8.018366,Somewhat Early,Early
8.0,9.769842,Early,On Time
25.0,22.816479,Very Late,Very Late
17.0,12.096802,Somewhat Late,On Time
14.0,8.8859215,On Time,Early
6.0,11.929488,Somewhat Early,On Time
7.0,8.623862,Early,Early
8.0,7.174481,Early,Early
5.0,5.334742,Somewhat Early,Somewhat Early
4.0,7.96283,Somewhat Early,Early
8.0,6.739567,Early,Early
6.0,7.531147,Somewhat Early,Early
8.0,7.1063633,Early,Early
16.0,16.278763,Somewhat Late,Somewhat Late
11.0,17.556484,On Time,Somewhat Late
6.0,9.537289,Somewhat Early,On Time
8.0,10.026328,Early,On Time
9.0,12.641234,Early,On Time
14.0,14.608768,On Time,Somewhat Late
21.0,14.391468,Very Late,Somewhat Late
6.0,6.547697,Somewhat Early,Early
5.0,5.4730067,Somewhat Early,Somewhat Early
23.0,7.5983157,Very Late,Early
13.0,7.991727,On Time,Early
14.0,10.992576,On Time,On Time
13.0,10.026527,On Time,On Time
7.0,8.965166,Early,Early
14.0,8.758046,On Time,Early
12.0,8.511197,On Time,Early
11.0,7.415038,On Time,Early
14.0,9.51195,On Time,On Time
17.0,10.294767,Somewhat Late,On Time
2.0,5.655497,Very Early,Somewhat Early
14.0,11.13236,On Time,On Time
7.0,7.357407,Early,Early
9.0,10.806624,Early,On Time
9.0,15.864952,Early,Somewhat Late
3.0,4.8524084,Very Early,Somewhat Early
14.0,10.443395,On Time,On Time
8.0,7.610377,Early,Early
4.0,3.8271391,Somewhat Early,Somewhat Early
6.0,7.6897106,Somewhat Early,Early
10.0,4.9175496,On Time,Somewhat Early
15.0,18.802956,Somewhat Late,Somewhat Late
6.0,7.8551655,Somewhat Early,Early
11.0,12.378054,On Time,On Time
13.0,10.188071,On Time,On Time
11.0,8.307946,On Time,Early
13.0,13.159898,On Time,On Time
20.0,11.70127,Somewhat Late,On Time
5.0,4.136391,Somewhat Early,Somewhat Early
13.0,13.114492,On Time,On Time
6.0,6.398889,Somewhat Early,Early
16.0,16.775356,Somewhat Late,Somewhat Late
10.0,8.24512,On Time,Early
10.0,13.514157,On Time,On Time
23.0,16.838793,Very Late,Somewhat Late
7.0,6.207001,Early,Early
7.0,7.2244864,Early,Early
10.0,10.973558,On Time,On Time
10.0,9.551056,On Time,On Time
7.0,7.2014766,Early,Early
11.0,9.076277,On Time,On Time
8.0,13.700967,Early,On Time
6.0,8.292069,Somewhat Early,Early
2.0,3.7902145,Very Early,Somewhat Early
21.0,15.04077,Very Late,Somewhat Late
3.0,4.0063605,Very Early,Somewhat Early
2.0,15.218593,Very Early,Somewhat Late
9.0,13.790753,Early,On Time
11.0,12.3859215,On Time,On Time
8.0,8.365817,Early,Early
6.0,7.454258,Somewhat Early,Early
8.0,9.148405,Early,On Time
11.0,14.212692,On Time,Somewhat Late
16.0,17.98779,Somewhat Late,Somewhat Late
4.0,4.029892,Somewhat Early,Somewhat Early
9.0,8.279799,Early,Early
2.0,13.642178,Very Early,On Time
11.0,6.671284,On Time,Early
7.0,7.634723,Early,Early
2.0,3.9397235,Very Early,Somewhat Early
7.0,8.648947,Early,Early
23.0,9.203594,Very Late,On Time
21.0,13.100016,Very Late,On Time
6.0,6.2685738,Somewhat Early,Early
13.0,8.622679,On Time,Early
4.0,13.738201,Somewhat Early,On Time
6.0,8.152005,Somewhat Early,Early
17.0,17.840033,Somewhat Late,Somewhat Late
8.0,7.104959,Early,Early
6.0,11.468399,Somewhat Early,On Time
6.0,6.468719,Somewhat Early,Early
5.0,7.6078825,Somewhat Early,Early
11.0,12.518076,On Time,On Time
8.0,6.6911116,Early,Early
8.0,6.4876447,Early,Early
8.0,8.624543,Early,Early
3.0,5.432253,Very Early,Somewhat Early
28.0,19.438097,Very Late,Somewhat Late
13.0,13.215062,On Time,On Time
10.0,12.376421,On Time,On Time
19.0,9.335757,Somewhat Late,On Time
14.0,15.583057,On Time,Somewhat Late
17.0,8.464857,Somewhat Late,Early
8.0,10.545826,Early,On Time
7.0,8.804604,Early,Early
15.0,14.262511,Somewhat Late,Somewhat Late
6.0,5.178278,Somewhat Early,Somewhat Early
6.0,5.072034,Somewhat Early,Somewhat Early
3.0,9.459557,Very Early,On Time
27.0,26.124851,Very Late,Very Late
16.0,11.975554,Somewhat Late,On Time
4.0,7.042244,Somewhat Early,Early
13.0,3.8311245,On Time,Somewhat Early
9.0,8.581231,Early,Early
3.0,6.883221,Very Early,Early
16.0,19.542004,Somewhat Late,Somewhat Late
8.0,4.03609,Early,Somewhat Early
5.0,7.2532377,Somewhat Early,Early
3.0,8.56107,Very Early,Early
2.0,3.9308152,Very Early,Somewhat Early
8.0,9.708557,Early,On Time
11.0,10.163298,On Time,On Time
17.0,14.787405,Somewhat Late,Somewhat Late
20.0,16.80951,Somewhat Late,Somewhat Late
11.0,8.49262,On Time,Early
9.0,6.623059,Early,Early
5.0,6.085759,Somewhat Early,Early
5.0,5.5679817,Somewhat Early,Somewhat Early
10.0,9.929575,On Time,On Time
12.0,10.389272,On Time,On Time
14.0,10.739995,On Time,On Time
14.0,15.498759,On Time,Somewhat Late
6.0,6.2849927,Somewhat Early,Early
8.0,8.045328,Early,Early
10.0,11.47291,On Time,On Time
10.0,12.173441,On Time,On Time
9.0,16.24916,Early,Somewhat Late
10.0,8.410156,On Time,Early
12.0,8.640506,On Time,Early
3.0,5.4030786,Very Early,Somewhat Early
24.0,13.958245,Very Late,On Time
10.0,7.8125463,On Time,Early
5.0,8.448904,Somewhat Early,Early
24.0,17.711777,Very Late,Somewhat Late
15.0,16.067242,Somewhat Late,Somewhat Late
10.0,9.239369,On Time,On Time
6.0,10.18131,Somewhat Early,On Time
6.0,8.948495,Somewhat Early,Early
23.0,14.644529,Very Late,Somewhat Late
6.0,12.247633,Somewhat Early,On Time
21.0,16.185452,Very Late,Somewhat Late
18.0,7.233926,Somewhat Late,Early
8.0,8.7972975,Early,Early
2.0,4.1588116,Very Early,Somewhat Early
7.0,9.252125,Early,On Time
27.0,25.160992,Very Late,Very Late
6.0,5.379743,Somewhat Early,Somewhat Early
12.0,11.038467,On Time,On Time
6.0,11.451117,Somewhat Early,On Time
5.0,5.99262,Somewhat Early,Somewhat Early
11.0,5.907304,On Time,Somewhat Early
14.0,11.656004,On Time,On Time
4.0,3.7957323,Somewhat Early,Somewhat Early
1.0,3.7846684,Very Early,Somewhat Early
18.0,15.761008,Somewhat Late,Somewhat Late
20.0,16.216454,Somewhat Late,Somewhat Late
18.0,16.96682,Somewhat Late,Somewhat Late
12.0,8.897797,On Time,Early
12.0,14.006422,On Time,Somewhat Late
9.0,10.382491,Early,On Time
9.0,3.7757611,Early,Somewhat Early
7.0,7.2531533,Early,Early
11.0,7.739334,On Time,Early
20.0,19.45611,Somewhat Late,Somewhat Late
14.0,14.296204,On Time,Somewhat Late
4.0,3.8758314,Somewhat Early,Somewhat Early
7.0,6.99202,Early,Early
14.0,10.52182,On Time,On Time
15.0,8.089402,Somewhat Late,Early
4.0,6.13508,Somewhat Early,Early
6.0,5.6281295,Somewhat Early,Somewhat Early
8.0,6.3953686,Early,Early
10.0,8.469031,On Time,Early
9.0,6.775093,Early,Early
13.0,14.585131,On Time,Somewhat Late
1.0,4.695897,Very Early,Somewhat Early
12.0,14.741203,On Time,Somewhat Late
27.0,20.873426,Very Late,Very Late
10.0,7.7209597,On Time,Early
10.0,12.638321,On Time,On Time
6.0,6.9455886,Somewhat Early,Early
19.0,12.839234,Somewhat Late,On Time
6.0,10.545623,Somewhat Early,On Time
10.0,9.286342,On Time,On Time
7.0,9.969753,Early,On Time
8.0,8.739775,Early,Early
15.0,12.757058,Somewhat Late,On Time
7.0,10.363915,Early,On Time
8.0,8.947251,Early,Early
12.0,9.725705,On Time,On Time
4.0,4.372298,Somewhat Early,Somewhat Early
10.0,8.252317,On Time,Early
10.0,9.986492,On Time,On Time
7.0,8.206465,Early,Early
14.0,12.165307,On Time,On Time
16.0,16.76412,Somewhat Late,Somewhat Late
5.0,9.269416,Somewhat Early,On Time
8.0,8.486493,Early,Early
5.0,7.034668,Somewhat Early,Early
20.0,10.126951,Somewhat Late,On Time
8.0,8.732111,Early,Early
19.0,10.738795,Somewhat Late,On Time
8.0,4.494775,Early,Somewhat Early
6.0,4.914154,Somewhat Early,Somewhat Early
16.0,14.95238,Somewhat Late,Somewhat Late
17.0,12.707623,Somewhat Late,On Time
3.0,8.217635,Very Early,Early
10.0,9.948294,On Time,On Time
11.0,6.731356,On Time,Early
8.0,7.4134827,Early,Early
26.0,21.844265,Very Late,Very Late
9.0,9.128291,Early,On Time
10.0,11.10746,On Time,On Time
3.0,3.789846,Very Early,Somewhat Early
1.0,3.836057,Very Early,Somewhat Early
9.0,9.887178,Early,On Time
4.0,5.676258,Somewhat Early,Somewhat Early
12.0,12.742707,On Time,On Time
7.0,6.4752507,Early,Early
10.0,8.841808,On Time,Early
5.0,3.848161,Somewhat Early,Somewhat Early
8.0,7.614414,Early,Early
17.0,8.531447,Somewhat Late,Early
4.0,6.0826015,Somewhat Early,Early
5.0,5.810253,Somewhat Early,Somewhat Early
10.0,9.216139,On Time,On Time
8.0,9.02121,Early,On Time
9.0,10.682154,Early,On Time
2.0,6.5976996,Very Early,Early
9.0,9.981955,Early,On Time
12.0,9.230167,On Time,On Time
6.0,8.613969,Somewhat Early,Early
7.0,9.831453,Early,On Time
4.0,8.646963,Somewhat Early,Early
7.0,9.803338,Early,On Time
4.0,8.908743,Somewhat Early,Early
21.0,15.179653,Very Late,Somewhat Late
6.0,4.5683537,Somewhat Early,Somewhat Early
6.0,7.934866,Somewhat Early,Early
4.0,3.7878866,Somewhat Early,Somewhat Early
6.0,8.072895,Somewhat Early,Early
6.0,6.4497495,Somewhat Early,Early
7.0,7.4908357,Early,Early
6.0,7.9413347,Somewhat Early,Early
6.0,4.9944544,Somewhat Early,Somewhat Early
18.0,12.759514,Somewhat Late,On Time
22.0,17.832668,Very Late,Somewhat Late
4.0,3.9279633,Somewhat Early,Somewhat Early
9.0,8.252661,Early,Early
8.0,5.2074137,Early,Somewhat Early
24.0,18.499443,Very Late,Somewhat Late
9.0,6.468196,Early,Early
5.0,6.1456637,Somewhat Early,Early
7.0,16.881845,Early,Somewhat Late
12.0,12.538972,On Time,On Time
14.0,8.151942,On Time,Early
16.0,12.553836,Somewhat Late,On Time
15.0,9.540245,Somewhat Late,On Time
11.0,15.486658,On Time,Somewhat Late
3.0,4.8711433,Very Early,Somewhat Early
3.0,8.369152,Very Early,Early
7.0,3.946765,Early,Somewhat Early
10.0,7.1779957,On Time,Early
26.0,10.675113,Very Late,On Time
3.0,4.678894,Very Early,Somewhat Early
16.0,17.913214,Somewhat Late,Somewhat Late
14.0,10.092179,On Time,On Time
6.0,6.5525336,Somewhat Early,Early
5.0,5.1569157,Somewhat Early,Somewhat Early
8.0,10.41886,Early,On Time
10.0,13.705733,On Time,On Time
8.0,9.66713,Early,On Time
7.0,9.282145,Early,On Time
8.0,16.593872,Early,Somewhat Late
13.0,8.184462,On Time,Early
6.0,9.496961,Somewhat Early,On Time
3.0,3.787376,Very Early,Somewhat Early
15.0,7.147361,Somewhat Late,Early
10.0,7.900466,On Time,Early
12.0,9.172155,On Time,On Time
21.0,16.815052,Very Late,Somewhat Late
7.0,7.031941,Early,Early
2.0,3.9696112,Very Early,Somewhat Early
19.0,11.170572,Somewhat Late,On Time
5.0,4.241521,Somewhat Early,Somewhat Early
14.0,9.820631,On Time,On Time
13.0,12.46182,On Time,On Time
12.0,5.734098,On Time,Somewhat Early
10.0,8.056255,On Time,Early
8.0,10.519317,Early,On Time
8.0,7.8238564,Early,Early
14.0,7.9430513,On Time,Early
4.0,9.685535,Somewhat Early,On Time
7.0,11.045993,Early,On Time
7.0,8.891562,Early,Early
9.0,9.050725,Early,On Time
4.0,4.971469,Somewhat Early,Somewhat Early
22.0,19.61984,Very Late,Somewhat Late
12.0,9.195395,On Time,On Time
5.0,3.9148588,Somewhat Early,Somewhat Early
5.0,6.958732,Somewhat Early,Early
13.0,12.042757,On Time,On Time
12.0,12.564176,On Time,On Time
8.0,8.566846,Early,Early
11.0,9.4630785,On Time,On Time
14.0,12.23739,On Time,On Time
14.0,18.27643,On Time,Somewhat Late
14.0,11.333207,On Time,On Time
4.0,7.5080433,Somewhat Early,Early
5.0,10.423636,Somewhat Early,On Time
8.0,7.5965066,Early,Early
21.0,9.126331,Very Late,On Time
3.0,5.0794883,Very Early,Somewhat Early
13.0,9.5156,On Time,On Time
7.0,6.723699,Early,Early
14.0,14.620837,On Time,Somewhat Late
7.0,9.677983,Early,On Time
2.0,5.461331,Very Early,Somewhat Early
6.0,7.794773,Somewhat Early,Early
7.0,4.723217,Early,Somewhat Early
5.0,5.8384266,Somewhat Early,Somewhat Early
7.0,7.255196,Early,Early
9.0,9.485703,Early,On Time
14.0,13.699583,On Time,On Time
9.0,9.600577,Early,On Time
7.0,8.154431,Early,Early
12.0,7.196076,On Time,Early
7.0,11.630586,Early,On Time
13.0,4.471031,On Time,Somewhat Early
13.0,8.47909,On Time,Early
13.0,8.909426,On Time,Early
1.0,3.94666,Very Early,Somewhat Early
14.0,3.991154,On Time,Somewhat Early
6.0,5.6580715,Somewhat Early,Somewhat Early
22.0,21.001781,Very Late,Very Late
7.0,9.585216,Early,On Time
13.0,10.523148,On Time,On Time
10.0,8.618351,On Time,Early
17.0,8.922079,Somewhat Late,Early
13.0,10.116288,On Time,On Time
10.0,9.161664,On Time,On Time
6.0,5.886081,Somewhat Early,Somewhat Early
7.0,8.666492,Early,Early
6.0,8.408852,Somewhat Early,Early
5.0,7.06724,Somewhat Early,Early
5.0,9.278313,Somewhat Early,On Time
10.0,9.101203,On Time,On Time
11.0,7.8874636,On Time,Early
12.0,14.087487,On Time,Somewhat Late
5.0,8.59961,Somewhat Early,Early
13.0,10.475428,On Time,On Time
9.0,7.7844124,Early,Early
8.0,7.0724125,Early,Early
2.0,4.8421793,Very Early,Somewhat Early
17.0,16.767595,Somewhat Late,Somewhat Late
4.0,6.321067,Somewhat Early,Early
2.0,3.790174,Very Early,Somewhat Early
9.0,7.953271,Early,Early
5.0,6.7985954,Somewhat Early,Early
9.0,8.473592,Early,Early
9.0,9.641203,Early,On Time
13.0,9.9550495,On Time,On Time
11.0,15.841539,On Time,Somewhat Late
10.0,6.826532,On Time,Early
4.0,3.9249985,Somewhat Early,Somewhat Early
5.0,9.920023,Somewhat Early,On Time
24.0,14.105819,Very Late,Somewhat Late
10.0,9.443945,On Time,On Time
3.0,5.9235296,Very Early,Somewhat Early
6.0,8.378634,Somewhat Early,Early
28.0,20.797653,Very Late,Very Late
4.0,9.031686,Somewhat Early,On Time
7.0,6.5126143,Early,Early
12.0,11.125491,On Time,On Time
5.0,5.246417,Somewhat Early,Somewhat Early
25.0,21.940598,Very Late,Very Late
23.0,20.62623,Very Late,Very Late
14.0,10.476504,On Time,On Time
7.0,8.101035,Early,Early
23.0,17.125252,Very Late,Somewhat Late
4.0,8.118545,Somewhat Early,Early
4.0,11.017906,Somewhat Early,On Time
6.0,7.182237,Somewhat Early,Early
13.0,7.113022,On Time,Early
14.0,11.091815,On Time,On Time
15.0,11.525979,Somewhat Late,On Time
4.0,4.3906255,Somewhat Early,Somewhat Early
27.0,17.275398,Very Late,Somewhat Late
17.0,13.196497,Somewhat Late,On Time
11.0,9.474594,On Time,On Time
22.0,18.895775,Very Late,Somewhat Late
3.0,14.405479,Very Early,Somewhat Late
8.0,8.096454,Early,Early
13.0,5.3799667,On Time,Somewhat Early
3.0,5.3547506,Very Early,Somewhat Early
5.0,18.161919,Somewhat Early,Somewhat Late
2.0,6.02457,Very Early,Early
19.0,15.658926,Somewhat Late,Somewhat Late
6.0,3.8502433,Somewhat Early,Somewhat Early
15.0,12.653546,Somewhat Late,On Time
3.0,3.7991052,Very Early,Somewhat Early
8.0,9.406509,Early,On Time
15.0,12.998665,Somewhat Late,On Time
11.0,11.381075,On Time,On Time
11.0,13.284861,On Time,On Time
5.0,8.364281,Somewhat Early,Early
8.0,7.4572234,Early,Early
8.0,3.7831662,Early,Somewhat Early
6.0,14.674225,Somewhat Early,Somewhat Late
14.0,7.6802425,On Time,Early
23.0,14.758705,Very Late,Somewhat Late
14.0,15.625082,On Time,Somewhat Late
5.0,15.985516,Somewhat Early,Somewhat Late
12.0,5.4394417,On Time,Somewhat Early
16.0,9.968708,Somewhat Late,On Time
11.0,3.7938151,On Time,Somewhat Early
11.0,8.082831,On Time,Early
12.0,10.040879,On Time,On Time
5.0,5.870279,Somewhat Early,Somewhat Early
17.0,9.888238,Somewhat Late,On Time
13.0,9.164304,On Time,On Time
16.0,18.107904,Somewhat Late,Somewhat Late
10.0,5.265786,On Time,Somewhat Early
13.0,9.680884,On Time,On Time
10.0,8.270506,On Time,Early
8.0,8.94285,Early,Early
10.0,9.546557,On Time,On Time
9.0,8.278023,Early,Early
7.0,9.117664,Early,On Time
6.0,6.6148076,Somewhat Early,Early
19.0,13.54231,Somewhat Late,On Time
15.0,9.255146,Somewhat Late,On Time
15.0,7.882923,Somewhat Late,Early
5.0,4.2129126,Somewhat Early,Somewhat Early
12.0,10.956236,On Time,On Time
9.0,8.933788,Early,Early
4.0,4.0236526,Somewhat Early,Somewhat Early
6.0,7.2258444,Somewhat Early,Early
8.0,8.891242,Early,Early
11.0,8.81642,On Time,Early
23.0,25.047337,Very Late,Very Late
1.0,3.8019538,Very Early,Somewhat Early
13.0,9.9838085,On Time,On Time
3.0,3.8619633,Very Early,Somewhat Early
2.0,4.958761,Very Early,Somewhat Early
3.0,11.381682,Very Early,On Time
14.0,14.342342,On Time,Somewhat Late
11.0,9.617889,On Time,On Time
10.0,7.931735,On Time,Early
8.0,10.490637,Early,On Time
14.0,9.369722,On Time,On Time
3.0,3.83188,Very Early,Somewhat Early
16.0,17.90579,Somewhat Late,Somewhat Late
17.0,14.45386,Somewhat Late,Somewhat Late
25.0,7.955594,Very Late,Early
6.0,3.875452,Somewhat Early,Somewhat Early
6.0,6.2558594,Somewhat Early,Early
15.0,8.265272,Somewhat Late,Early
10.0,9.265527,On Time,On Time
7.0,10.964908,Early,On Time
7.0,7.4340105,Early,Early
6.0,6.4190893,Somewhat Early,Early
8.0,7.81792,Early,Early
14.0,12.32461,On Time,On Time
2.0,3.8278408,Very Early,Somewhat Early
15.0,10.250176,Somewhat Late,On Time
11.0,12.261298,On Time,On Time
19.0,15.862304,Somewhat Late,Somewhat Late
8.0,8.074694,Early,Early
19.0,13.218434,Somewhat Late,On Time
3.0,3.9914753,Very Early,Somewhat Early
6.0,6.7624145,Somewhat Early,Early
8.0,8.298106,Early,Early
12.0,9.04279,On Time,On Time
24.0,12.81507,Very Late,On Time
16.0,19.207733,Somewhat Late,Somewhat Late
15.0,10.844741,Somewhat Late,On Time
3.0,6.010584,Very Early,Early
5.0,8.875225,Somewhat Early,Early
12.0,14.102909,On Time,Somewhat Late
21.0,8.885145,Very Late,Early
8.0,7.8841105,Early,Early
2.0,4.409892,Very Early,Somewhat Early
6.0,3.8669186,Somewhat Early,Somewhat Early
12.0,8.24883,On Time,Early
24.0,20.796185,Very Late,Very Late
8.0,7.7395873,Early,Early
16.0,8.74365,Somewhat Late,Early
14.0,8.909004,On Time,Early
9.0,11.675597,Early,On Time
8.0,4.415482,Early,Somewhat Early
6.0,9.175865,Somewhat Early,On Time
16.0,16.02506,Somewhat Late,Somewhat Late
6.0,11.738637,Somewhat Early,On Time
8.0,18.879986,Early,Somewhat Late
20.0,15.147507,Somewhat Late,Somewhat Late
17.0,10.679297,Somewhat Late,On Time
21.0,18.869717,Very Late,Somewhat Late
8.0,10.324974,Early,On Time
14.0,8.147482,On Time,Early
10.0,14.391838,On Time,Somewhat Late
12.0,9.027444,On Time,On Time
16.0,15.344562,Somewhat Late,Somewhat Late
9.0,7.595602,Early,Early
13.0,13.038809,On Time,On Time
11.0,8.93201,On Time,Early
21.0,24.246208,Very Late,Very Late
12.0,8.5585375,On Time,Early
6.0,3.9438803,Somewhat Early,Somewhat Early
16.0,10.360783,Somewhat Late,On Time
2.0,6.0908947,Very Early,Early
12.0,9.40127,On Time,On Time
10.0,6.9653273,On Time,Early
15.0,13.701852,Somewhat Late,On Time
7.0,12.701729,Early,On Time
1.0,3.9225225,Very Early,Somewhat Early
6.0,16.64806,Somewhat Early,Somewhat Late
10.0,16.020914,On Time,Somewhat Late
7.0,10.342163,Early,On Time
2.0,3.8567348,Very Early,Somewhat Early
5.0,8.948791,Somewhat Early,Early
9.0,8.687561,Early,Early
4.0,9.887864,Somewhat Early,On Time
1.0,3.8981776,Very Early,Somewhat Early
7.0,5.092024,Early,Somewhat Early
6.0,7.354189,Somewhat Early,Early
18.0,14.512161,Somewhat Late,Somewhat Late
10.0,10.072514,On Time,On Time
25.0,17.74982,Very Late,Somewhat Late
17.0,18.897099,Somewhat Late,Somewhat Late
13.0,19.53034,On Time,Somewhat Late
4.0,3.868434,Somewhat Early,Somewhat Early
13.0,11.584612,On Time,On Time
4.0,8.669343,Somewhat Early,Early
6.0,3.761384,Somewhat Early,Somewhat Early
8.0,7.9850516,Early,Early
1.0,3.8018143,Very Early,Somewhat Early
13.0,11.592416,On Time,On Time
6.0,11.869439,Somewhat Early,On Time
4.0,8.496895,Somewhat Early,Early
6.0,7.237985,Somewhat Early,Early
28.0,26.455582,Very Late,Very Late
5.0,9.544397,Somewhat Early,On Time
24.0,16.60935,Very Late,Somewhat Late
19.0,14.596365,Somewhat Late,Somewhat Late
17.0,14.609091,Somewhat Late,Somewhat Late
15.0,12.089105,Somewhat Late,On Time
8.0,8.11117,Early,Early
2.0,3.7898214,Very Early,Somewhat Early
7.0,15.1123085,Early,Somewhat Late
22.0,12.008911,Very Late,On Time
7.0,7.646431,Early,Early
3.0,8.251217,Very Early,Early
4.0,6.9702315,Somewhat Early,Early
26.0,11.683391,Very Late,On Time
7.0,8.377499,Early,Early
21.0,14.870325,Very Late,Somewhat Late
3.0,9.509621,Very Early,On Time
18.0,9.654586,Somewhat Late,On Time
24.0,14.219987,Very Late,Somewhat Late
7.0,6.804404,Early,Early
3.0,4.2372437,Very Early,Somewhat Early
10.0,21.640339,On Time,Very Late
8.0,8.569291,Early,Early
14.0,16.830284,On Time,Somewhat Late
9.0,12.159364,Early,On Time
13.0,7.4060583,On Time,Early
26.0,22.82109,Very Late,Very Late
7.0,9.093319,Early,On Time
17.0,7.4109797,Somewhat Late,Early
6.0,8.462296,Somewhat Early,Early
8.0,10.455979,Early,On Time
7.0,11.881938,Early,On Time
8.0,9.962801,Early,On Time
9.0,10.167613,Early,On Time
4.0,3.9006038,Somewhat Early,Somewhat Early
7.0,7.2158937,Early,Early
7.0,8.822418,Early,Early
6.0,8.904569,Somewhat Early,Early
11.0,17.222443,On Time,Somewhat Late
13.0,13.29954,On Time,On Time
8.0,11.572323,Early,On Time
5.0,4.231614,Somewhat Early,Somewhat Early
8.0,8.600242,Early,Early
14.0,13.235973,On Time,On Time
9.0,11.005635,Early,On Time
6.0,4.7251554,Somewhat Early,Somewhat Early
11.0,7.9851894,On Time,Early
9.0,4.1377406,Early,Somewhat Early
18.0,19.294888,Somewhat Late,Somewhat Late
6.0,6.205965,Somewhat Early,Early
9.0,9.796019,Early,On Time
19.0,19.743547,Somewhat Late,Somewhat Late
5.0,3.8626761,Somewhat Early,Somewhat Early
5.0,9.211534,Somewhat Early,On Time
10.0,6.6249204,On Time,Early
26.0,19.80468,Very Late,Somewhat Late
12.0,7.62915,On Time,Early
21.0,12.958432,Very Late,On Time
21.0,10.508593,Very Late,On Time
2.0,3.8070164,Very Early,Somewhat Early
13.0,5.8139567,On Time,Somewhat Early
8.0,7.7760224,Early,Early
5.0,13.734555,Somewhat Early,On Time
20.0,17.424925,Somewhat Late,Somewhat Late
11.0,9.065707,On Time,On Time
15.0,12.287038,Somewhat Late,On Time
8.0,7.9083195,Early,Early
20.0,16.075106,Somewhat Late,Somewhat Late
11.0,17.646812,On Time,Somewhat Late
4.0,3.7991014,Somewhat Early,Somewhat Early
9.0,10.703162,Early,On Time
4.0,3.785294,Somewhat Early,Somewhat Early
6.0,9.403808,Somewhat Early,On Time
8.0,7.3748784,Early,Early
9.0,11.018632,Early,On Time
6.0,8.683578,Somewhat Early,Early
7.0,9.339861,Early,On Time
13.0,11.827411,On Time,On Time
9.0,9.147041,Early,On Time
15.0,15.019244,Somewhat Late,Somewhat Late
5.0,4.442133,Somewhat Early,Somewhat Early
3.0,3.8135123,Very Early,Somewhat Early
25.0,20.295624,Very Late,Very Late
2.0,4.7010837,Very Early,Somewhat Early
8.0,5.9781,Early,Somewhat Early
10.0,10.656864,On Time,On Time
14.0,10.789498,On Time,On Time
15.0,12.312964,Somewhat Late,On Time
6.0,13.03945,Somewhat Early,On Time
15.0,15.74672,Somewhat Late,Somewhat Late
7.0,11.844302,Early,On Time
7.0,7.79145,Early,Early
19.0,14.392875,Somewhat Late,Somewhat Late
8.0,10.29946,Early,On Time
18.0,15.484749,Somewhat Late,Somewhat Late
22.0,15.110766,Very Late,Somewhat Late
5.0,8.512135,Somewhat Early,Early
12.0,7.642871,On Time,Early
3.0,3.8747694,Very Early,Somewhat Early
10.0,6.972163,On Time,Early
2.0,4.6188087,Very Early,Somewhat Early
28.0,22.976559,Very Late,Very Late
17.0,6.221106,Somewhat Late,Early
2.0,3.840296,Very Early,Somewhat Early
14.0,8.886089,On Time,Early
12.0,11.638057,On Time,On Time
17.0,11.939723,Somewhat Late,On Time
18.0,18.74539,Somewhat Late,Somewhat Late
8.0,7.7390566,Early,Early
18.0,15.668211,Somewhat Late,Somewhat Late
8.0,10.322159,Early,On Time
8.0,6.902092,Early,Early
19.0,18.783821,Somewhat Late,Somewhat Late
11.0,11.994716,On Time,On Time
4.0,11.333126,Somewhat Early,On Time
7.0,7.9300766,Early,Early
7.0,8.146869,Early,Early
21.0,8.976818,Very Late,Early
14.0,11.519929,On Time,On Time
16.0,13.110867,Somewhat Late,On Time
4.0,3.8972254,Somewhat Early,Somewhat Early
4.0,3.8049219,Somewhat Early,Somewhat Early
16.0,13.053512,Somewhat Late,On Time
10.0,6.690323,On Time,Early
9.0,8.822906,Early,Early
9.0,10.408236,Early,On Time
1.0,3.9680123,Very Early,Somewhat Early
16.0,10.572735,Somewhat Late,On Time
6.0,4.764117,Somewhat Early,Somewhat Early
8.0,6.732831,Early,Early
3.0,3.8805823,Very Early,Somewhat Early
20.0,17.189419,Somewhat Late,Somewhat Late
10.0,8.382299,On Time,Early
8.0,12.921215,Early,On Time
13.0,16.53786,On Time,Somewhat Late
6.0,18.396294,Somewhat Early,Somewhat Late
8.0,12.776469,Early,On Time
12.0,11.497672,On Time,On Time
12.0,4.712909,On Time,Somewhat Early
6.0,13.79374,Somewhat Early,On Time
13.0,13.662864,On Time,On Time
6.0,8.87825,Somewhat Early,Early
9.0,6.852068,Early,Early
3.0,3.892707,Very Early,Somewhat Early
10.0,6.314247,On Time,Early
10.0,8.650785,On Time,Early
10.0,8.124689,On Time,Early
12.0,9.981696,On Time,On Time
4.0,7.3849564,Somewhat Early,Early
11.0,8.986313,On Time,Early
19.0,11.948761,Somewhat Late,On Time
10.0,7.729666,On Time,Early
6.0,6.4004693,Somewhat Early,Early
13.0,12.336388,On Time,On Time
12.0,8.991915,On Time,Early
7.0,7.886202,Early,Early
11.0,9.900417,On Time,On Time
7.0,10.553223,Early,On Time
9.0,11.89587,Early,On Time
14.0,9.104708,On Time,On Time
21.0,15.852833,Very Late,Somewhat Late
9.0,10.826457,Early,On Time
10.0,9.220876,On Time,On Time
3.0,12.466016,Very Early,On Time
9.0,12.361214,Early,On Time
8.0,10.4333935,Early,On Time
11.0,9.608233,On Time,On Time
3.0,3.911591,Very Early,Somewhat Early
9.0,9.862306,Early,On Time
18.0,8.625498,Somewhat Late,Early
12.0,10.386679,On Time,On Time
11.0,12.647062,On Time,On Time
6.0,8.673521,Somewhat Early,Early
10.0,13.963495,On Time,On Time
10.0,8.742108,On Time,Early
13.0,9.476182,On Time,On Time
3.0,7.819132,Very Early,Early
8.0,6.367373,Early,Early
20.0,19.200752,Somewhat Late,Somewhat Late
7.0,8.489402,Early,Early
2.0,3.9446843,Very Early,Somewhat Early
27.0,19.673594,Very Late,Somewhat Late
10.0,7.046947,On Time,Early
2.0,5.7567315,Very Early,Somewhat Early
5.0,4.8932323,Somewhat Early,Somewhat Early
16.0,12.179282,Somewhat Late,On Time
15.0,11.819607,Somewhat Late,On Time
6.0,3.7748423,Somewhat Early,Somewhat Early
10.0,10.985759,On Time,On Time
2.0,3.7670283,Very Early,Somewhat Early
13.0,9.645962,On Time,On Time
7.0,4.8055124,Early,Somewhat Early
18.0,9.973816,Somewhat Late,On Time
4.0,3.7966611,Somewhat Early,Somewhat Early
18.0,4.6065507,Somewhat Late,Somewhat Early
6.0,8.520314,Somewhat Early,Early
16.0,13.55924,Somewhat Late,On Time
11.0,10.091482,On Time,On Time
15.0,9.643851,Somewhat Late,On Time
14.0,10.660285,On Time,On Time
12.0,16.765085,On Time,Somewhat Late
13.0,3.8343072,On Time,Somewhat Early
5.0,6.858304,Somewhat Early,Early
2.0,7.3014255,Very Early,Early
6.0,8.745091,Somewhat Early,Early
13.0,9.746156,On Time,On Time
7.0,7.7513146,Early,Early
3.0,3.7836747,Very Early,Somewhat Early
5.0,3.8943114,Somewhat Early,Somewhat Early
5.0,7.8461123,Somewhat Early,Early
1.0,4.367405,Very Early,Somewhat Early
12.0,10.658712,On Time,On Time
6.0,5.9255834,Somewhat Early,Somewhat Early
3.0,3.8531027,Very Early,Somewhat Early
6.0,6.9282,Somewhat Early,Early
6.0,9.677396,Somewhat Early,On Time
17.0,12.525924,Somewhat Late,On Time
10.0,10.282776,On Time,On Time
14.0,10.660285,On Time,On Time
11.0,8.803321,On Time,Early
8.0,10.284464,Early,On Time
8.0,5.784136,Early,Somewhat Early
5.0,6.311712,Somewhat Early,Early
6.0,11.797992,Somewhat Early,On Time
8.0,5.795043,Early,Somewhat Early
11.0,9.686453,On Time,On Time
11.0,12.037351,On Time,On Time
17.0,15.574299,Somewhat Late,Somewhat Late
14.0,9.448962,On Time,On Time
12.0,10.746409,On Time,On Time
10.0,12.98163,On Time,On Time
15.0,11.727887,Somewhat Late,On Time
2.0,3.918846,Very Early,Somewhat Early
15.0,13.259878,Somewhat Late,On Time
13.0,7.063037,On Time,Early
2.0,4.0716023,Very Early,Somewhat Early
7.0,6.113959,Early,Early
17.0,14.388787,Somewhat Late,Somewhat Late
22.0,17.308077,Very Late,Somewhat Late
10.0,7.3016376,On Time,Early
7.0,9.901468,Early,On Time
10.0,13.197256,On Time,On Time
19.0,10.581774,Somewhat Late,On Time
3.0,11.315362,Very Early,On Time
17.0,9.559061,Somewhat Late,On Time
8.0,8.444933,Early,Early
11.0,4.684684,On Time,Somewhat Early
17.0,11.01989,Somewhat Late,On Time
5.0,5.281029,Somewhat Early,Somewhat Early
5.0,11.711749,Somewhat Early,On Time
5.0,10.835792,Somewhat Early,On Time
6.0,11.823736,Somewhat Early,On Time
5.0,9.823004,Somewhat Early,On Time
11.0,9.226124,On Time,On Time
6.0,3.8492198,Somewhat Early,Somewhat Early
5.0,8.48756,Somewhat Early,Early
11.0,8.031376,On Time,Early
1.0,3.8272626,Very Early,Somewhat Early
2.0,3.8324997,Very Early,Somewhat Early
4.0,19.919918,Somewhat Early,Somewhat Late
5.0,11.78455,Somewhat Early,On Time
10.0,7.750826,On Time,Early
11.0,14.868756,On Time,Somewhat Late
6.0,16.331707,Somewhat Early,Somewhat Late
12.0,10.090319,On Time,On Time
5.0,10.131443,Somewhat Early,On Time
10.0,7.916728,On Time,Early
19.0,11.585947,Somewhat Late,On Time
16.0,10.254546,Somewhat Late,On Time
1.0,10.342494,Very Early,On Time
7.0,6.7293525,Early,Early
10.0,10.154673,On Time,On Time
6.0,8.488701,Somewhat Early,Early
4.0,7.3454585,Somewhat Early,Early
1.0,4.72299,Very Early,Somewhat Early
18.0,13.152174,Somewhat Late,On Time
8.0,6.7662306,Early,Early
11.0,11.250635,On Time,On Time
7.0,9.2494335,Early,On Time
12.0,12.981023,On Time,On Time
6.0,5.5858054,Somewhat Early,Somewhat Early
4.0,9.091916,Somewhat Early,On Time
4.0,4.493245,Somewhat Early,Somewhat Early
7.0,11.757641,Early,On Time
15.0,12.115035,Somewhat Late,On Time
6.0,6.4371877,Somewhat Early,Early
9.0,8.394404,Early,Early
10.0,8.841768,On Time,Early
13.0,10.131362,On Time,On Time
4.0,3.8248506,Somewhat Early,Somewhat Early
11.0,5.668841,On Time,Somewhat Early
7.0,12.370882,Early,On Time
12.0,10.985288,On Time,On Time
15.0,8.067055,Somewhat Late,Early
12.0,9.307715,On Time,On Time
5.0,4.5079236,Somewhat Early,Somewhat Early
3.0,5.06505,Very Early,Somewhat Early
17.0,13.685277,Somewhat Late,On Time
11.0,7.857403,On Time,Early
3.0,3.9604406,Very Early,Somewhat Early
7.0,6.9975343,Early,Early
10.0,7.2812023,On Time,Early
3.0,4.852663,Very Early,Somewhat Early
1.0,3.8102796,Very Early,Somewhat Early
16.0,7.986987,Somewhat Late,Early
8.0,7.573602,Early,Early
17.0,13.420754,Somewhat Late,On Time
9.0,8.671678,Early,Early
6.0,3.837476,Somewhat Early,Somewhat Early
6.0,3.7828991,Somewhat Early,Somewhat Early
8.0,7.073337,Early,Early
9.0,8.640942,Early,Early
7.0,9.204286,Early,On Time
22.0,19.661371,Very Late,Somewhat Late
17.0,17.09678,Somewhat Late,Somewhat Late
11.0,7.5382423,On Time,Early
18.0,11.456729,Somewhat Late,On Time
3.0,4.0324907,Very Early,Somewhat Early
14.0,10.326587,On Time,On Time
11.0,8.6803255,On Time,Early
13.0,7.897071,On Time,Early
9.0,6.787901,Early,Early
3.0,3.823729,Very Early,Somewhat Early
2.0,7.0655932,Very Early,Early
5.0,8.326392,Somewhat Early,Early
22.0,15.570967,Very Late,Somewhat Late
7.0,8.89518,Early,Early
10.0,13.37474,On Time,On Time
11.0,10.225049,On Time,On Time
6.0,4.523634,Somewhat Early,Somewhat Early
13.0,8.623364,On Time,Early
4.0,6.6974354,Somewhat Early,Early
27.0,23.856815,Very Late,Very Late
13.0,15.549685,On Time,Somewhat Late
15.0,7.900599,Somewhat Late,Early
18.0,11.971146,Somewhat Late,On Time
15.0,14.408085,Somewhat Late,Somewhat Late
9.0,10.063118,Early,On Time
20.0,9.114592,Somewhat Late,On Time
27.0,23.2701,Very Late,Very Late
1.0,3.7838721,Very Early,Somewhat Early
12.0,9.844687,On Time,On Time
3.0,3.8469038,Very Early,Somewhat Early
6.0,5.9650373,Somewhat Early,Somewhat Early
3.0,6.580955,Very Early,Early
1.0,3.7965443,Very Early,Somewhat Early
10.0,9.126634,On Time,On Time
8.0,7.277521,Early,Early
8.0,12.81323,Early,On Time
12.0,12.569629,On Time,On Time
7.0,7.3597403,Early,Early
16.0,7.9977484,Somewhat Late,Early
10.0,10.296525,On Time,On Time
14.0,14.570917,On Time,Somewhat Late
7.0,3.8876874,Early,Somewhat Early
4.0,4.359454,Somewhat Early,Somewhat Early
3.0,4.9030476,Very Early,Somewhat Early
4.0,4.352692,Somewhat Early,Somewhat Early
13.0,10.343353,On Time,On Time
14.0,11.192863,On Time,On Time
7.0,7.6368923,Early,Early
6.0,9.054581,Somewhat Early,On Time
20.0,12.842659,Somewhat Late,On Time
19.0,15.275467,Somewhat Late,Somewhat Late
23.0,16.478283,Very Late,Somewhat Late
3.0,4.0314393,Very Early,Somewhat Early
2.0,5.1698666,Very Early,Somewhat Early
15.0,11.0168915,Somewhat Late,On Time
10.0,8.20049,On Time,Early
8.0,12.067997,Early,On Time
11.0,10.599366,On Time,On Time
4.0,9.454096,Somewhat Early,On Time
15.0,12.79808,Somewhat Late,On Time
5.0,8.499987,Somewhat Early,Early
8.0,3.8674529,Early,Somewhat Early
8.0,9.512582,Early,On Time
2.0,4.7833395,Very Early,Somewhat Early
6.0,7.919191,Somewhat Early,Early
4.0,8.043182,Somewhat Early,Early
5.0,9.077659,Somewhat Early,On Time
15.0,12.709365,Somewhat Late,On Time
5.0,3.9698114,Somewhat Early,Somewhat Early
7.0,8.252571,Early,Early
4.0,7.386364,Somewhat Early,Early
14.0,12.654142,On Time,On Time
6.0,8.920911,Somewhat Early,Early
8.0,3.7988548,Early,Somewhat Early
5.0,6.019224,Somewhat Early,Early
11.0,12.2948265,On Time,On Time
14.0,8.093451,On Time,Early
16.0,14.832064,Somewhat Late,Somewhat Late
8.0,8.603782,Early,Early
5.0,6.4845104,Somewhat Early,Early
8.0,6.400392,Early,Early
14.0,9.039617,On Time,On Time
9.0,7.970723,Early,Early
14.0,9.493967,On Time,On Time
11.0,8.243218,On Time,Early
11.0,6.0711093,On Time,Early
14.0,19.374475,On Time,Somewhat Late
16.0,15.783628,Somewhat Late,Somewhat Late
8.0,17.041212,Early,Somewhat Late
3.0,5.719455,Very Early,Somewhat Early
7.0,7.563863,Early,Early
8.0,9.024176,Early,On Time
10.0,12.122356,On Time,On Time
7.0,8.72177,Early,Early
9.0,9.26162,Early,On Time
11.0,8.506546,On Time,Early
1.0,3.852532,Very Early,Somewhat Early
11.0,12.571725,On Time,On Time
9.0,13.247078,Early,On Time
15.0,13.857464,Somewhat Late,On Time
1.0,3.9486308,Very Early,Somewhat Early
15.0,10.907821,Somewhat Late,On Time
6.0,5.804964,Somewhat Early,Somewhat Early
16.0,7.2068825,Somewhat Late,Early
6.0,6.2401824,Somewhat Early,Early
3.0,3.836018,Very Early,Somewhat Early
21.0,16.020248,Very Late,Somewhat Late
10.0,10.273848,On Time,On Time
8.0,7.91198,Early,Early
15.0,15.927439,Somewhat Late,Somewhat Late
2.0,3.9758081,Very Early,Somewhat Early
17.0,9.921425,Somewhat Late,On Time
8.0,14.396206,Early,Somewhat Late
5.0,6.0204997,Somewhat Early,Early
9.0,9.850353,Early,On Time
17.0,12.299696,Somewhat Late,On Time
7.0,3.856281,Early,Somewhat Early
8.0,9.146347,Early,On Time
18.0,15.1957245,Somewhat Late,Somewhat Late
8.0,8.389281,Early,Early
14.0,13.821505,On Time,On Time
18.0,13.239311,Somewhat Late,On Time
7.0,8.660487,Early,Early
7.0,10.435238,Early,On Time
10.0,9.299718,On Time,On Time
26.0,21.672327,Very Late,Very Late
3.0,3.8097584,Very Early,Somewhat Early
4.0,8.522654,Somewhat Early,Early
8.0,5.7855816,Early,Somewhat Early
18.0,10.892968,Somewhat Late,On Time
2.0,3.7752862,Very Early,Somewhat Early
19.0,18.839445,Somewhat Late,Somewhat Late
3.0,4.0984554,Very Early,Somewhat Early
4.0,4.367819,Somewhat Early,Somewhat Early
3.0,6.397999,Very Early,Early
18.0,13.293309,Somewhat Late,On Time
13.0,14.010788,On Time,Somewhat Late
9.0,20.43632,Early,Very Late
15.0,12.652724,Somewhat Late,On Time
9.0,4.88099,Early,Somewhat Early
1.0,3.890241,Very Early,Somewhat Early
7.0,12.582971,Early,On Time
3.0,3.942556,Very Early,Somewhat Early
5.0,4.2438087,Somewhat Early,Somewhat Early
9.0,7.206885,Early,Early
3.0,7.3278446,Very Early,Early
14.0,11.358554,On Time,On Time
10.0,4.065975,On Time,Somewhat Early
5.0,8.261199,Somewhat Early,Early
8.0,11.489863,Early,On Time
7.0,7.0215917,Early,Early
4.0,3.8029132,Somewhat Early,Somewhat Early
9.0,5.8036046,Early,Somewhat Early
12.0,4.7661166,On Time,Somewhat Early
9.0,9.531338,Early,On Time
7.0,9.058616,Early,On Time
2.0,15.931704,Very Early,Somewhat Late
24.0,16.212868,Very Late,Somewhat Late
5.0,3.796174,Somewhat Early,Somewhat Early
6.0,6.654914,Somewhat Early,Early
9.0,11.976,Early,On Time
20.0,17.845764,Somewhat Late,Somewhat Late
6.0,7.6081924,Somewhat Early,Early
12.0,10.325541,On Time,On Time
11.0,11.372582,On Time,On Time
15.0,10.314936,Somewhat Late,On Time
4.0,4.9971075,Somewhat Early,Somewhat Early
15.0,5.6462803,Somewhat Late,Somewhat Early
15.0,7.360074,Somewhat Late,Early
27.0,11.838943,Very Late,On Time
9.0,13.603081,Early,On Time
22.0,11.167682,Very Late,On Time
8.0,8.40499,Early,Early
8.0,15.544715,Early,Somewhat Late
4.0,8.696157,Somewhat Early,Early
20.0,21.171206,Somewhat Late,Very Late
5.0,9.37863,Somewhat Early,On Time
15.0,9.043784,Somewhat Late,On Time
5.0,3.7890644,Somewhat Early,Somewhat Early
4.0,8.014126,Somewhat Early,Early
13.0,13.452398,On Time,On Time
5.0,6.9013367,Somewhat Early,Early
14.0,12.65757,On Time,On Time
1.0,4.190916,Very Early,Somewhat Early
10.0,13.976335,On Time,On Time
8.0,9.030857,Early,On Time
26.0,10.659951,Very Late,On Time
10.0,10.230291,On Time,On Time
8.0,4.323359,Early,Somewhat Early
6.0,9.316292,Somewhat Early,On Time
25.0,21.774012,Very Late,Very Late
14.0,8.82164,On Time,Early
20.0,12.532633,Somewhat Late,On Time
5.0,9.1374655,Somewhat Early,On Time
7.0,6.864946,Early,Early
28.0,23.454987,Very Late,Very Late
10.0,8.40617,On Time,Early
12.0,10.286027,On Time,On Time
3.0,3.8184109,Very Early,Somewhat Early
7.0,6.725299,Early,Early
7.0,5.281896,Early,Somewhat Early
2.0,7.4983273,Very Early,Early
5.0,6.430009,Somewhat Early,Early
23.0,10.197527,Very Late,On Time
9.0,10.82714,Early,On Time
11.0,6.916806,On Time,Early
24.0,15.46769,Very Late,Somewhat Late
19.0,17.162477,Somewhat Late,Somewhat Late
2.0,8.981094,Very Early,Early
17.0,10.514469,Somewhat Late,On Time
10.0,11.848191,On Time,On Time
4.0,3.8249345,Somewhat Early,Somewhat Early
7.0,9.213222,Early,On Time
7.0,8.767953,Early,Early
2.0,4.4801135,Very Early,Somewhat Early
24.0,12.909377,Very Late,On Time
6.0,6.8912625,Somewhat Early,Early
4.0,3.7846236,Somewhat Early,Somewhat Early
8.0,8.092869,Early,Early
4.0,3.7837877,Somewhat Early,Somewhat Early
12.0,9.67214,On Time,On Time
7.0,7.5328646,Early,Early
7.0,8.764633,Early,Early
10.0,6.507629,On Time,Early
7.0,14.1531925,Early,Somewhat Late
8.0,9.311718,Early,On Time
7.0,9.1500635,Early,On Time
7.0,11.325321,Early,On Time
11.0,10.2945385,On Time,On Time
10.0,13.253162,On Time,On Time
3.0,3.8417397,Very Early,Somewhat Early
13.0,6.189466,On Time,Early
12.0,8.575009,On Time,Early
7.0,9.234288,Early,On Time
9.0,9.153519,Early,On Time
17.0,12.202255,Somewhat Late,On Time
7.0,6.4013877,Early,Early
13.0,15.4360895,On Time,Somewhat Late
26.0,13.500754,Very Late,On Time
12.0,8.489059,On Time,Early
9.0,12.761471,Early,On Time
2.0,3.7904127,Very Early,Somewhat Early
7.0,4.3838363,Early,Somewhat Early
8.0,8.690343,Early,Early
6.0,8.021709,Somewhat Early,Early
2.0,3.8161721,Very Early,Somewhat Early
21.0,21.579054,Very Late,Very Late
10.0,9.074931,On Time,On Time
9.0,8.515288,Early,Early
12.0,12.0974,On Time,On Time
9.0,9.334674,Early,On Time
5.0,8.285574,Somewhat Early,Early
6.0,8.101927,Somewhat Early,Early
6.0,7.640768,Somewhat Early,Early
12.0,13.172775,On Time,On Time
17.0,8.237639,Somewhat Late,Early
5.0,9.9921875,Somewhat Early,On Time
8.0,7.779397,Early,Early
11.0,11.853542,On Time,On Time
18.0,12.986053,Somewhat Late,On Time
12.0,8.451458,On Time,Early
19.0,19.756878,Somewhat Late,Somewhat Late
9.0,8.23952,Early,Early
6.0,8.674845,Somewhat Early,Early
19.0,11.807668,Somewhat Late,On Time
11.0,8.106785,On Time,Early
16.0,12.696903,Somewhat Late,On Time
8.0,16.62552,Early,Somewhat Late
11.0,7.2690496,On Time,Early
4.0,3.8013062,Somewhat Early,Somewhat Early
9.0,7.084698,Early,Early
5.0,9.49047,Somewhat Early,On Time
13.0,10.341627,On Time,On Time
14.0,10.809523,On Time,On Time
15.0,6.0922976,Somewhat Late,Early
11.0,7.1238356,On Time,Early
14.0,12.839364,On Time,On Time
11.0,7.9086432,On Time,Early
7.0,6.500285,Early,Early
6.0,9.621439,Somewhat Early,On Time
13.0,9.4630785,On Time,On Time
13.0,10.24422,On Time,On Time
13.0,15.222937,On Time,Somewhat Late
10.0,9.143997,On Time,On Time
6.0,7.7106814,Somewhat Early,Early
12.0,7.3181067,On Time,Early
26.0,18.739174,Very Late,Somewhat Late
23.0,16.022095,Very Late,Somewhat Late
13.0,9.516747,On Time,On Time
4.0,3.8912656,Somewhat Early,Somewhat Early
21.0,15.631947,Very Late,Somewhat Late
5.0,6.8154755,Somewhat Early,Early
8.0,7.063651,Early,Early
19.0,9.963364,Somewhat Late,On Time
5.0,7.248706,Somewhat Early,Early
5.0,6.1421175,Somewhat Early,Early
8.0,12.853156,Early,On Time
7.0,4.431345,Early,Somewhat Early
4.0,4.886389,Somewhat Early,Somewhat Early
11.0,6.5206246,On Time,Early
8.0,7.8805065,Early,Early
4.0,7.940932,Somewhat Early,Early
15.0,10.136581,Somewhat Late,On Time
12.0,10.028622,On Time,On Time
10.0,11.509455,On Time,On Time
18.0,18.845818,Somewhat Late,Somewhat Late
13.0,9.156424,On Time,On Time
12.0,8.299832,On Time,Early
3.0,7.5710835,Very Early,Early
9.0,11.458498,Early,On Time
12.0,11.072941,On Time,On Time
11.0,12.380034,On Time,On Time
11.0,12.649492,On Time,On Time
5.0,6.937655,Somewhat Early,Early
5.0,6.2369366,Somewhat Early,Early
7.0,7.5510893,Early,Early
1.0,14.966661,Very Early,Somewhat Late
17.0,19.002314,Somewhat Late,Somewhat Late
4.0,11.745859,Somewhat Early,On Time
13.0,13.220684,On Time,On Time
15.0,9.273482,Somewhat Late,On Time
12.0,9.5138445,On Time,On Time
2.0,4.2023926,Very Early,Somewhat Early
26.0,6.0346684,Very Late,Early
24.0,12.344316,Very Late,On Time
7.0,4.529088,Early,Somewhat Early
4.0,5.045148,Somewhat Early,Somewhat Early
6.0,5.2749753,Somewhat Early,Somewhat Early
23.0,14.938014,Very Late,Somewhat Late
10.0,9.764053,On Time,On Time
14.0,15.871298,On Time,Somewhat Late
13.0,14.490398,On Time,Somewhat Late
7.0,7.574218,Early,Early
10.0,7.159398,On Time,Early
17.0,15.1773205,Somewhat Late,Somewhat Late
9.0,6.6654835,Early,Early
16.0,8.992127,Somewhat Late,Early
13.0,14.856782,On Time,Somewhat Late
25.0,18.421648,Very Late,Somewhat Late
4.0,8.97762,Somewhat Early,Early
12.0,8.816226,On Time,Early
6.0,8.612817,Somewhat Early,Early
4.0,3.7996013,Somewhat Early,Somewhat Early
7.0,6.7824516,Early,Early
14.0,7.0989075,On Time,Early
16.0,13.094155,Somewhat Late,On Time
13.0,7.945645,On Time,Early
7.0,7.74533,Early,Early
17.0,10.80184,Somewhat Late,On Time
17.0,18.124157,Somewhat Late,Somewhat Late
7.0,10.823207,Early,On Time
2.0,3.7832808,Very Early,Somewhat Early
12.0,18.652077,On Time,Somewhat Late
13.0,15.773418,On Time,Somewhat Late
5.0,5.8094945,Somewhat Early,Somewhat Early
4.0,3.7952087,Somewhat Early,Somewhat Early
23.0,15.7983055,Very Late,Somewhat Late
5.0,12.1425295,Somewhat Early,On Time
5.0,11.31864,Somewhat Early,On Time
7.0,8.413445,Early,Early
12.0,13.241627,On Time,On Time
17.0,10.788313,Somewhat Late,On Time
19.0,15.586814,Somewhat Late,Somewhat Late
18.0,17.151861,Somewhat Late,Somewhat Late
6.0,7.9997234,Somewhat Early,Early
6.0,9.104057,Somewhat Early,On Time
4.0,9.245098,Somewhat Early,On Time
5.0,9.052357,Somewhat Early,On Time
10.0,13.117264,On Time,On Time
7.0,4.9158397,Early,Somewhat Early
4.0,6.552166,Somewhat Early,Early
18.0,19.022831,Somewhat Late,Somewhat Late
10.0,8.199189,On Time,Early
7.0,8.7219,Early,Early
18.0,11.946806,Somewhat Late,On Time
12.0,15.6148615,On Time,Somewhat Late
6.0,8.3068695,Somewhat Early,Early
11.0,10.554401,On Time,On Time
11.0,11.24359,On Time,On Time
15.0,11.895969,Somewhat Late,On Time
19.0,11.46781,Somewhat Late,On Time
13.0,11.865647,On Time,On Time
3.0,5.11533,Very Early,Somewhat Early
3.0,7.382885,Very Early,Early
14.0,10.989798,On Time,On Time
22.0,18.764809,Very Late,Somewhat Late
25.0,24.612947,Very Late,Very Late
2.0,5.353333,Very Early,Somewhat Early
14.0,14.069312,On Time,Somewhat Late
19.0,15.738736,Somewhat Late,Somewhat Late
4.0,5.9052963,Somewhat Early,Somewhat Early
5.0,9.49047,Somewhat Early,On Time
10.0,3.816934,On Time,Somewhat Early
24.0,20.089628,Very Late,Very Late
3.0,7.083836,Very Early,Early
6.0,3.768553,Somewhat Early,Somewhat Early
4.0,3.917997,Somewhat Early,Somewhat Early
4.0,4.93495,Somewhat Early,Somewhat Early
9.0,8.011194,Early,Early
9.0,7.533222,Early,Early
11.0,3.890969,On Time,Somewhat Early
10.0,9.913391,On Time,On Time
5.0,8.051398,Somewhat Early,Early
13.0,8.686436,On Time,Early
4.0,7.1719685,Somewhat Early,Early
19.0,15.189102,Somewhat Late,Somewhat Late
16.0,10.653418,Somewhat Late,On Time
17.0,12.140812,Somewhat Late,On Time
5.0,6.067957,Somewhat Early,Early
5.0,4.685239,Somewhat Early,Somewhat Early
14.0,9.572419,On Time,On Time
12.0,7.1261663,On Time,Early
7.0,7.234483,Early,Early
8.0,9.593306,Early,On Time
12.0,13.770207,On Time,On Time
13.0,14.084219,On Time,Somewhat Late
10.0,6.07235,On Time,Early
12.0,10.097544,On Time,On Time
6.0,7.8649197,Somewhat Early,Early
14.0,15.750499,On Time,Somewhat Late
4.0,6.247563,Somewhat Early,Early
21.0,11.482534,Very Late,On Time
7.0,11.821721,Early,On Time
22.0,13.884925,Very Late,On Time
2.0,4.8670216,Very Early,Somewhat Early
6.0,5.202694,Somewhat Early,Somewhat Early
21.0,14.412511,Very Late,Somewhat Late
11.0,8.458614,On Time,Early
10.0,10.093111,On Time,On Time
2.0,4.2041416,Very Early,Somewhat Early
6.0,7.248526,Somewhat Early,Early
10.0,10.123348,On Time,On Time
12.0,12.871326,On Time,On Time
20.0,14.521195,Somewhat Late,Somewhat Late
7.0,15.164915,Early,Somewhat Late
17.0,7.3002105,Somewhat Late,Early
15.0,10.420532,Somewhat Late,On Time
5.0,6.183795,Somewhat Early,Early
6.0,8.460738,Somewhat Early,Early
3.0,3.8199856,Very Early,Somewhat Early
26.0,16.448395,Very Late,Somewhat Late
14.0,8.961889,On Time,Early
6.0,5.8937197,Somewhat Early,Somewhat Early
4.0,3.7933502,Somewhat Early,Somewhat Early
15.0,7.444031,Somewhat Late,Early
15.0,6.0060678,Somewhat Late,Early
9.0,9.416274,Early,On Time
6.0,4.1731467,Somewhat Early,Somewhat Early
9.0,9.339528,Early,On Time
7.0,7.627843,Early,Early
5.0,7.6260457,Somewhat Early,Early
3.0,3.8647752,Very Early,Somewhat Early
1.0,3.8137777,Very Early,Somewhat Early
6.0,10.779774,Somewhat Early,On Time
2.0,6.019987,Very Early,Early
8.0,8.375394,Early,Early
11.0,7.8246484,On Time,Early
4.0,4.4049077,Somewhat Early,Somewhat Early
7.0,10.014101,Early,On Time
9.0,7.300894,Early,Early
1.0,5.6951356,Very Early,Somewhat Early
6.0,10.182237,Somewhat Early,On Time
5.0,7.8596973,Somewhat Early,Early
9.0,5.105963,Early,Somewhat Early
9.0,7.5284157,Early,Early
7.0,3.8005414,Early,Somewhat Early
26.0,15.057404,Very Late,Somewhat Late
17.0,9.404839,Somewhat Late,On Time
27.0,21.300604,Very Late,Very Late
4.0,3.7811637,Somewhat Early,Somewhat Early
2.0,3.779149,Very Early,Somewhat Early
13.0,6.759138,On Time,Early
15.0,15.857195,Somewhat Late,Somewhat Late
4.0,3.9490812,Somewhat Early,Somewhat Early
16.0,9.826239,Somewhat Late,On Time
9.0,8.846132,Early,Early
8.0,8.908438,Early,Early
5.0,4.9195547,Somewhat Early,Somewhat Early
27.0,18.459799,Very Late,Somewhat Late
11.0,7.9377284,On Time,Early
3.0,3.82611,Very Early,Somewhat Early
6.0,3.9478152,Somewhat Early,Somewhat Early
3.0,5.2686787,Very Early,Somewhat Early
8.0,8.501349,Early,Early
16.0,15.427668,Somewhat Late,Somewhat Late
10.0,8.137736,On Time,Early
5.0,7.049305,Somewhat Early,Early
7.0,7.496616,Early,Early
7.0,9.1856,Early,On Time
8.0,9.725551,Early,On Time
9.0,4.0156517,Early,Somewhat Early
8.0,5.1388917,Early,Somewhat Early
13.0,15.644306,On Time,Somewhat Late
12.0,13.17373,On Time,On Time
6.0,7.7534842,Somewhat Early,Early
9.0,11.115457,Early,On Time
8.0,11.3773775,Early,On Time
5.0,8.112946,Somewhat Early,Early
5.0,10.641208,Somewhat Early,On Time
16.0,11.648325,Somewhat Late,On Time
3.0,8.168204,Very Early,Early
8.0,8.44581,Early,Early
4.0,6.8807087,Somewhat Early,Early
22.0,16.296965,Very Late,Somewhat Late
15.0,10.799399,Somewhat Late,On Time
8.0,12.428646,Early,On Time
5.0,5.184759,Somewhat Early,Somewhat Early
6.0,10.32182,Somewhat Early,On Time
22.0,18.880173,Very Late,Somewhat Late
3.0,6.775529,Very Early,Early
1.0,3.8312593,Very Early,Somewhat Early
2.0,3.8070803,Very Early,Somewhat Early
6.0,8.201319,Somewhat Early,Early
11.0,5.997325,On Time,Somewhat Early
2.0,5.2932425,Very Early,Somewhat Early
2.0,4.266736,Very Early,Somewhat Early
10.0,8.904233,On Time,Early
10.0,9.094606,On Time,On Time
3.0,6.326928,Very Early,Early
16.0,15.904982,Somewhat Late,Somewhat Late
8.0,4.7132373,Early,Somewhat Early
19.0,10.549271,Somewhat Late,On Time
7.0,7.3018527,Early,Early
6.0,9.436437,Somewhat Early,On Time
11.0,6.9661617,On Time,Early
19.0,7.3579006,Somewhat Late,Early
3.0,8.260534,Very Early,Early
7.0,4.039455,Early,Somewhat Early
8.0,7.302399,Early,Early
15.0,10.761956,Somewhat Late,On Time
23.0,18.966846,Very Late,Somewhat Late
21.0,18.981264,Very Late,Somewhat Late
26.0,22.610073,Very Late,Very Late
12.0,6.6872525,On Time,Early
2.0,4.7120275,Very Early,Somewhat Early
22.0,12.130429,Very Late,On Time
11.0,6.8442993,On Time,Early
13.0,10.00354,On Time,On Time
13.0,10.031436,On Time,On Time
8.0,10.43571,Early,On Time
6.0,8.057624,Somewhat Early,Early
4.0,3.8883471,Somewhat Early,Somewhat Early
9.0,6.291217,Early,Early
3.0,3.8804739,Very Early,Somewhat Early
8.0,9.578294,Early,On Time
5.0,8.467548,Somewhat Early,Early
12.0,9.807283,On Time,On Time
14.0,4.43429,On Time,Somewhat Early
14.0,14.626069,On Time,Somewhat Late
12.0,10.100227,On Time,On Time
17.0,17.46983,Somewhat Late,Somewhat Late
6.0,7.252264,Somewhat Early,Early
18.0,16.465008,Somewhat Late,Somewhat Late
11.0,11.027207,On Time,On Time
12.0,9.171379,On Time,On Time
9.0,8.417874,Early,Early
14.0,15.743801,On Time,Somewhat Late
14.0,7.3004827,On Time,Early
1.0,3.778175,Very Early,Somewhat Early
18.0,13.854839,Somewhat Late,On Time
11.0,7.7629995,On Time,Early
9.0,14.42047,Early,Somewhat Late
14.0,7.767809,On Time,Early
4.0,3.7963815,Somewhat Early,Somewhat Early
6.0,9.615984,Somewhat Early,On Time
11.0,8.5902405,On Time,Early
9.0,5.473255,Early,Somewhat Early
12.0,9.480356,On Time,On Time
3.0,3.8874779,Very Early,Somewhat Early
5.0,18.22638,Somewhat Early,Somewhat Late
7.0,8.431954,Early,Early
2.0,3.9955308,Very Early,Somewhat Early
2.0,3.8138318,Very Early,Somewhat Early
12.0,12.315876,On Time,On Time
7.0,9.34342,Early,On Time
6.0,7.5478187,Somewhat Early,Early
18.0,9.48413,Somewhat Late,On Time
6.0,7.922233,Somewhat Early,Early
8.0,3.9070575,Early,Somewhat Early
8.0,5.7794023,Early,Somewhat Early
6.0,8.635683,Somewhat Early,Early
15.0,10.963465,Somewhat Late,On Time
9.0,9.594042,Early,On Time
11.0,9.5724745,On Time,On Time
9.0,9.2009115,Early,On Time
5.0,8.992435,Somewhat Early,Early
3.0,3.8070889,Very Early,Somewhat Early
7.0,7.8194356,Early,Early
12.0,15.549274,On Time,Somewhat Late
13.0,13.190557,On Time,On Time
17.0,15.300773,Somewhat Late,Somewhat Late
3.0,10.581857,Very Early,On Time
10.0,3.9088178,On Time,Somewhat Early
24.0,19.275415,Very Late,Somewhat Late
16.0,16.978178,Somewhat Late,Somewhat Late
7.0,3.8260918,Early,Somewhat Early
16.0,15.521793,Somewhat Late,Somewhat Late
18.0,17.99377,Somewhat Late,Somewhat Late
10.0,10.348134,On Time,On Time
19.0,19.491909,Somewhat Late,Somewhat Late
3.0,11.910894,Very Early,On Time
9.0,11.976,Early,On Time
5.0,7.651555,Somewhat Early,Early
10.0,13.580921,On Time,On Time
8.0,8.681343,Early,Early
23.0,15.277668,Very Late,Somewhat Late
13.0,14.128733,On Time,Somewhat Late
2.0,3.8068562,Very Early,Somewhat Early
10.0,10.77844,On Time,On Time
7.0,9.058514,Early,On Time
4.0,4.2543836,Somewhat Early,Somewhat Early
16.0,10.949147,Somewhat Late,On Time
22.0,13.901828,Very Late,On Time
3.0,3.7853909,Very Early,Somewhat Early
3.0,6.6851573,Very Early,Early
23.0,15.780655,Very Late,Somewhat Late
10.0,13.377656,On Time,On Time
2.0,3.8436127,Very Early,Somewhat Early
14.0,11.202685,On Time,On Time
10.0,12.879452,On Time,On Time
6.0,6.444462,Somewhat Early,Early
18.0,10.885749,Somewhat Late,On Time
15.0,15.136023,Somewhat Late,Somewhat Late
4.0,7.2334814,Somewhat Early,Early
13.0,7.326879,On Time,Early
7.0,4.108243,Early,Somewhat Early
6.0,5.644844,Somewhat Early,Somewhat Early
4.0,5.3003135,Somewhat Early,Somewhat Early
27.0,19.60212,Very Late,Somewhat Late
10.0,10.4334755,On Time,On Time
20.0,16.697731,Somewhat Late,Somewhat Late
15.0,15.172853,Somewhat Late,Somewhat Late
11.0,9.990122,On Time,On Time
20.0,19.628561,Somewhat Late,Somewhat Late
5.0,7.5330095,Somewhat Early,Early
5.0,8.371018,Somewhat Early,Early
4.0,4.0985518,Somewhat Early,Somewhat Early
7.0,8.0514145,Early,Early
11.0,8.160968,On Time,Early
13.0,9.325839,On Time,On Time
9.0,11.01706,Early,On Time
12.0,10.4161825,On Time,On Time
21.0,23.508423,Very Late,Very Late
12.0,8.085044,On Time,Early
13.0,11.999101,On Time,On Time
7.0,11.886753,Early,On Time
10.0,9.876117,On Time,On Time
5.0,5.4686117,Somewhat Early,Somewhat Early
14.0,12.355383,On Time,On Time
4.0,12.941914,Somewhat Early,On Time
5.0,7.827245,Somewhat Early,Early
7.0,6.065353,Early,Early
24.0,15.34722,Very Late,Somewhat Late
21.0,7.650074,Very Late,Early
10.0,7.8635836,On Time,Early
10.0,8.9559555,On Time,Early
12.0,8.77287,On Time,Early
6.0,4.89715,Somewhat Early,Somewhat Early
3.0,4.1481714,Very Early,Somewhat Early
4.0,5.6595206,Somewhat Early,Somewhat Early
6.0,6.84016,Somewhat Early,Early
13.0,6.336407,On Time,Early
11.0,15.269323,On Time,Somewhat Late
5.0,4.4337173,Somewhat Early,Somewhat Early
12.0,7.417443,On Time,Early
10.0,8.086562,On Time,Early
8.0,5.3597336,Early,Somewhat Early
7.0,7.835161,Early,Early
6.0,5.3938746,Somewhat Early,Somewhat Early
11.0,8.646836,On Time,Early
6.0,7.4931374,Somewhat Early,Early
17.0,10.606638,Somewhat Late,On Time
5.0,8.309928,Somewhat Early,Early
4.0,3.788132,Somewhat Early,Somewhat Early
6.0,5.1089582,Somewhat Early,Somewhat Early
12.0,8.71347,On Time,Early
4.0,3.821921,Somewhat Early,Somewhat Early
10.0,8.391931,On Time,Early
7.0,8.406638,Early,Early
14.0,6.4749236,On Time,Early
20.0,22.490108,Somewhat Late,Very Late
17.0,11.421545,Somewhat Late,On Time
2.0,3.7917335,Very Early,Somewhat Early
4.0,4.1350703,Somewhat Early,Somewhat Early
25.0,12.25507,Very Late,On Time
8.0,7.8756843,Early,Early
9.0,7.5065103,Early,Early
7.0,5.913381,Early,Somewhat Early
2.0,8.236232,Very Early,Early
3.0,9.964964,Very Early,On Time
24.0,22.055042,Very Late,Very Late
8.0,7.048539,Early,Early
4.0,4.6997495,Somewhat Early,Somewhat Early
7.0,4.9423513,Early,Somewhat Early
5.0,18.756413,Somewhat Early,Somewhat Late
6.0,7.3797307,Somewhat Early,Early
28.0,22.4326,Very Late,Very Late
13.0,13.452929,On Time,On Time
7.0,5.800361,Early,Somewhat Early
9.0,12.708529,Early,On Time
6.0,9.583706,Somewhat Early,On Time
16.0,13.841103,Somewhat Late,On Time
23.0,4.747635,Very Late,Somewhat Early
7.0,7.810217,Early,Early
12.0,7.378722,On Time,Early
16.0,8.279904,Somewhat Late,Early
10.0,9.038221,On Time,On Time
13.0,9.769867,On Time,On Time
9.0,10.398654,Early,On Time
15.0,6.3073745,Somewhat Late,Early
13.0,9.553594,On Time,On Time
6.0,10.018011,Somewhat Early,On Time
7.0,7.417522,Early,Early
17.0,19.258472,Somewhat Late,Somewhat Late
11.0,6.1882997,On Time,Early
6.0,5.996701,Somewhat Early,Somewhat Early
6.0,8.801189,Somewhat Early,Early
13.0,13.162075,On Time,On Time
5.0,3.776792,Somewhat Early,Somewhat Early
17.0,8.102653,Somewhat Late,Early
6.0,3.829875,Somewhat Early,Somewhat Early
7.0,10.190414,Early,On Time
6.0,4.8079143,Somewhat Early,Somewhat Early
13.0,12.302117,On Time,On Time
16.0,14.801761,Somewhat Late,Somewhat Late
6.0,3.7869816,Somewhat Early,Somewhat Early
10.0,8.357157,On Time,Early
10.0,7.63175,On Time,Early
13.0,6.058933,On Time,Early
5.0,7.714545,Somewhat Early,Early
2.0,8.021953,Very Early,Early
21.0,21.7024,Very Late,Very Late
4.0,6.1874533,Somewhat Early,Early
3.0,7.7926793,Very Early,Early
8.0,10.153222,Early,On Time
15.0,12.376421,Somewhat Late,On Time
7.0,8.738165,Early,Early
13.0,16.80067,On Time,Somewhat Late
6.0,5.280687,Somewhat Early,Somewhat Early
8.0,9.128384,Early,On Time
12.0,13.039788,On Time,On Time
12.0,8.58881,On Time,Early
27.0,15.561762,Very Late,Somewhat Late
4.0,4.3997355,Somewhat Early,Somewhat Early
13.0,11.191778,On Time,On Time
6.0,5.3528023,Somewhat Early,Somewhat Early
12.0,6.5566983,On Time,Early
10.0,9.955832,On Time,On Time
9.0,15.339343,Early,Somewhat Late
7.0,7.674961,Early,Early
4.0,7.93279,Somewhat Early,Early
5.0,11.169722,Somewhat Early,On Time
18.0,16.889252,Somewhat Late,Somewhat Late
4.0,4.1785755,Somewhat Early,Somewhat Early
8.0,5.265611,Early,Somewhat Early
9.0,15.342649,Early,Somewhat Late
14.0,10.571703,On Time,On Time
13.0,14.174417,On Time,Somewhat Late
3.0,7.4340105,Very Early,Early
6.0,8.752341,Somewhat Early,Early
3.0,3.7936294,Very Early,Somewhat Early
6.0,7.751274,Somewhat Early,Early
21.0,20.257969,Very Late,Very Late
8.0,6.6605115,Early,Early
1.0,3.8044791,Very Early,Somewhat Early
6.0,6.950686,Somewhat Early,Early
3.0,4.6258855,Very Early,Somewhat Early
13.0,21.971577,On Time,Very Late
19.0,14.1782465,Somewhat Late,Somewhat Late
13.0,8.087989,On Time,Early
9.0,7.1422086,Early,Early
7.0,7.447879,Early,Early
5.0,6.1081524,Somewhat Early,Early
10.0,7.399979,On Time,Early
8.0,6.2530556,Early,Early
7.0,5.130891,Early,Somewhat Early
7.0,7.1215706,Early,Early
24.0,12.386844,Very Late,On Time
9.0,7.1375623,Early,Early
14.0,13.808338,On Time,On Time
7.0,9.123751,Early,On Time
4.0,3.8077264,Somewhat Early,Somewhat Early
14.0,12.283881,On Time,On Time
14.0,8.1191635,On Time,Early
12.0,7.382302,On Time,Early
28.0,20.590694,Very Late,Very Late
7.0,13.059657,Early,On Time
4.0,4.2990923,Somewhat Early,Somewhat Early
13.0,15.489802,On Time,Somewhat Late
10.0,11.489863,On Time,On Time
2.0,4.253545,Very Early,Somewhat Early
22.0,13.217138,Very Late,On Time
15.0,9.867699,Somewhat Late,On Time
6.0,8.28394,Somewhat Early,Early
6.0,5.6391435,Somewhat Early,Somewhat Early
12.0,9.084658,On Time,On Time
24.0,25.592571,Very Late,Very Late
5.0,3.7988007,Somewhat Early,Somewhat Early
8.0,5.7794023,Early,Somewhat Early
5.0,4.8084054,Somewhat Early,Somewhat Early
9.0,5.466869,Early,Somewhat Early
11.0,8.882285,On Time,Early
4.0,9.940886,Somewhat Early,On Time
9.0,8.089087,Early,Early
7.0,5.8672495,Early,Somewhat Early
14.0,13.76959,On Time,On Time
16.0,15.823638,Somewhat Late,Somewhat Late
9.0,7.670184,Early,Early
7.0,3.8729916,Early,Somewhat Early
13.0,8.74781,On Time,Early
11.0,7.5535088,On Time,Early
9.0,6.7473083,Early,Early
3.0,4.958294,Very Early,Somewhat Early
27.0,23.988094,Very Late,Very Late
13.0,11.976,On Time,On Time
9.0,13.15481,Early,On Time
21.0,10.53205,Very Late,On Time
16.0,11.351254,Somewhat Late,On Time
6.0,13.481059,Somewhat Early,On Time
5.0,7.415391,Somewhat Early,Early
8.0,5.861323,Early,Somewhat Early
7.0,7.9887843,Early,Early
12.0,4.85102,On Time,Somewhat Early
22.0,17.354307,Very Late,Somewhat Late
6.0,6.7031813,Somewhat Early,Early
5.0,5.7813625,Somewhat Early,Somewhat Early
27.0,17.436888,Very Late,Somewhat Late
5.0,3.8427114,Somewhat Early,Somewhat Early
8.0,9.306975,Early,On Time
11.0,8.011968,On Time,Early
3.0,4.2096205,Very Early,Somewhat Early
5.0,4.398527,Somewhat Early,Somewhat Early
7.0,9.034797,Early,On Time
14.0,8.837097,On Time,Early
13.0,12.982887,On Time,On Time
5.0,5.999319,Somewhat Early,Somewhat Early
11.0,6.5610404,On Time,Early
5.0,3.9582899,Somewhat Early,Somewhat Early
8.0,8.573755,Early,Early
7.0,8.557113,Early,Early
11.0,8.233764,On Time,Early
7.0,11.557195,Early,On Time
2.0,7.3863554,Very Early,Early
6.0,5.151802,Somewhat Early,Somewhat Early
13.0,8.859349,On Time,Early
14.0,7.264194,On Time,Early
11.0,10.813241,On Time,On Time
7.0,8.32389,Early,Early
5.0,6.631923,Somewhat Early,Early
5.0,3.8052115,Somewhat Early,Somewhat Early
18.0,12.5285015,Somewhat Late,On Time
13.0,9.765477,On Time,On Time
2.0,8.754108,Very Early,Early
5.0,3.7918875,Somewhat Early,Somewhat Early
3.0,7.06227,Very Early,Early
8.0,5.7038465,Early,Somewhat Early
11.0,14.683066,On Time,Somewhat Late
26.0,14.726467,Very Late,Somewhat Late
5.0,4.606212,Somewhat Early,Somewhat Early
2.0,4.790795,Very Early,Somewhat Early
22.0,17.216772,Very Late,Somewhat Late
2.0,4.9198995,Very Early,Somewhat Early
15.0,5.944837,Somewhat Late,Somewhat Early
7.0,7.034115,Early,Early
11.0,16.060295,On Time,Somewhat Late
13.0,15.393228,On Time,Somewhat Late
12.0,13.375162,On Time,On Time
4.0,7.1178713,Somewhat Early,Early
7.0,6.9131403,Early,Early
9.0,8.884962,Early,Early
12.0,8.033385,On Time,Early
5.0,9.917386,Somewhat Early,On Time
8.0,6.969127,Early,Early
17.0,16.028866,Somewhat Late,Somewhat Late
12.0,15.12886,On Time,Somewhat Late
9.0,8.346542,Early,Early
19.0,16.584276,Somewhat Late,Somewhat Late
10.0,8.20061,On Time,Early
3.0,3.940879,Very Early,Somewhat Early
18.0,7.2182994,Somewhat Late,Early
4.0,5.990392,Somewhat Early,Somewhat Early
23.0,21.414036,Very Late,Very Late
10.0,10.009605,On Time,On Time
4.0,4.901146,Somewhat Early,Somewhat Early
3.0,8.789337,Very Early,Early
2.0,6.557001,Very Early,Early
6.0,10.124235,Somewhat Early,On Time
1.0,3.9238954,Very Early,Somewhat Early
8.0,8.808441,Early,Early
16.0,10.916043,Somewhat Late,On Time
4.0,3.7843902,Somewhat Early,Somewhat Early
4.0,7.1186028,Somewhat Early,Early
8.0,6.919842,Early,Early
10.0,15.193207,On Time,Somewhat Late
13.0,13.18476,On Time,On Time
12.0,13.420736,On Time,On Time
7.0,3.8132737,Early,Somewhat Early
15.0,12.806563,Somewhat Late,On Time
15.0,18.078068,Somewhat Late,Somewhat Late
13.0,14.435172,On Time,Somewhat Late
5.0,6.6847897,Somewhat Early,Early
12.0,10.056214,On Time,On Time
10.0,13.589287,On Time,On Time
9.0,7.9033403,Early,Early
2.0,3.78345,Very Early,Somewhat Early
14.0,14.602282,On Time,Somewhat Late
8.0,13.219401,Early,On Time
11.0,17.692272,On Time,Somewhat Late
3.0,5.99503,Very Early,Somewhat Early
21.0,19.182625,Very Late,Somewhat Late
14.0,10.470541,On Time,On Time
6.0,4.6207337,Somewhat Early,Somewhat Early
10.0,8.637752,On Time,Early
8.0,10.953441,Early,On Time
22.0,16.594084,Very Late,Somewhat Late
9.0,6.7343125,Early,Early
17.0,14.810022,Somewhat Late,Somewhat Late
5.0,3.8396285,Somewhat Early,Somewhat Early
5.0,5.254646,Somewhat Early,Somewhat Early
6.0,8.3075905,Somewhat Early,Early
18.0,7.593596,Somewhat Late,Early
8.0,8.046033,Early,Early
13.0,7.6081038,On Time,Early
8.0,11.540798,Early,On Time
2.0,4.842985,Very Early,Somewhat Early
8.0,10.1656685,Early,On Time
8.0,7.8439846,Early,Early
4.0,3.7886565,Somewhat Early,Somewhat Early
6.0,7.7361364,Somewhat Early,Early
12.0,11.0698595,On Time,On Time
7.0,7.924544,Early,Early
18.0,14.360851,Somewhat Late,Somewhat Late
17.0,15.250903,Somewhat Late,Somewhat Late
6.0,10.136097,Somewhat Early,On Time
12.0,9.765316,On Time,On Time
7.0,8.882362,Early,Early
17.0,8.5023575,Somewhat Late,Early
16.0,13.286078,Somewhat Late,On Time
8.0,6.0144124,Early,Early
6.0,11.362683,Somewhat Early,On Time
7.0,12.607394,Early,On Time
20.0,4.1959705,Somewhat Late,Somewhat Early
10.0,8.880467,On Time,Early
9.0,7.9151926,Early,Early
8.0,8.236874,Early,Early
9.0,11.871198,Early,On Time
6.0,8.690102,Somewhat Early,Early
2.0,3.803994,Very Early,Somewhat Early
12.0,13.657271,On Time,On Time
7.0,7.4060473,Early,Early
3.0,3.7763186,Very Early,Somewhat Early
9.0,4.139541,Early,Somewhat Early
10.0,8.231442,On Time,Early
10.0,8.082944,On Time,Early
3.0,7.4718256,Very Early,Early
5.0,3.7892265,Somewhat Early,Somewhat Early
7.0,8.599329,Early,Early
9.0,13.151142,Early,On Time
7.0,6.504709,Early,Early
8.0,7.732845,Early,Early
17.0,14.150963,Somewhat Late,Somewhat Late
14.0,8.170088,On Time,Early
15.0,12.173026,Somewhat Late,On Time
13.0,14.0213375,On Time,Somewhat Late
21.0,18.33813,Very Late,Somewhat Late
14.0,11.5453415,On Time,On Time
12.0,16.242249,On Time,Somewhat Late
25.0,17.4062,Very Late,Somewhat Late
8.0,6.15151,Early,Early
8.0,7.824162,Early,Early
4.0,9.632782,Somewhat Early,On Time
15.0,7.9430513,Somewhat Late,Early
3.0,4.219461,Very Early,Somewhat Early
9.0,8.831581,Early,Early
12.0,8.346704,On Time,Early
8.0,7.8516316,Early,Early
7.0,8.312408,Early,Early
4.0,7.4260945,Somewhat Early,Early
8.0,10.430644,Early,On Time
10.0,7.7229624,On Time,Early
19.0,13.475326,Somewhat Late,On Time
15.0,15.454983,Somewhat Late,Somewhat Late
6.0,7.9743166,Somewhat Early,Early
4.0,5.815088,Somewhat Early,Somewhat Early
12.0,7.1882734,On Time,Early
15.0,15.611252,Somewhat Late,Somewhat Late
9.0,13.54064,Early,On Time
22.0,9.662365,Very Late,On Time
8.0,8.521246,Early,Early
4.0,9.908735,Somewhat Early,On Time
28.0,21.373335,Very Late,Very Late
16.0,9.279996,Somewhat Late,On Time
4.0,7.3733253,Somewhat Early,Early
7.0,7.8729753,Early,Early
24.0,23.215117,Very Late,Very Late
7.0,6.15208,Early,Early
11.0,11.499431,On Time,On Time
6.0,8.923379,Somewhat Early,Early
3.0,7.8053355,Very Early,Early
1.0,6.210914,Very Early,Early
10.0,8.215692,On Time,Early
10.0,14.753805,On Time,Somewhat Late
2.0,3.873492,Very Early,Somewhat Early
8.0,16.309216,Early,Somewhat Late
14.0,12.73358,On Time,On Time
13.0,7.723125,On Time,Early
13.0,13.504504,On Time,On Time
12.0,13.559585,On Time,On Time
11.0,7.173819,On Time,Early
10.0,6.940516,On Time,Early
2.0,4.8577714,Very Early,Somewhat Early
4.0,4.2019057,Somewhat Early,Somewhat Early
7.0,8.972144,Early,Early
5.0,7.333141,Somewhat Early,Early
8.0,3.906949,Early,Somewhat Early
16.0,15.893499,Somewhat Late,Somewhat Late
8.0,11.084335,Early,On Time
8.0,3.8071082,Early,Somewhat Early
14.0,8.915895,On Time,Early
7.0,8.870335,Early,Early
5.0,10.929994,Somewhat Early,On Time
7.0,3.8135886,Early,Somewhat Early
11.0,9.653634,On Time,On Time
5.0,3.7860856,Somewhat Early,Somewhat Early
5.0,6.676686,Somewhat Early,Early
4.0,3.9500413,Somewhat Early,Somewhat Early
10.0,9.748834,On Time,On Time
16.0,17.98529,Somewhat Late,Somewhat Late
4.0,7.682421,Somewhat Early,Early
8.0,9.671503,Early,On Time
9.0,11.707768,Early,On Time
16.0,13.149784,Somewhat Late,On Time
5.0,4.179673,Somewhat Early,Somewhat Early
11.0,8.207093,On Time,Early
3.0,8.217635,Very Early,Early
20.0,10.869919,Somewhat Late,On Time
5.0,9.187453,Somewhat Early,On Time
14.0,12.988454,On Time,On Time
12.0,10.636827,On Time,On Time
8.0,6.937253,Early,Early
19.0,8.495123,Somewhat Late,Early
3.0,6.7777343,Very Early,Early
7.0,7.982535,Early,Early
18.0,13.268097,Somewhat Late,On Time
3.0,3.8280988,Very Early,Somewhat Early
10.0,10.885788,On Time,On Time
12.0,11.792354,On Time,On Time
18.0,15.289473,Somewhat Late,Somewhat Late
8.0,9.920072,Early,On Time
9.0,8.726078,Early,Early
18.0,21.136013,Somewhat Late,Very Late
4.0,4.2946744,Somewhat Early,Somewhat Early
24.0,4.302635,Very Late,Somewhat Early
19.0,19.47429,Somewhat Late,Somewhat Late
20.0,14.05151,Somewhat Late,Somewhat Late
5.0,8.504501,Somewhat Early,Early
3.0,4.5014715,Very Early,Somewhat Early
8.0,7.7013493,Early,Early
12.0,9.109823,On Time,On Time
16.0,15.352644,Somewhat Late,Somewhat Late
6.0,6.205639,Somewhat Early,Early
16.0,17.90579,Somewhat Late,Somewhat Late
6.0,9.273577,Somewhat Early,On Time
7.0,8.070194,Early,Early
7.0,12.976038,Early,On Time
5.0,11.594346,Somewhat Early,On Time
14.0,14.018458,On Time,Somewhat Late
8.0,7.3383865,Early,Early
11.0,8.783825,On Time,Early
6.0,9.190521,Somewhat Early,On Time
8.0,6.050455,Early,Early
8.0,7.960637,Early,Early
8.0,6.7188673,Early,Early
27.0,8.627977,Very Late,Early
4.0,3.8364654,Somewhat Early,Somewhat Early
15.0,6.5145636,Somewhat Late,Early
7.0,7.794445,Early,Early
11.0,7.0572624,On Time,Early
4.0,3.8885064,Somewhat Early,Somewhat Early
6.0,5.0513973,Somewhat Early,Somewhat Early
21.0,19.987265,Very Late,Somewhat Late
2.0,4.3836536,Very Early,Somewhat Early
8.0,11.15877,Early,On Time
22.0,19.735851,Very Late,Somewhat Late
4.0,7.7784004,Somewhat Early,Early
14.0,10.997428,On Time,On Time
12.0,12.999294,On Time,On Time
7.0,4.59539,Early,Somewhat Early
6.0,8.224571,Somewhat Early,Early
3.0,8.414788,Very Early,Early
6.0,7.8745594,Somewhat Early,Early
3.0,3.824261,Very Early,Somewhat Early
18.0,11.791761,Somewhat Late,On Time
9.0,10.5708685,Early,On Time
6.0,4.0655584,Somewhat Early,Somewhat Early
18.0,13.438132,Somewhat Late,On Time
8.0,8.595669,Early,Early
9.0,20.545488,Early,Very Late
10.0,9.519818,On Time,On Time
20.0,18.632473,Somewhat Late,Somewhat Late
14.0,5.9954114,On Time,Somewhat Early
9.0,14.3946705,Early,Somewhat Late
20.0,11.723991,Somewhat Late,On Time
15.0,11.715324,Somewhat Late,On Time
2.0,7.0391645,Very Early,Early
18.0,13.555927,Somewhat Late,On Time
5.0,4.1130733,Somewhat Early,Somewhat Early
9.0,9.637988,Early,On Time
12.0,9.807333,On Time,On Time
12.0,13.570515,On Time,On Time
4.0,3.799108,Somewhat Early,Somewhat Early
2.0,5.794931,Very Early,Somewhat Early
9.0,8.90267,Early,Early
11.0,9.442923,On Time,On Time
5.0,5.720022,Somewhat Early,Somewhat Early
2.0,7.1229877,Very Early,Early
8.0,10.2818165,Early,On Time
14.0,7.75354,On Time,Early
20.0,8.649658,Somewhat Late,Early
14.0,17.053358,On Time,Somewhat Late
13.0,8.167564,On Time,Early
3.0,4.8235292,Very Early,Somewhat Early
4.0,4.3244176,Somewhat Early,Somewhat Early
3.0,6.3135204,Very Early,Early
6.0,3.7689657,Somewhat Early,Somewhat Early
5.0,3.7933478,Somewhat Early,Somewhat Early
12.0,12.18188,On Time,On Time
9.0,9.974735,Early,On Time
6.0,11.646469,Somewhat Early,On Time
20.0,10.228909,Somewhat Late,On Time
13.0,14.799381,On Time,Somewhat Late
12.0,7.233373,On Time,Early
7.0,6.09429,Early,Early
3.0,7.1808977,Very Early,Early
6.0,6.4175296,Somewhat Early,Early
17.0,17.247128,Somewhat Late,Somewhat Late
4.0,3.8655207,Somewhat Early,Somewhat Early
17.0,19.232569,Somewhat Late,Somewhat Late
7.0,5.099229,Early,Somewhat Early
22.0,21.334787,Very Late,Very Late
10.0,13.883771,On Time,On Time
6.0,7.098071,Somewhat Early,Early
12.0,8.430524,On Time,Early
16.0,8.132274,Somewhat Late,Early
5.0,3.852914,Somewhat Early,Somewhat Early
17.0,8.680332,Somewhat Late,Early
13.0,9.600378,On Time,On Time
10.0,11.267173,On Time,On Time
3.0,8.067105,Very Early,Early
10.0,9.504131,On Time,On Time
11.0,12.171778,On Time,On Time
8.0,8.999495,Early,Early
5.0,4.520321,Somewhat Early,Somewhat Early
3.0,7.664911,Very Early,Early
5.0,4.549273,Somewhat Early,Somewhat Early
24.0,15.86622,Very Late,Somewhat Late
5.0,6.222403,Somewhat Early,Early
8.0,9.363863,Early,On Time
8.0,11.017265,Early,On Time
17.0,10.689941,Somewhat Late,On Time
9.0,8.058966,Early,Early
16.0,14.424676,Somewhat Late,Somewhat Late
26.0,22.866192,Very Late,Very Late
6.0,6.2658224,Somewhat Early,Early
7.0,6.0221667,Early,Early
8.0,9.018174,Early,On Time
12.0,8.381419,On Time,Early
10.0,6.4704733,On Time,Early
12.0,11.931439,On Time,On Time
8.0,6.027617,Early,Early
14.0,10.718393,On Time,On Time
12.0,10.824751,On Time,On Time
11.0,7.9629083,On Time,Early
6.0,3.806134,Somewhat Early,Somewhat Early
19.0,8.504592,Somewhat Late,Early
10.0,9.799513,On Time,On Time
10.0,8.647554,On Time,Early
19.0,17.481028,Somewhat Late,Somewhat Late
5.0,7.5100164,Somewhat Early,Early
12.0,6.759862,On Time,Early
14.0,14.975012,On Time,Somewhat Late
6.0,16.040058,Somewhat Early,Somewhat Late
24.0,15.813259,Very Late,Somewhat Late
21.0,14.158757,Very Late,Somewhat Late
24.0,23.739796,Very Late,Very Late
7.0,6.4013567,Early,Early
27.0,19.978615,Very Late,Somewhat Late
10.0,9.112376,On Time,On Time
6.0,4.087826,Somewhat Early,Somewhat Early
8.0,7.398024,Early,Early
7.0,10.010455,Early,On Time
3.0,3.775034,Very Early,Somewhat Early
4.0,3.767852,Somewhat Early,Somewhat Early
15.0,11.374199,Somewhat Late,On Time
2.0,5.402846,Very Early,Somewhat Early
14.0,16.546251,On Time,Somewhat Late
5.0,3.777203,Somewhat Early,Somewhat Early
2.0,3.870061,Very Early,Somewhat Early
12.0,10.32334,On Time,On Time
7.0,8.416132,Early,Early
6.0,4.139521,Somewhat Early,Somewhat Early
1.0,3.8430824,Very Early,Somewhat Early
6.0,9.286731,Somewhat Early,On Time
6.0,7.9198294,Somewhat Early,Early
14.0,12.116523,On Time,On Time
10.0,9.229198,On Time,On Time
12.0,9.612349,On Time,On Time
15.0,11.780904,Somewhat Late,On Time
7.0,10.086975,Early,On Time
1.0,8.539958,Very Early,Early
7.0,7.4324417,Early,Early
10.0,11.249537,On Time,On Time
11.0,10.928084,On Time,On Time
6.0,6.5525208,Somewhat Early,Early
5.0,3.8100262,Somewhat Early,Somewhat Early
13.0,8.091423,On Time,Early
2.0,3.788686,Very Early,Somewhat Early
13.0,8.602296,On Time,Early
2.0,4.7963357,Very Early,Somewhat Early
9.0,11.600198,Early,On Time
9.0,7.404325,Early,Early
9.0,7.1715946,Early,Early
23.0,15.390215,Very Late,Somewhat Late
9.0,14.088909,Early,Somewhat Late
12.0,14.957872,On Time,Somewhat Late
6.0,5.0896444,Somewhat Early,Somewhat Early
7.0,9.640809,Early,On Time
16.0,9.791422,Somewhat Late,On Time
2.0,6.015069,Very Early,Early
4.0,6.090188,Somewhat Early,Early
5.0,13.1973,Somewhat Early,On Time
9.0,4.6826525,Early,Somewhat Early
6.0,5.7482576,Somewhat Early,Somewhat Early
6.0,9.695043,Somewhat Early,On Time
5.0,15.600162,Somewhat Early,Somewhat Late
8.0,8.410572,Early,Early
10.0,7.966595,On Time,Early
14.0,10.586828,On Time,On Time
7.0,10.276433,Early,On Time
10.0,4.5160027,On Time,Somewhat Early
6.0,7.772898,Somewhat Early,Early
11.0,10.628175,On Time,On Time
8.0,10.219099,Early,On Time
26.0,17.501032,Very Late,Somewhat Late
11.0,7.945727,On Time,Early
27.0,23.394554,Very Late,Very Late
9.0,7.572639,Early,Early
18.0,12.984753,Somewhat Late,On Time
7.0,5.238018,Early,Somewhat Early
11.0,10.66576,On Time,On Time
7.0,8.4803505,Early,Early
4.0,9.065224,Somewhat Early,On Time
4.0,4.262372,Somewhat Early,Somewhat Early
4.0,3.7874002,Somewhat Early,Somewhat Early
7.0,8.8089075,Early,Early
13.0,7.835251,On Time,Early
7.0,4.0343833,Early,Somewhat Early
13.0,5.7968845,On Time,Somewhat Early
12.0,7.941471,On Time,Early
4.0,10.458921,Somewhat Early,On Time
12.0,9.800219,On Time,On Time
4.0,7.0997243,Somewhat Early,Early
19.0,16.880816,Somewhat Late,Somewhat Late
19.0,11.74723,Somewhat Late,On Time
3.0,7.6402016,Very Early,Early
15.0,10.095306,Somewhat Late,On Time
18.0,10.219346,Somewhat Late,On Time
10.0,7.4711103,On Time,Early
11.0,5.402098,On Time,Somewhat Early
11.0,11.142107,On Time,On Time
3.0,3.790347,Very Early,Somewhat Early
10.0,3.8576772,On Time,Somewhat Early
3.0,8.669574,Very Early,Early
12.0,10.472207,On Time,On Time
22.0,19.905415,Very Late,Somewhat Late
9.0,7.238798,Early,Early
1.0,4.072372,Very Early,Somewhat Early
6.0,10.289057,Somewhat Early,On Time
11.0,9.093925,On Time,On Time
13.0,8.52136,On Time,Early
1.0,17.498575,Very Early,Somewhat Late
14.0,9.97343,On Time,On Time
6.0,6.9838023,Somewhat Early,Early
6.0,8.281265,Somewhat Early,Early
2.0,6.910558,Very Early,Early
17.0,15.924993,Somewhat Late,Somewhat Late
16.0,14.280489,Somewhat Late,Somewhat Late
8.0,15.883892,Early,Somewhat Late
10.0,13.160812,On Time,On Time
8.0,16.113482,Early,Somewhat Late
10.0,9.9183035,On Time,On Time
11.0,8.694769,On Time,Early
4.0,3.790486,Somewhat Early,Somewhat Early
10.0,7.931617,On Time,Early
2.0,4.48725,Very Early,Somewhat Early
27.0,15.8315735,Very Late,Somewhat Late
2.0,3.7847974,Very Early,Somewhat Early
6.0,7.270814,Somewhat Early,Early
7.0,4.8153563,Early,Somewhat Early
14.0,9.998898,On Time,On Time
9.0,7.818292,Early,Early
7.0,11.936363,Early,On Time
14.0,10.793435,On Time,On Time
6.0,8.703787,Somewhat Early,Early
9.0,8.037173,Early,Early
7.0,8.2264,Early,Early
11.0,7.6911716,On Time,Early
5.0,8.180444,Somewhat Early,Early
9.0,8.7069,Early,Early
11.0,12.295684,On Time,On Time
6.0,8.590515,Somewhat Early,Early
6.0,15.907287,Somewhat Early,Somewhat Late
4.0,7.5225906,Somewhat Early,Early
5.0,9.400714,Somewhat Early,On Time
21.0,18.56581,Very Late,Somewhat Late
13.0,13.218945,On Time,On Time
3.0,4.4981523,Very Early,Somewhat Early
7.0,5.8166614,Early,Somewhat Early
8.0,12.184975,Early,On Time
6.0,6.795558,Somewhat Early,Early
4.0,7.539981,Somewhat Early,Early
8.0,9.875235,Early,On Time
1.0,3.9693122,Very Early,Somewhat Early
18.0,18.003698,Somewhat Late,Somewhat Late
11.0,8.801159,On Time,Early
12.0,12.144963,On Time,On Time
12.0,8.23285,On Time,Early
5.0,10.961421,Somewhat Early,On Time
15.0,14.2602,Somewhat Late,Somewhat Late
8.0,10.029572,Early,On Time
5.0,6.3866677,Somewhat Early,Early
11.0,8.012504,On Time,Early
19.0,9.173231,Somewhat Late,On Time
9.0,8.473984,Early,Early
8.0,8.567777,Early,Early
3.0,11.04522,Very Early,On Time
15.0,15.356687,Somewhat Late,Somewhat Late
11.0,11.710793,On Time,On Time
14.0,8.924168,On Time,Early
10.0,5.0722775,On Time,Somewhat Early
14.0,9.254842,On Time,On Time
21.0,20.617857,Very Late,Very Late
12.0,6.9375124,On Time,Early
13.0,8.06041,On Time,Early
13.0,7.0280533,On Time,Early
5.0,7.305479,Somewhat Early,Early
13.0,11.152034,On Time,On Time
7.0,8.078672,Early,Early
6.0,7.7990255,Somewhat Early,Early
7.0,6.787692,Early,Early
1.0,3.7926514,Very Early,Somewhat Early
4.0,4.0945444,Somewhat Early,Somewhat Early
7.0,4.6380324,Early,Somewhat Early
12.0,7.445591,On Time,Early
7.0,4.747282,Early,Somewhat Early
2.0,3.776984,Very Early,Somewhat Early
10.0,7.5723305,On Time,Early
6.0,7.308666,Somewhat Early,Early
8.0,7.4205437,Early,Early
2.0,3.847469,Very Early,Somewhat Early
15.0,13.234646,Somewhat Late,On Time
1.0,13.347191,Very Early,On Time
3.0,3.912022,Very Early,Somewhat Early
13.0,9.27987,On Time,On Time
14.0,11.544197,On Time,On Time
12.0,16.037111,On Time,Somewhat Late
7.0,8.51906,Early,Early
15.0,16.971304,Somewhat Late,Somewhat Late
15.0,14.004276,Somewhat Late,Somewhat Late
9.0,6.265976,Early,Early
7.0,8.624518,Early,Early
6.0,3.7850199,Somewhat Early,Somewhat Early
9.0,11.327967,Early,On Time
13.0,8.818735,On Time,Early
14.0,10.685532,On Time,On Time
15.0,6.66274,Somewhat Late,Early
8.0,8.378382,Early,Early
11.0,13.51579,On Time,On Time
9.0,10.331585,Early,On Time
12.0,13.113509,On Time,On Time
14.0,11.330263,On Time,On Time
4.0,10.176399,Somewhat Early,On Time
6.0,6.6933613,Somewhat Early,Early
13.0,7.937578,On Time,Early
7.0,4.6430054,Early,Somewhat Early
5.0,4.9752803,Somewhat Early,Somewhat Early
2.0,4.6946025,Very Early,Somewhat Early
4.0,3.8552372,Somewhat Early,Somewhat Early
20.0,9.022188,Somewhat Late,On Time
24.0,16.080523,Very Late,Somewhat Late
9.0,4.8020406,Early,Somewhat Early
17.0,11.882271,Somewhat Late,On Time
11.0,11.250635,On Time,On Time
9.0,11.368315,Early,On Time
19.0,14.831644,Somewhat Late,Somewhat Late
3.0,7.1998997,Very Early,Early
8.0,9.814478,Early,On Time
1.0,7.9905186,Very Early,Early
5.0,8.07115,Somewhat Early,Early
12.0,14.726007,On Time,Somewhat Late
7.0,10.6396055,Early,On Time
10.0,6.530563,On Time,Early
8.0,4.1542034,Early,Somewhat Early
17.0,18.445698,Somewhat Late,Somewhat Late
19.0,21.242973,Somewhat Late,Very Late
8.0,5.4414907,Early,Somewhat Early
16.0,13.125151,Somewhat Late,On Time
10.0,9.757689,On Time,On Time
5.0,14.923261,Somewhat Early,Somewhat Late
22.0,21.37232,Very Late,Very Late
16.0,6.7371516,Somewhat Late,Early
21.0,10.902024,Very Late,On Time
11.0,9.117022,On Time,On Time
20.0,9.683636,Somewhat Late,On Time
6.0,12.687817,Somewhat Early,On Time
13.0,9.865912,On Time,On Time
7.0,7.274728,Early,Early
4.0,3.8154533,Somewhat Early,Somewhat Early
10.0,12.656119,On Time,On Time
12.0,8.101294,On Time,Early
8.0,3.7902603,Early,Somewhat Early
3.0,4.076592,Very Early,Somewhat Early
2.0,3.7987263,Very Early,Somewhat Early
3.0,3.8443046,Very Early,Somewhat Early
9.0,9.848743,Early,On Time
7.0,8.626554,Early,Early
17.0,15.986058,Somewhat Late,Somewhat Late
9.0,10.893314,Early,On Time
9.0,6.983045,Early,Early
12.0,12.385298,On Time,On Time
8.0,8.593327,Early,Early
27.0,22.603045,Very Late,Very Late
5.0,5.157087,Somewhat Early,Somewhat Early
14.0,9.730526,On Time,On Time
6.0,10.502542,Somewhat Early,On Time
13.0,8.8720045,On Time,Early
5.0,9.907861,Somewhat Early,On Time
9.0,11.691706,Early,On Time
26.0,14.939065,Very Late,Somewhat Late
7.0,5.440753,Early,Somewhat Early
10.0,14.628227,On Time,Somewhat Late
9.0,8.758226,Early,Early
5.0,7.336565,Somewhat Early,Early
2.0,3.7930324,Very Early,Somewhat Early
3.0,9.235895,Very Early,On Time
8.0,8.029689,Early,Early
5.0,4.167813,Somewhat Early,Somewhat Early
10.0,11.210791,On Time,On Time
13.0,12.189649,On Time,On Time
1.0,4.3257213,Very Early,Somewhat Early
13.0,11.663419,On Time,On Time
6.0,5.092053,Somewhat Early,Somewhat Early
12.0,5.5813136,On Time,Somewhat Early
5.0,8.280837,Somewhat Early,Early
8.0,6.951415,Early,Early
8.0,11.3600025,Early,On Time
4.0,8.358307,Somewhat Early,Early
5.0,7.857255,Somewhat Early,Early
16.0,8.757285,Somewhat Late,Early
18.0,6.5951557,Somewhat Late,Early
10.0,5.311789,On Time,Somewhat Early
9.0,9.427894,Early,On Time
12.0,11.897937,On Time,On Time
2.0,4.038614,Very Early,Somewhat Early
10.0,10.013638,On Time,On Time
13.0,10.349496,On Time,On Time
8.0,8.031643,Early,Early
11.0,8.709805,On Time,Early
3.0,4.363523,Very Early,Somewhat Early
5.0,7.5254335,Somewhat Early,Early
6.0,3.9135332,Somewhat Early,Somewhat Early
6.0,7.1241293,Somewhat Early,Early
14.0,11.611768,On Time,On Time
2.0,4.428615,Very Early,Somewhat Early
22.0,14.649214,Very Late,Somewhat Late
28.0,8.9278145,Very Late,Early
12.0,10.354238,On Time,On Time
11.0,10.590146,On Time,On Time
1.0,3.852477,Very Early,Somewhat Early
9.0,13.661459,Early,On Time
4.0,4.1420555,Somewhat Early,Somewhat Early
10.0,10.722555,On Time,On Time
12.0,9.188038,On Time,On Time
7.0,3.7891939,Early,Somewhat Early
15.0,8.961026,Somewhat Late,Early
3.0,4.4731536,Very Early,Somewhat Early
9.0,7.4342804,Early,Early
14.0,18.449389,On Time,Somewhat Late
5.0,5.436623,Somewhat Early,Somewhat Early
11.0,7.512218,On Time,Early
13.0,10.0547905,On Time,On Time
4.0,6.8392234,Somewhat Early,Early
10.0,15.791877,On Time,Somewhat Late
13.0,10.499735,On Time,On Time
1.0,5.376287,Very Early,Somewhat Early
4.0,6.223648,Somewhat Early,Early
11.0,8.557015,On Time,Early
25.0,12.266327,Very Late,On Time
5.0,4.9141297,Somewhat Early,Somewhat Early
7.0,9.41673,Early,On Time
13.0,5.5652676,On Time,Somewhat Early
12.0,11.45668,On Time,On Time
2.0,5.0388794,Very Early,Somewhat Early
10.0,7.4769125,On Time,Early
11.0,7.453842,On Time,Early
5.0,13.884575,Somewhat Early,On Time
6.0,6.682544,Somewhat Early,Early
14.0,9.727326,On Time,On Time
28.0,18.24834,Very Late,Somewhat Late
13.0,14.16725,On Time,Somewhat Late
8.0,8.802445,Early,Early
20.0,15.382655,Somewhat Late,Somewhat Late
7.0,12.287194,Early,On Time
18.0,6.869467,Somewhat Late,Early
6.0,5.6344557,Somewhat Early,Somewhat Early
4.0,3.9150417,Somewhat Early,Somewhat Early
7.0,7.6437297,Early,Early
14.0,17.162514,On Time,Somewhat Late
7.0,5.0627494,Early,Somewhat Early
18.0,15.726706,Somewhat Late,Somewhat Late
10.0,9.311475,On Time,On Time
10.0,8.402792,On Time,Early
15.0,12.242874,Somewhat Late,On Time
7.0,7.797978,Early,Early
3.0,7.1352367,Very Early,Early
13.0,10.081058,On Time,On Time
5.0,9.174693,Somewhat Early,On Time
17.0,13.1142,Somewhat Late,On Time
7.0,8.234633,Early,Early
15.0,13.400878,Somewhat Late,On Time
16.0,15.845434,Somewhat Late,Somewhat Late
10.0,7.9748373,On Time,Early
9.0,7.457256,Early,Early
19.0,14.334462,Somewhat Late,Somewhat Late
2.0,3.7907104,Very Early,Somewhat Early
19.0,13.717867,Somewhat Late,On Time
10.0,8.205141,On Time,Early
6.0,7.7384825,Somewhat Early,Early
5.0,6.1209803,Somewhat Early,Early
7.0,7.8811975,Early,Early
22.0,14.861403,Very Late,Somewhat Late
14.0,15.401441,On Time,Somewhat Late
17.0,13.292861,Somewhat Late,On Time
7.0,8.711789,Early,Early
4.0,4.091731,Somewhat Early,Somewhat Early
6.0,6.0173264,Somewhat Early,Early
4.0,3.788132,Somewhat Early,Somewhat Early
5.0,4.199786,Somewhat Early,Somewhat Early
10.0,6.7666397,On Time,Early
2.0,3.8499558,Very Early,Somewhat Early
10.0,8.9249115,On Time,Early
15.0,11.910536,Somewhat Late,On Time
7.0,7.409977,Early,Early
5.0,3.92794,Somewhat Early,Somewhat Early
14.0,15.182474,On Time,Somewhat Late
7.0,3.9011557,Early,Somewhat Early
4.0,4.370819,Somewhat Early,Somewhat Early
11.0,8.493224,On Time,Early
23.0,15.848462,Very Late,Somewhat Late
6.0,8.405345,Somewhat Early,Early
3.0,3.865953,Very Early,Somewhat Early
7.0,20.354263,Early,Very Late
9.0,13.894941,Early,On Time
6.0,8.5612135,Somewhat Early,Early
3.0,3.8780549,Very Early,Somewhat Early
13.0,13.644764,On Time,On Time
12.0,4.9468727,On Time,Somewhat Early
8.0,5.747141,Early,Somewhat Early
15.0,9.220642,Somewhat Late,On Time
2.0,9.879408,Very Early,On Time
26.0,17.854567,Very Late,Somewhat Late
13.0,11.745256,On Time,On Time
7.0,12.754903,Early,On Time
14.0,10.4478445,On Time,On Time
8.0,7.5843425,Early,Early
9.0,5.676266,Early,Somewhat Early
13.0,11.675628,On Time,On Time
4.0,4.5437713,Somewhat Early,Somewhat Early
11.0,14.208567,On Time,Somewhat Late
9.0,14.386264,Early,Somewhat Late
7.0,6.6209693,Early,Early
17.0,14.03142,Somewhat Late,Somewhat Late
5.0,10.139989,Somewhat Early,On Time
7.0,7.3377266,Early,Early
20.0,18.057217,Somewhat Late,Somewhat Late
7.0,6.066534,Early,Early
6.0,5.2049694,Somewhat Early,Somewhat Early
10.0,9.969097,On Time,On Time
15.0,14.250531,Somewhat Late,Somewhat Late
3.0,4.3336926,Very Early,Somewhat Early
10.0,8.218941,On Time,Early
2.0,5.6723886,Very Early,Somewhat Early
6.0,7.0454493,Somewhat Early,Early
8.0,8.282272,Early,Early
11.0,10.904277,On Time,On Time
23.0,19.748224,Very Late,Somewhat Late
7.0,8.80192,Early,Early
7.0,4.325606,Early,Somewhat Early
4.0,3.795102,Somewhat Early,Somewhat Early
5.0,8.242648,Somewhat Early,Early
8.0,8.977089,Early,Early
5.0,5.447688,Somewhat Early,Somewhat Early
6.0,9.716068,Somewhat Early,On Time
15.0,11.967023,Somewhat Late,On Time
8.0,10.244383,Early,On Time
14.0,10.477806,On Time,On Time
18.0,19.773016,Somewhat Late,Somewhat Late
2.0,4.19288,Very Early,Somewhat Early
12.0,14.096311,On Time,Somewhat Late
7.0,8.412159,Early,Early
18.0,16.424843,Somewhat Late,Somewhat Late
8.0,8.706371,Early,Early
17.0,9.164835,Somewhat Late,On Time
20.0,20.837793,Somewhat Late,Very Late
8.0,6.463009,Early,Early
12.0,10.148591,On Time,On Time
16.0,7.2774086,Somewhat Late,Early
4.0,6.976,Somewhat Early,Early
6.0,10.190708,Somewhat Early,On Time
8.0,7.267113,Early,Early
9.0,11.602238,Early,On Time
8.0,4.370289,Early,Somewhat Early
4.0,3.798307,Somewhat Early,Somewhat Early
13.0,14.61069,On Time,Somewhat Late
10.0,9.4244175,On Time,On Time
9.0,11.313597,Early,On Time
14.0,7.7790756,On Time,Early
14.0,10.820278,On Time,On Time
7.0,3.8343225,Early,Somewhat Early
7.0,4.7609286,Early,Somewhat Early
27.0,25.553894,Very Late,Very Late
10.0,9.890442,On Time,On Time
7.0,8.1632185,Early,Early
5.0,7.991397,Somewhat Early,Early
18.0,12.007753,Somewhat Late,On Time
7.0,11.272444,Early,On Time
3.0,15.304334,Very Early,Somewhat Late
20.0,13.670409,Somewhat Late,On Time
6.0,6.5143895,Somewhat Early,Early
7.0,10.1598625,Early,On Time
6.0,7.613523,Somewhat Early,Early
12.0,16.9906,On Time,Somewhat Late
6.0,8.977377,Somewhat Early,Early
4.0,8.200437,Somewhat Early,Early
14.0,11.482265,On Time,On Time
9.0,8.769099,Early,Early
13.0,7.70134,On Time,Early
9.0,8.613882,Early,Early
9.0,11.457652,Early,On Time
1.0,4.3892164,Very Early,Somewhat Early
12.0,9.807461,On Time,On Time
15.0,15.939715,Somewhat Late,Somewhat Late
8.0,5.184558,Early,Somewhat Early
21.0,9.858462,Very Late,On Time
9.0,7.918162,Early,Early
8.0,10.490659,Early,On Time
4.0,16.026508,Somewhat Early,Somewhat Late
10.0,14.385626,On Time,Somewhat Late
6.0,7.6579666,Somewhat Early,Early
2.0,3.9531963,Very Early,Somewhat Early
17.0,19.879747,Somewhat Late,Somewhat Late
12.0,7.593249,On Time,Early
14.0,13.5254755,On Time,On Time
3.0,6.4003177,Very Early,Early
15.0,12.086839,Somewhat Late,On Time
9.0,10.0928,Early,On Time
10.0,10.296525,On Time,On Time
6.0,8.696481,Somewhat Early,Early
15.0,17.75163,Somewhat Late,Somewhat Late
13.0,8.882103,On Time,Early
6.0,5.632921,Somewhat Early,Somewhat Early
15.0,13.65603,Somewhat Late,On Time
23.0,19.781258,Very Late,Somewhat Late
13.0,7.78103,On Time,Early
5.0,4.2824483,Somewhat Early,Somewhat Early
6.0,3.821821,Somewhat Early,Somewhat Early
6.0,7.9892173,Somewhat Early,Early
10.0,9.417576,On Time,On Time
23.0,15.824428,Very Late,Somewhat Late
8.0,7.698841,Early,Early
2.0,4.6817584,Very Early,Somewhat Early
5.0,8.429018,Somewhat Early,Early
9.0,7.2672668,Early,Early
14.0,13.875107,On Time,On Time
1.0,16.082096,Very Early,Somewhat Late
8.0,6.386317,Early,Early
8.0,13.180986,Early,On Time
2.0,3.999174,Very Early,Somewhat Early
12.0,8.409255,On Time,Early
7.0,5.332062,Early,Somewhat Early
5.0,3.8169277,Somewhat Early,Somewhat Early
11.0,7.5550437,On Time,Early
8.0,10.193425,Early,On Time
12.0,5.5725665,On Time,Somewhat Early
26.0,14.62228,Very Late,Somewhat Late
6.0,6.2273083,Somewhat Early,Early
6.0,8.646278,Somewhat Early,Early
8.0,7.0786057,Early,Early
16.0,11.915157,Somewhat Late,On Time
26.0,14.803298,Very Late,Somewhat Late
6.0,8.974505,Somewhat Early,Early
13.0,7.655827,On Time,Early
6.0,8.420269,Somewhat Early,Early
14.0,14.686584,On Time,Somewhat Late
15.0,9.678707,Somewhat Late,On Time
11.0,7.9060364,On Time,Early
7.0,3.7907932,Early,Somewhat Early
21.0,10.151247,Very Late,On Time
12.0,12.538997,On Time,On Time
12.0,9.140079,On Time,On Time
11.0,10.649765,On Time,On Time
11.0,8.712243,On Time,Early
11.0,11.177042,On Time,On Time
12.0,9.918388,On Time,On Time
11.0,11.128689,On Time,On Time
10.0,11.898467,On Time,On Time
16.0,12.215026,Somewhat Late,On Time
2.0,7.071488,Very Early,Early
7.0,7.6035137,Early,Early
18.0,14.237731,Somewhat Late,Somewhat Late
10.0,8.635531,On Time,Early
10.0,8.905613,On Time,Early
15.0,15.573741,Somewhat Late,Somewhat Late
12.0,11.648051,On Time,On Time
9.0,8.94959,Early,Early
20.0,13.902586,Somewhat Late,On Time
6.0,10.433823,Somewhat Early,On Time
6.0,6.0161905,Somewhat Early,Early
12.0,12.513665,On Time,On Time
26.0,20.087378,Very Late,Very Late
17.0,12.138541,Somewhat Late,On Time
7.0,9.539407,Early,On Time
12.0,14.5597725,On Time,Somewhat Late
10.0,8.316101,On Time,Early
15.0,12.162263,Somewhat Late,On Time
7.0,7.967499,Early,Early
20.0,11.270248,Somewhat Late,On Time
8.0,10.571076,Early,On Time
8.0,7.548069,Early,Early
15.0,8.275386,Somewhat Late,Early
13.0,14.666324,On Time,Somewhat Late
5.0,8.19625,Somewhat Early,Early
7.0,9.756682,Early,On Time
6.0,4.2371874,Somewhat Early,Somewhat Early
10.0,8.068244,On Time,Early
7.0,9.725466,Early,On Time
6.0,4.7816133,Somewhat Early,Somewhat Early
14.0,12.052549,On Time,On Time
7.0,6.074601,Early,Early
19.0,19.182564,Somewhat Late,Somewhat Late
6.0,7.033414,Somewhat Early,Early
9.0,17.832678,Early,Somewhat Late
9.0,9.553376,Early,On Time
10.0,4.6960835,On Time,Somewhat Early
13.0,12.479588,On Time,On Time
16.0,5.4251184,Somewhat Late,Somewhat Early
6.0,6.9256907,Somewhat Early,Early
8.0,10.954424,Early,On Time
8.0,11.257327,Early,On Time
8.0,8.0076475,Early,Early
9.0,10.502625,Early,On Time
20.0,16.48612,Somewhat Late,Somewhat Late
12.0,6.3249774,On Time,Early
6.0,9.112507,Somewhat Early,On Time
20.0,15.726323,Somewhat Late,Somewhat Late
15.0,5.7700787,Somewhat Late,Somewhat Early
4.0,4.1425314,Somewhat Early,Somewhat Early
6.0,10.181311,Somewhat Early,On Time
7.0,6.1547527,Early,Early
12.0,5.415681,On Time,Somewhat Early
6.0,4.400028,Somewhat Early,Somewhat Early
7.0,6.961705,Early,Early
21.0,19.065546,Very Late,Somewhat Late
7.0,15.74739,Early,Somewhat Late
15.0,6.96564,Somewhat Late,Early
12.0,13.328704,On Time,On Time
11.0,7.772896,On Time,Early
10.0,8.507751,On Time,Early
4.0,4.913149,Somewhat Early,Somewhat Early
4.0,8.196699,Somewhat Early,Early
13.0,17.837824,On Time,Somewhat Late
8.0,7.299896,Early,Early
7.0,7.515444,Early,Early
4.0,3.7847595,Somewhat Early,Somewhat Early
4.0,8.798758,Somewhat Early,Early
4.0,5.1696696,Somewhat Early,Somewhat Early
4.0,3.7861657,Somewhat Early,Somewhat Early
10.0,8.856036,On Time,Early
3.0,6.059879,Very Early,Early
8.0,8.616153,Early,Early
10.0,8.430129,On Time,Early
1.0,3.8269863,Very Early,Somewhat Early
9.0,7.8418384,Early,Early
6.0,8.814551,Somewhat Early,Early
23.0,17.09415,Very Late,Somewhat Late
8.0,8.292496,Early,Early
19.0,6.6612067,Somewhat Late,Early
17.0,19.64417,Somewhat Late,Somewhat Late
3.0,11.820511,Very Early,On Time
6.0,14.57262,Somewhat Early,Somewhat Late
5.0,7.7366366,Somewhat Early,Early
6.0,4.699271,Somewhat Early,Somewhat Early
13.0,16.77729,On Time,Somewhat Late
18.0,14.615268,Somewhat Late,Somewhat Late
3.0,3.7926936,Very Early,Somewhat Early
18.0,17.492144,Somewhat Late,Somewhat Late
4.0,9.019864,Somewhat Early,On Time
7.0,10.74605,Early,On Time
2.0,5.383555,Very Early,Somewhat Early
19.0,10.738297,Somewhat Late,On Time
7.0,5.0524383,Early,Somewhat Early
11.0,10.8042965,On Time,On Time
14.0,15.569231,On Time,Somewhat Late
1.0,4.6472697,Very Early,Somewhat Early
11.0,9.174317,On Time,On Time
7.0,7.4593716,Early,Early
7.0,6.7081957,Early,Early
4.0,6.7283616,Somewhat Early,Early
24.0,16.357647,Very Late,Somewhat Late
3.0,4.1741,Very Early,Somewhat Early
13.0,10.04142,On Time,On Time
5.0,4.2922096,Somewhat Early,Somewhat Early
15.0,19.327625,Somewhat Late,Somewhat Late
9.0,11.29522,Early,On Time
8.0,11.115673,Early,On Time
9.0,13.014875,Early,On Time
7.0,8.8934,Early,Early
6.0,8.255544,Somewhat Early,Early
1.0,3.8023033,Very Early,Somewhat Early
6.0,10.2122345,Somewhat Early,On Time
21.0,21.22342,Very Late,Very Late
11.0,7.7411294,On Time,Early
4.0,4.755027,Somewhat Early,Somewhat Early
13.0,13.624806,On Time,On Time
2.0,3.7848802,Very Early,Somewhat Early
9.0,8.472129,Early,Early
8.0,4.8820004,Early,Somewhat Early
12.0,8.52965,On Time,Early
1.0,3.8766518,Very Early,Somewhat Early
6.0,9.211474,Somewhat Early,On Time
4.0,8.273868,Somewhat Early,Early
6.0,9.044626,Somewhat Early,On Time
11.0,12.261279,On Time,On Time
6.0,5.178712,Somewhat Early,Somewhat Early
14.0,11.573715,On Time,On Time
23.0,10.982557,Very Late,On Time
11.0,10.502434,On Time,On Time
12.0,12.144963,On Time,On Time
7.0,8.128937,Early,Early
5.0,3.8091447,Somewhat Early,Somewhat Early
6.0,5.734652,Somewhat Early,Somewhat Early
12.0,8.417512,On Time,Early
8.0,8.443259,Early,Early
2.0,3.8233218,Very Early,Somewhat Early
5.0,15.475256,Somewhat Early,Somewhat Late
8.0,8.502323,Early,Early
3.0,12.873404,Very Early,On Time
20.0,16.783735,Somewhat Late,Somewhat Late
11.0,8.613427,On Time,Early
9.0,10.85258,Early,On Time
21.0,16.589123,Very Late,Somewhat Late
7.0,8.224763,Early,Early
10.0,8.5646515,On Time,Early
10.0,15.475258,On Time,Somewhat Late
11.0,13.581329,On Time,On Time
15.0,9.173368,Somewhat Late,On Time
7.0,7.3431835,Early,Early
7.0,3.771504,Early,Somewhat Early
13.0,15.195686,On Time,Somewhat Late
4.0,9.245682,Somewhat Early,On Time
3.0,6.2194057,Very Early,Early
2.0,3.833899,Very Early,Somewhat Early
4.0,6.884205,Somewhat Early,Early
5.0,14.377788,Somewhat Early,Somewhat Late
10.0,4.3092937,On Time,Somewhat Early
13.0,7.8816576,On Time,Early
5.0,3.8903894,Somewhat Early,Somewhat Early
10.0,9.253832,On Time,On Time
9.0,3.822257,Early,Somewhat Early
7.0,6.689565,Early,Early
7.0,5.0398335,Early,Somewhat Early
12.0,8.225209,On Time,Early
7.0,9.632096,Early,On Time
15.0,14.935415,Somewhat Late,Somewhat Late
28.0,22.977875,Very Late,Very Late
16.0,16.218603,Somewhat Late,Somewhat Late
4.0,7.9741454,Somewhat Early,Early
13.0,10.966403,On Time,On Time
10.0,4.259269,On Time,Somewhat Early
11.0,11.958214,On Time,On Time
17.0,10.127041,Somewhat Late,On Time
17.0,9.891433,Somewhat Late,On Time
11.0,8.244605,On Time,Early
5.0,4.1461954,Somewhat Early,Somewhat Early
11.0,15.934881,On Time,Somewhat Late
9.0,9.35802,Early,On Time
10.0,11.2265415,On Time,On Time
7.0,7.5013723,Early,Early
3.0,6.965606,Very Early,Early
5.0,7.4626284,Somewhat Early,Early
13.0,6.471648,On Time,Early
12.0,7.5702715,On Time,Early
17.0,8.344768,Somewhat Late,Early
10.0,10.122596,On Time,On Time
8.0,7.688084,Early,Early
1.0,5.5577297,Very Early,Somewhat Early
2.0,14.273404,Very Early,Somewhat Late
21.0,14.929349,Very Late,Somewhat Late
5.0,5.531303,Somewhat Early,Somewhat Early
8.0,10.2369,Early,On Time
4.0,5.89659,Somewhat Early,Somewhat Early
14.0,8.464317,On Time,Early
5.0,5.8597775,Somewhat Early,Somewhat Early
7.0,11.185179,Early,On Time
6.0,11.9000635,Somewhat Early,On Time
12.0,12.469589,On Time,On Time
6.0,8.564335,Somewhat Early,Early
1.0,4.671294,Very Early,Somewhat Early
4.0,3.9891133,Somewhat Early,Somewhat Early
6.0,14.553364,Somewhat Early,Somewhat Late
5.0,5.803816,Somewhat Early,Somewhat Early
12.0,10.518749,On Time,On Time
20.0,19.538074,Somewhat Late,Somewhat Late
26.0,16.448395,Very Late,Somewhat Late
14.0,14.70253,On Time,Somewhat Late
6.0,6.713168,Somewhat Early,Early
7.0,7.0108905,Early,Early
10.0,7.5518694,On Time,Early
1.0,3.810396,Very Early,Somewhat Early
18.0,11.172151,Somewhat Late,On Time
21.0,20.870974,Very Late,Very Late
1.0,3.7877085,Very Early,Somewhat Early
5.0,3.7984319,Somewhat Early,Somewhat Early
17.0,12.580382,Somewhat Late,On Time
3.0,7.2338486,Very Early,Early
3.0,3.834484,Very Early,Somewhat Early
21.0,17.87859,Very Late,Somewhat Late
12.0,10.69603,On Time,On Time
8.0,9.201004,Early,On Time
10.0,4.5097075,On Time,Somewhat Early
7.0,7.728033,Early,Early
7.0,5.9847183,Early,Somewhat Early
8.0,5.8006268,Early,Somewhat Early
9.0,9.298378,Early,On Time
10.0,7.342134,On Time,Early
15.0,13.97028,Somewhat Late,On Time
7.0,4.0069027,Early,Somewhat Early
12.0,7.760103,On Time,Early
7.0,7.9529066,Early,Early
6.0,8.940933,Somewhat Early,Early
10.0,10.170668,On Time,On Time
9.0,15.775147,Early,Somewhat Late
9.0,3.8700347,Early,Somewhat Early
15.0,16.537798,Somewhat Late,Somewhat Late
11.0,11.375776,On Time,On Time
10.0,7.595516,On Time,Early
7.0,11.072497,Early,On Time
7.0,7.371921,Early,Early
6.0,8.101927,Somewhat Early,Early
7.0,3.7950346,Early,Somewhat Early
13.0,15.079526,On Time,Somewhat Late
15.0,6.966145,Somewhat Late,Early
21.0,20.04889,Very Late,Very Late
26.0,19.406977,Very Late,Somewhat Late
7.0,7.9991884,Early,Early
8.0,11.439892,Early,On Time
7.0,8.585134,Early,Early
2.0,4.0331254,Very Early,Somewhat Early
18.0,20.480007,Somewhat Late,Very Late
2.0,4.057081,Very Early,Somewhat Early
10.0,9.929057,On Time,On Time
25.0,8.716789,Very Late,Early
10.0,5.072431,On Time,Somewhat Early
20.0,8.654306,Somewhat Late,Early
11.0,8.958786,On Time,Early
2.0,4.9086323,Very Early,Somewhat Early
18.0,14.732834,Somewhat Late,Somewhat Late
19.0,11.807668,Somewhat Late,On Time
6.0,10.243887,Somewhat Early,On Time
14.0,11.421438,On Time,On Time
16.0,8.823877,Somewhat Late,Early
5.0,5.304955,Somewhat Early,Somewhat Early
13.0,13.670434,On Time,On Time
23.0,21.80751,Very Late,Very Late
5.0,7.7116995,Somewhat Early,Early
7.0,8.971697,Early,Early
7.0,5.960226,Early,Somewhat Early
7.0,7.542201,Early,Early
11.0,12.497918,On Time,On Time
17.0,12.472358,Somewhat Late,On Time
16.0,9.171288,Somewhat Late,On Time
5.0,9.02927,Somewhat Early,On Time
4.0,3.768712,Somewhat Early,Somewhat Early
13.0,12.003049,On Time,On Time
28.0,22.206045,Very Late,Very Late
7.0,10.360661,Early,On Time
5.0,4.1123786,Somewhat Early,Somewhat Early
17.0,13.991337,Somewhat Late,On Time
12.0,8.183605,On Time,Early
4.0,4.5155234,Somewhat Early,Somewhat Early
2.0,3.8476343,Very Early,Somewhat Early
20.0,13.784518,Somewhat Late,On Time
8.0,4.7503815,Early,Somewhat Early
15.0,15.647347,Somewhat Late,Somewhat Late
9.0,8.112574,Early,Early
10.0,6.2189503,On Time,Early
7.0,8.0671,Early,Early
10.0,13.433507,On Time,On Time
7.0,6.201326,Early,Early
11.0,11.411566,On Time,On Time
3.0,4.422922,Very Early,Somewhat Early
9.0,7.882507,Early,Early
4.0,3.74456,Somewhat Early,Somewhat Early
8.0,4.759107,Early,Somewhat Early
18.0,15.502747,Somewhat Late,Somewhat Late
19.0,18.570068,Somewhat Late,Somewhat Late
9.0,7.263881,Early,Early
24.0,18.091003,Very Late,Somewhat Late
8.0,9.196445,Early,On Time
17.0,6.530887,Somewhat Late,Early
4.0,7.4956036,Somewhat Early,Early
8.0,8.5259905,Early,Early
26.0,17.072645,Very Late,Somewhat Late
10.0,3.8059232,On Time,Somewhat Early
14.0,10.670187,On Time,On Time
6.0,5.2465305,Somewhat Early,Somewhat Early
13.0,9.109874,On Time,On Time
21.0,19.08657,Very Late,Somewhat Late
12.0,6.20861,On Time,Early
4.0,8.195326,Somewhat Early,Early
11.0,3.9085898,On Time,Somewhat Early
2.0,3.7851157,Very Early,Somewhat Early
10.0,15.555329,On Time,Somewhat Late
5.0,5.311257,Somewhat Early,Somewhat Early
6.0,5.658631,Somewhat Early,Somewhat Early
6.0,11.096641,Somewhat Early,On Time
28.0,26.55105,Very Late,Very Late
11.0,12.069746,On Time,On Time
13.0,12.632134,On Time,On Time
14.0,10.545872,On Time,On Time
2.0,8.332399,Very Early,Early
6.0,9.3368435,Somewhat Early,On Time
10.0,7.5977306,On Time,Early
2.0,6.360438,Very Early,Early
8.0,8.436895,Early,Early
19.0,14.038277,Somewhat Late,Somewhat Late
12.0,8.894818,On Time,Early
5.0,4.6811686,Somewhat Early,Somewhat Early
13.0,14.445061,On Time,Somewhat Late
6.0,7.379699,Somewhat Early,Early
2.0,16.589632,Very Early,Somewhat Late
5.0,12.748386,Somewhat Early,On Time
14.0,19.53449,On Time,Somewhat Late
9.0,10.891749,Early,On Time
6.0,4.3427496,Somewhat Early,Somewhat Early
3.0,3.877285,Very Early,Somewhat Early
19.0,8.993281,Somewhat Late,Early
7.0,10.294207,Early,On Time
4.0,9.47269,Somewhat Early,On Time
7.0,10.743224,Early,On Time
20.0,12.161716,Somewhat Late,On Time
12.0,7.713838,On Time,Early
14.0,5.118689,On Time,Somewhat Early
3.0,4.753262,Very Early,Somewhat Early
10.0,7.591627,On Time,Early
9.0,10.389568,Early,On Time
11.0,4.271013,On Time,Somewhat Early
7.0,6.79582,Early,Early
20.0,16.076727,Somewhat Late,Somewhat Late
18.0,12.751509,Somewhat Late,On Time
8.0,3.7914543,Early,Somewhat Early
14.0,15.053923,On Time,Somewhat Late
1.0,3.9835913,Very Early,Somewhat Early
19.0,9.231124,Somewhat Late,On Time
2.0,5.1932983,Very Early,Somewhat Early
2.0,8.366617,Very Early,Early
22.0,19.806747,Very Late,Somewhat Late
19.0,17.778952,Somewhat Late,Somewhat Late
7.0,6.389757,Early,Early
10.0,8.083545,On Time,Early
4.0,9.279295,Somewhat Early,On Time
9.0,11.696549,Early,On Time
19.0,9.154941,Somewhat Late,On Time
17.0,12.887151,Somewhat Late,On Time
13.0,9.164629,On Time,On Time
8.0,17.815247,Early,Somewhat Late
3.0,7.7482405,Very Early,Early
7.0,5.3867555,Early,Somewhat Early
9.0,11.082073,Early,On Time
5.0,9.390406,Somewhat Early,On Time
5.0,9.955333,Somewhat Early,On Time
10.0,15.428097,On Time,Somewhat Late
14.0,7.4049726,On Time,Early
7.0,9.579051,Early,On Time
15.0,11.686341,Somewhat Late,On Time
1.0,3.8203857,Very Early,Somewhat Early
10.0,8.305409,On Time,Early
12.0,9.1935835,On Time,On Time
13.0,4.4275494,On Time,Somewhat Early
8.0,9.246936,Early,On Time
12.0,10.387502,On Time,On Time
9.0,14.895915,Early,Somewhat Late
6.0,7.625624,Somewhat Early,Early
8.0,7.6175175,Early,Early
12.0,10.055326,On Time,On Time
18.0,21.06957,Somewhat Late,Very Late
8.0,12.32832,Early,On Time
9.0,5.822811,Early,Somewhat Early
22.0,16.883862,Very Late,Somewhat Late
17.0,13.696646,Somewhat Late,On Time
6.0,4.1331024,Somewhat Early,Somewhat Early
7.0,6.903843,Early,Early
8.0,9.659291,Early,On Time
10.0,12.257703,On Time,On Time
13.0,7.3517327,On Time,Early
8.0,8.630127,Early,Early
6.0,6.755182,Somewhat Early,Early
4.0,5.5238104,Somewhat Early,Somewhat Early
12.0,7.903043,On Time,Early
6.0,8.798769,Somewhat Early,Early
6.0,14.416601,Somewhat Early,Somewhat Late
13.0,12.313815,On Time,On Time
12.0,9.08351,On Time,On Time
13.0,11.496691,On Time,On Time
13.0,9.992923,On Time,On Time
4.0,4.0118723,Somewhat Early,Somewhat Early
8.0,6.9254746,Early,Early
16.0,8.344407,Somewhat Late,Early
12.0,11.297227,On Time,On Time
7.0,3.7833138,Early,Somewhat Early
6.0,7.528577,Somewhat Early,Early
17.0,16.287699,Somewhat Late,Somewhat Late
12.0,7.6375437,On Time,Early
5.0,4.59022,Somewhat Early,Somewhat Early
18.0,15.955612,Somewhat Late,Somewhat Late
6.0,11.793692,Somewhat Early,On Time
9.0,7.736156,Early,Early
14.0,13.549875,On Time,On Time
28.0,10.326416,Very Late,On Time
3.0,4.0170345,Very Early,Somewhat Early
12.0,9.459028,On Time,On Time
7.0,4.1951113,Early,Somewhat Early
11.0,12.516161,On Time,On Time
6.0,3.9912107,Somewhat Early,Somewhat Early
5.0,8.343359,Somewhat Early,Early
22.0,17.535257,Very Late,Somewhat Late
8.0,10.039241,Early,On Time
8.0,6.681148,Early,Early
16.0,12.4053,Somewhat Late,On Time
5.0,12.1425295,Somewhat Early,On Time
13.0,10.895383,On Time,On Time
9.0,6.5582814,Early,Early
22.0,14.875726,Very Late,Somewhat Late
15.0,13.670667,Somewhat Late,On Time
9.0,9.759029,Early,On Time
6.0,7.701281,Somewhat Early,Early
2.0,8.006838,Very Early,Early
11.0,7.848462,On Time,Early
9.0,7.421435,Early,Early
13.0,12.279162,On Time,On Time
13.0,13.426231,On Time,On Time
8.0,6.8425913,Early,Early
8.0,5.467433,Early,Somewhat Early
6.0,9.655794,Somewhat Early,On Time
5.0,8.331142,Somewhat Early,Early
16.0,17.746416,Somewhat Late,Somewhat Late
1.0,3.779942,Very Early,Somewhat Early
6.0,15.7134905,Somewhat Early,Somewhat Late
12.0,8.159988,On Time,Early
13.0,15.208895,On Time,Somewhat Late
3.0,3.7670283,Very Early,Somewhat Early
8.0,15.229919,Early,Somewhat Late
6.0,8.106617,Somewhat Early,Early
4.0,3.9299843,Somewhat Early,Somewhat Early
11.0,15.224224,On Time,Somewhat Late
3.0,3.7985444,Very Early,Somewhat Early
8.0,4.1345606,Early,Somewhat Early
5.0,4.226409,Somewhat Early,Somewhat Early
8.0,13.879787,Early,On Time
11.0,7.4630256,On Time,Early
2.0,8.141716,Very Early,Early
8.0,9.173804,Early,On Time
4.0,4.30107,Somewhat Early,Somewhat Early
10.0,8.963356,On Time,Early
16.0,18.473171,Somewhat Late,Somewhat Late
11.0,14.398808,On Time,Somewhat Late
24.0,12.886727,Very Late,On Time
9.0,12.522556,Early,On Time
9.0,7.942389,Early,Early
19.0,14.419853,Somewhat Late,Somewhat Late
12.0,10.146819,On Time,On Time
8.0,10.279758,Early,On Time
8.0,8.247201,Early,Early
2.0,3.7843406,Very Early,Somewhat Early
14.0,19.646065,On Time,Somewhat Late
18.0,8.737093,Somewhat Late,Early
7.0,8.5025215,Early,Early
8.0,16.268215,Early,Somewhat Late
7.0,9.674039,Early,On Time
13.0,12.9601,On Time,On Time
14.0,5.205062,On Time,Somewhat Early
10.0,8.966413,On Time,Early
1.0,3.8296988,Very Early,Somewhat Early
9.0,9.780387,Early,On Time
3.0,3.9858367,Very Early,Somewhat Early
12.0,9.938645,On Time,On Time
3.0,6.061976,Very Early,Early
14.0,11.0855665,On Time,On Time
8.0,7.9340086,Early,Early
6.0,3.7860417,Somewhat Early,Somewhat Early
6.0,4.1644616,Somewhat Early,Somewhat Early
9.0,10.485558,Early,On Time
12.0,15.928475,On Time,Somewhat Late
4.0,6.3245716,Somewhat Early,Early
21.0,13.941115,Very Late,On Time
1.0,3.8036764,Very Early,Somewhat Early
7.0,7.400421,Early,Early
20.0,8.8837595,Somewhat Late,Early
7.0,8.845962,Early,Early
3.0,4.603809,Very Early,Somewhat Early
9.0,8.881698,Early,Early
19.0,18.209045,Somewhat Late,Somewhat Late
2.0,3.8218408,Very Early,Somewhat Early
8.0,3.9845471,Early,Somewhat Early
6.0,7.4400244,Somewhat Early,Early
6.0,9.103136,Somewhat Early,On Time
7.0,4.1613503,Early,Somewhat Early
14.0,13.206856,On Time,On Time
9.0,9.552577,Early,On Time
15.0,16.252487,Somewhat Late,Somewhat Late
5.0,7.8477154,Somewhat Early,Early
8.0,5.9781,Early,Somewhat Early
18.0,11.143833,Somewhat Late,On Time
1.0,3.7909446,Very Early,Somewhat Early
10.0,8.182609,On Time,Early
7.0,5.598098,Early,Somewhat Early
19.0,15.651932,Somewhat Late,Somewhat Late
8.0,9.748278,Early,On Time
4.0,3.78631,Somewhat Early,Somewhat Early
20.0,19.414598,Somewhat Late,Somewhat Late
6.0,7.432809,Somewhat Early,Early
5.0,5.5213814,Somewhat Early,Somewhat Early
8.0,9.04035,Early,On Time
22.0,24.639887,Very Late,Very Late
6.0,11.533365,Somewhat Early,On Time
14.0,11.774908,On Time,On Time
8.0,3.9224875,Early,Somewhat Early
3.0,4.2955036,Very Early,Somewhat Early
14.0,7.7042284,On Time,Early
12.0,14.448255,On Time,Somewhat Late
19.0,7.9613056,Somewhat Late,Early
9.0,7.565497,Early,Early
21.0,10.308945,Very Late,On Time
3.0,3.794748,Very Early,Somewhat Early
3.0,7.730781,Very Early,Early
3.0,3.7875643,Very Early,Somewhat Early
9.0,8.372938,Early,Early
2.0,3.8436165,Very Early,Somewhat Early
7.0,6.136055,Early,Early
21.0,19.760046,Very Late,Somewhat Late
7.0,9.00662,Early,On Time
11.0,13.980324,On Time,On Time
7.0,8.6009865,Early,Early
17.0,12.695236,Somewhat Late,On Time
2.0,6.3495665,Very Early,Early
11.0,7.1031375,On Time,Early
17.0,10.410719,Somewhat Late,On Time
5.0,3.7770734,Somewhat Early,Somewhat Early
12.0,14.892644,On Time,Somewhat Late
17.0,19.457088,Somewhat Late,Somewhat Late
4.0,6.642671,Somewhat Early,Early
13.0,7.376792,On Time,Early
11.0,12.810768,On Time,On Time
21.0,17.37267,Very Late,Somewhat Late
2.0,12.707918,Very Early,On Time
2.0,4.350438,Very Early,Somewhat Early
12.0,5.856877,On Time,Somewhat Early
6.0,8.614448,Somewhat Early,Early
16.0,13.497501,Somewhat Late,On Time
3.0,3.9203646,Very Early,Somewhat Early
5.0,8.203976,Somewhat Early,Early
8.0,7.9676504,Early,Early
14.0,7.5195293,On Time,Early
21.0,16.402403,Very Late,Somewhat Late
8.0,16.555897,Early,Somewhat Late
6.0,7.5297403,Somewhat Early,Early
1.0,4.022793,Very Early,Somewhat Early
13.0,9.03343,On Time,On Time
24.0,21.75468,Very Late,Very Late
7.0,7.213028,Early,Early
16.0,9.934958,Somewhat Late,On Time
3.0,6.5580707,Very Early,Early
1.0,4.826063,Very Early,Somewhat Early
10.0,10.978702,On Time,On Time
7.0,9.377631,Early,On Time
5.0,6.8917723,Somewhat Early,Early
17.0,12.096802,Somewhat Late,On Time
4.0,8.89065,Somewhat Early,Early
4.0,3.8033552,Somewhat Early,Somewhat Early
24.0,26.82926,Very Late,Very Late
5.0,15.165209,Somewhat Early,Somewhat Late
22.0,8.214571,Very Late,Early
7.0,9.614057,Early,On Time
15.0,17.026323,Somewhat Late,Somewhat Late
5.0,9.116803,Somewhat Early,On Time
8.0,7.0857105,Early,Early
1.0,3.8610091,Very Early,Somewhat Early
11.0,6.9123726,On Time,Early
21.0,10.646876,Very Late,On Time
25.0,13.921417,Very Late,On Time
21.0,20.340187,Very Late,Very Late
5.0,9.232971,Somewhat Early,On Time
1.0,3.798901,Very Early,Somewhat Early
11.0,6.2123218,On Time,Early
5.0,14.097835,Somewhat Early,Somewhat Late
15.0,19.07749,Somewhat Late,Somewhat Late
14.0,7.7992797,On Time,Early
13.0,13.127354,On Time,On Time
16.0,11.048282,Somewhat Late,On Time
17.0,16.573597,Somewhat Late,Somewhat Late
5.0,4.3262467,Somewhat Early,Somewhat Early
11.0,8.8734455,On Time,Early
3.0,6.7741857,Very Early,Early
27.0,20.07529,Very Late,Very Late
13.0,9.56038,On Time,On Time
10.0,6.4506235,On Time,Early
8.0,9.848991,Early,On Time
8.0,8.037021,Early,Early
2.0,4.494948,Very Early,Somewhat Early
8.0,6.461959,Early,Early
2.0,3.828995,Very Early,Somewhat Early
10.0,7.5424647,On Time,Early
9.0,9.533197,Early,On Time
10.0,9.054195,On Time,On Time
2.0,4.2549815,Very Early,Somewhat Early
7.0,9.870609,Early,On Time
8.0,9.632336,Early,On Time
13.0,8.230534,On Time,Early
4.0,9.097035,Somewhat Early,On Time
4.0,5.4901505,Somewhat Early,Somewhat Early
18.0,9.116701,Somewhat Late,On Time
6.0,10.059415,Somewhat Early,On Time
3.0,3.7839134,Very Early,Somewhat Early
7.0,5.6513896,Early,Somewhat Early
2.0,4.9488897,Very Early,Somewhat Early
7.0,9.223456,Early,On Time
1.0,3.8094985,Very Early,Somewhat Early
12.0,12.4592085,On Time,On Time
3.0,4.5580945,Very Early,Somewhat Early
7.0,8.488821,Early,Early
11.0,4.3083496,On Time,Somewhat Early
15.0,10.327654,Somewhat Late,On Time
7.0,5.246584,Early,Somewhat Early
15.0,9.975025,Somewhat Late,On Time
9.0,8.158928,Early,Early
10.0,8.783558,On Time,Early
22.0,14.387472,Very Late,Somewhat Late
10.0,5.8124976,On Time,Somewhat Early
16.0,12.341236,Somewhat Late,On Time
3.0,4.977284,Very Early,Somewhat Early
11.0,14.729972,On Time,Somewhat Late
19.0,11.094542,Somewhat Late,On Time
7.0,10.061352,Early,On Time
25.0,25.824577,Very Late,Very Late
5.0,8.693809,Somewhat Early,Early
26.0,13.916174,Very Late,On Time
2.0,6.7098527,Very Early,Early
12.0,9.631071,On Time,On Time
6.0,4.0509415,Somewhat Early,Somewhat Early
20.0,17.959082,Somewhat Late,Somewhat Late
13.0,9.442328,On Time,On Time
8.0,12.830488,Early,On Time
14.0,8.268112,On Time,Early
20.0,17.363834,Somewhat Late,Somewhat Late
13.0,10.103459,On Time,On Time
15.0,8.568308,Somewhat Late,Early
23.0,13.222726,Very Late,On Time
7.0,5.1209607,Early,Somewhat Early
8.0,6.5785484,Early,Early
10.0,15.203728,On Time,Somewhat Late
16.0,12.32374,Somewhat Late,On Time
20.0,14.768246,Somewhat Late,Somewhat Late
18.0,15.651142,Somewhat Late,Somewhat Late
2.0,3.8033552,Very Early,Somewhat Early
17.0,21.069317,Somewhat Late,Very Late
13.0,7.9336414,On Time,Early
15.0,8.995305,Somewhat Late,Early
5.0,5.3404713,Somewhat Early,Somewhat Early
20.0,8.546929,Somewhat Late,Early
10.0,10.71988,On Time,On Time
8.0,7.9585633,Early,Early
16.0,14.346261,Somewhat Late,Somewhat Late
10.0,9.755268,On Time,On Time
3.0,3.7991211,Very Early,Somewhat Early
6.0,15.904675,Somewhat Early,Somewhat Late
5.0,7.494582,Somewhat Early,Early
6.0,7.2979116,Somewhat Early,Early
18.0,7.952258,Somewhat Late,Early
15.0,9.198511,Somewhat Late,On Time
7.0,8.260613,Early,Early
14.0,8.354809,On Time,Early
20.0,19.908306,Somewhat Late,Somewhat Late
9.0,7.269126,Early,Early
12.0,9.6544895,On Time,On Time
6.0,9.513684,Somewhat Early,On Time
12.0,7.3766184,On Time,Early
15.0,12.965308,Somewhat Late,On Time
9.0,13.700026,Early,On Time
15.0,14.629679,Somewhat Late,Somewhat Late
5.0,3.8024457,Somewhat Early,Somewhat Early
14.0,16.28173,On Time,Somewhat Late
9.0,14.185801,Early,Somewhat Late
17.0,12.472505,Somewhat Late,On Time
8.0,4.721816,Early,Somewhat Early
9.0,17.829388,Early,Somewhat Late
18.0,13.645319,Somewhat Late,On Time
11.0,8.849126,On Time,Early
10.0,6.496152,On Time,Early
2.0,6.515389,Very Early,Early
7.0,13.002957,Early,On Time
11.0,11.381075,On Time,On Time
9.0,9.444618,Early,On Time
7.0,7.5927153,Early,Early
19.0,17.814754,Somewhat Late,Somewhat Late
13.0,9.14513,On Time,On Time
9.0,8.172374,Early,Early
7.0,8.135248,Early,Early
12.0,7.8593946,On Time,Early
15.0,14.718209,Somewhat Late,Somewhat Late
4.0,3.9001217,Somewhat Early,Somewhat Early
4.0,4.030301,Somewhat Early,Somewhat Early
8.0,7.241173,Early,Early
6.0,11.297706,Somewhat Early,On Time
8.0,8.476553,Early,Early
8.0,10.7160635,Early,On Time
3.0,3.9470584,Very Early,Somewhat Early
3.0,3.780456,Very Early,Somewhat Early
17.0,16.007383,Somewhat Late,Somewhat Late
15.0,12.470413,Somewhat Late,On Time
3.0,7.3120174,Very Early,Early
23.0,18.976465,Very Late,Somewhat Late
10.0,7.990141,On Time,Early
23.0,17.517324,Very Late,Somewhat Late
14.0,12.4402,On Time,On Time
27.0,23.667276,Very Late,Very Late
27.0,16.974594,Very Late,Somewhat Late
12.0,7.9799867,On Time,Early
6.0,7.8099675,Somewhat Early,Early
10.0,9.356814,On Time,On Time
6.0,8.437764,Somewhat Early,Early
22.0,12.158078,Very Late,On Time
20.0,15.089571,Somewhat Late,Somewhat Late
21.0,16.111696,Very Late,Somewhat Late
13.0,13.619573,On Time,On Time
12.0,6.8113756,On Time,Early
19.0,10.890335,Somewhat Late,On Time
7.0,5.204227,Early,Somewhat Early
4.0,5.8790593,Somewhat Early,Somewhat Early
7.0,7.2627096,Early,Early
2.0,3.8567348,Very Early,Somewhat Early
4.0,6.3448405,Somewhat Early,Early
21.0,16.811357,Very Late,Somewhat Late
14.0,11.864887,On Time,On Time
4.0,8.706056,Somewhat Early,Early
6.0,10.276157,Somewhat Early,On Time
5.0,3.8043761,Somewhat Early,Somewhat Early
14.0,16.016176,On Time,Somewhat Late
8.0,4.0878725,Early,Somewhat Early
22.0,18.868317,Very Late,Somewhat Late
8.0,6.8438635,Early,Early
4.0,6.616674,Somewhat Early,Early
2.0,3.803752,Very Early,Somewhat Early
8.0,9.892837,Early,On Time
8.0,7.5497065,Early,Early
26.0,19.701927,Very Late,Somewhat Late
8.0,9.052219,Early,On Time
12.0,12.513665,On Time,On Time
5.0,8.663539,Somewhat Early,Early
4.0,4.044939,Somewhat Early,Somewhat Early
11.0,12.956882,On Time,On Time
9.0,10.815564,Early,On Time
4.0,3.8026555,Somewhat Early,Somewhat Early
8.0,6.652883,Early,Early
18.0,11.203079,Somewhat Late,On Time
12.0,14.883349,On Time,Somewhat Late
18.0,9.356837,Somewhat Late,On Time
11.0,5.1886544,On Time,Somewhat Early
11.0,7.092307,On Time,Early
6.0,3.7934704,Somewhat Early,Somewhat Early
2.0,4.0175743,Very Early,Somewhat Early
15.0,10.781024,Somewhat Late,On Time
3.0,5.6098156,Very Early,Somewhat Early
13.0,9.680884,On Time,On Time
3.0,4.719632,Very Early,Somewhat Early
12.0,12.92753,On Time,On Time
6.0,8.500794,Somewhat Early,Early
3.0,3.7896385,Very Early,Somewhat Early
9.0,9.151178,Early,On Time
12.0,9.827101,On Time,On Time
4.0,9.141995,Somewhat Early,On Time
12.0,15.917703,On Time,Somewhat Late
11.0,4.1047955,On Time,Somewhat Early
3.0,7.0567455,Very Early,Early
3.0,4.4960217,Very Early,Somewhat Early
22.0,18.373297,Very Late,Somewhat Late
10.0,12.538287,On Time,On Time
9.0,9.760941,Early,On Time
12.0,9.439155,On Time,On Time
18.0,16.234816,Somewhat Late,Somewhat Late
19.0,3.9911644,Somewhat Late,Somewhat Early
23.0,23.96206,Very Late,Very Late
26.0,17.139826,Very Late,Somewhat Late
7.0,4.767499,Early,Somewhat Early
7.0,9.874147,Early,On Time
11.0,6.495924,On Time,Early
4.0,6.899955,Somewhat Early,Early
10.0,6.5308757,On Time,Early
18.0,8.919484,Somewhat Late,Early
12.0,13.745259,On Time,On Time
2.0,3.869926,Very Early,Somewhat Early
6.0,9.907117,Somewhat Early,On Time
19.0,13.64393,Somewhat Late,On Time
6.0,4.3397465,Somewhat Early,Somewhat Early
4.0,6.840603,Somewhat Early,Early
9.0,9.879496,Early,On Time
6.0,4.541362,Somewhat Early,Somewhat Early
5.0,8.459604,Somewhat Early,Early
11.0,8.000492,On Time,Early
10.0,8.895068,On Time,Early
11.0,14.043419,On Time,Somewhat Late
21.0,10.746043,Very Late,On Time
8.0,10.478188,Early,On Time
18.0,15.472267,Somewhat Late,Somewhat Late
2.0,3.7771268,Very Early,Somewhat Early
23.0,25.477816,Very Late,Very Late
7.0,9.44495,Early,On Time
13.0,10.395623,On Time,On Time
6.0,10.181311,Somewhat Early,On Time
15.0,13.388477,Somewhat Late,On Time
20.0,10.758889,Somewhat Late,On Time
6.0,11.53844,Somewhat Early,On Time
22.0,21.721626,Very Late,Very Late
14.0,16.021406,On Time,Somewhat Late
11.0,7.5810122,On Time,Early
12.0,14.136345,On Time,Somewhat Late
2.0,4.293142,Very Early,Somewhat Early
5.0,5.6974196,Somewhat Early,Somewhat Early
2.0,3.7999856,Very Early,Somewhat Early
11.0,6.58178,On Time,Early
8.0,10.6964855,Early,On Time
11.0,7.361173,On Time,Early
13.0,11.726032,On Time,On Time
24.0,19.120687,Very Late,Somewhat Late
8.0,10.331683,Early,On Time
5.0,8.103505,Somewhat Early,Early
14.0,8.858306,On Time,Early
12.0,12.184191,On Time,On Time
3.0,6.4494886,Very Early,Early
3.0,6.4239807,Very Early,Early
14.0,9.092974,On Time,On Time
5.0,3.8041046,Somewhat Early,Somewhat Early
10.0,10.860746,On Time,On Time
12.0,11.627298,On Time,On Time
3.0,4.1137395,Very Early,Somewhat Early
5.0,6.386923,Somewhat Early,Early
13.0,14.2364855,On Time,Somewhat Late
9.0,4.5349693,Early,Somewhat Early
6.0,4.0492797,Somewhat Early,Somewhat Early
4.0,3.812466,Somewhat Early,Somewhat Early
10.0,8.632311,On Time,Early
8.0,4.4185724,Early,Somewhat Early
4.0,4.420335,Somewhat Early,Somewhat Early
10.0,5.375168,On Time,Somewhat Early
10.0,11.116529,On Time,On Time
9.0,8.500743,Early,Early
26.0,6.362397,Very Late,Early
12.0,8.144227,On Time,Early
6.0,7.961919,Somewhat Early,Early
15.0,18.22505,Somewhat Late,Somewhat Late
9.0,9.270593,Early,On Time
18.0,14.409143,Somewhat Late,Somewhat Late
7.0,6.097423,Early,Early
9.0,5.6744213,Early,Somewhat Early
13.0,11.809292,On Time,On Time
9.0,8.003333,Early,Early
20.0,15.836317,Somewhat Late,Somewhat Late
3.0,4.658997,Very Early,Somewhat Early
8.0,7.7371306,Early,Early
5.0,4.0106554,Somewhat Early,Somewhat Early
8.0,7.027178,Early,Early
16.0,17.25927,Somewhat Late,Somewhat Late
13.0,10.3033085,On Time,On Time
10.0,7.892381,On Time,Early
10.0,9.300769,On Time,On Time
15.0,15.430542,Somewhat Late,Somewhat Late
6.0,7.3157597,Somewhat Early,Early
13.0,8.061156,On Time,Early
5.0,7.7217298,Somewhat Early,Early
11.0,12.406486,On Time,On Time
9.0,6.4849005,Early,Early
2.0,4.5739183,Very Early,Somewhat Early
28.0,12.777554,Very Late,On Time
20.0,17.08901,Somewhat Late,Somewhat Late
6.0,7.659352,Somewhat Early,Early
7.0,7.715597,Early,Early
15.0,10.221975,Somewhat Late,On Time
3.0,4.493951,Very Early,Somewhat Early
25.0,24.014761,Very Late,Very Late
5.0,10.071335,Somewhat Early,On Time
12.0,9.177256,On Time,On Time
4.0,7.842022,Somewhat Early,Early
2.0,6.640859,Very Early,Early
13.0,13.293285,On Time,On Time
10.0,4.8671923,On Time,Somewhat Early
8.0,9.025042,Early,On Time
15.0,15.024423,Somewhat Late,Somewhat Late
7.0,18.516006,Early,Somewhat Late
20.0,18.301975,Somewhat Late,Somewhat Late
7.0,8.318787,Early,Early
9.0,7.7555556,Early,Early
1.0,4.629064,Very Early,Somewhat Early
22.0,24.486614,Very Late,Very Late
5.0,4.3347225,Somewhat Early,Somewhat Early
5.0,6.6860065,Somewhat Early,Early
12.0,10.285923,On Time,On Time
4.0,3.8985262,Somewhat Early,Somewhat Early
5.0,3.9552119,Somewhat Early,Somewhat Early
16.0,12.089912,Somewhat Late,On Time
4.0,3.9179957,Somewhat Early,Somewhat Early
26.0,13.812408,Very Late,On Time
11.0,4.696576,On Time,Somewhat Early
11.0,12.130589,On Time,On Time
2.0,7.281985,Very Early,Early
4.0,10.31287,Somewhat Early,On Time
18.0,19.62163,Somewhat Late,Somewhat Late
6.0,7.0358686,Somewhat Early,Early
11.0,6.2273083,On Time,Early
12.0,9.176703,On Time,On Time
16.0,14.029602,Somewhat Late,Somewhat Late
9.0,9.014789,Early,On Time
9.0,6.810868,Early,Early
2.0,3.803946,Very Early,Somewhat Early
17.0,18.43486,Somewhat Late,Somewhat Late
3.0,6.931188,Very Early,Early
7.0,3.8633077,Early,Somewhat Early
17.0,14.864651,Somewhat Late,Somewhat Late
9.0,9.898771,Early,On Time
10.0,11.195704,On Time,On Time
10.0,7.1285233,On Time,Early
4.0,4.5880027,Somewhat Early,Somewhat Early
3.0,3.891102,Very Early,Somewhat Early
21.0,16.340448,Very Late,Somewhat Late
17.0,17.19202,Somewhat Late,Somewhat Late
1.0,4.428324,Very Early,Somewhat Early
2.0,5.980444,Very Early,Somewhat Early
4.0,4.436822,Somewhat Early,Somewhat Early
16.0,9.360267,Somewhat Late,On Time
12.0,4.314513,On Time,Somewhat Early
8.0,7.493576,Early,Early
4.0,8.978108,Somewhat Early,Early
11.0,11.586427,On Time,On Time
12.0,12.145569,On Time,On Time
6.0,8.397613,Somewhat Early,Early
2.0,3.8787575,Very Early,Somewhat Early
4.0,9.0647745,Somewhat Early,On Time
18.0,19.534538,Somewhat Late,Somewhat Late
11.0,4.620553,On Time,Somewhat Early
11.0,11.845245,On Time,On Time
2.0,3.8959742,Very Early,Somewhat Early
8.0,9.376599,Early,On Time
15.0,7.407633,Somewhat Late,Early
24.0,9.672506,Very Late,On Time
8.0,14.111366,Early,Somewhat Late
17.0,9.707427,Somewhat Late,On Time
19.0,15.275467,Somewhat Late,Somewhat Late
15.0,9.329246,Somewhat Late,On Time
5.0,12.877418,Somewhat Early,On Time
2.0,4.625994,Very Early,Somewhat Early
1.0,4.2241516,Very Early,Somewhat Early
8.0,7.525536,Early,Early
20.0,6.66274,Somewhat Late,Early
9.0,7.3941345,Early,Early
15.0,10.563749,Somewhat Late,On Time
9.0,8.015987,Early,Early
11.0,17.792149,On Time,Somewhat Late
5.0,8.996439,Somewhat Early,Early
6.0,6.8427505,Somewhat Early,Early
10.0,7.2335744,On Time,Early
4.0,5.971858,Somewhat Early,Somewhat Early
12.0,8.827094,On Time,Early
13.0,8.766831,On Time,Early
13.0,16.199575,On Time,Somewhat Late
25.0,12.275815,Very Late,On Time
17.0,17.242699,Somewhat Late,Somewhat Late
8.0,7.7269726,Early,Early
6.0,8.4442215,Somewhat Early,Early
7.0,8.379154,Early,Early
9.0,5.7364874,Early,Somewhat Early
12.0,9.720137,On Time,On Time
4.0,4.306114,Somewhat Early,Somewhat Early
18.0,18.727837,Somewhat Late,Somewhat Late
12.0,14.207428,On Time,Somewhat Late
15.0,9.233139,Somewhat Late,On Time
8.0,9.511056,Early,On Time
6.0,7.2433,Somewhat Early,Early
8.0,9.943712,Early,On Time
16.0,10.942608,Somewhat Late,On Time
4.0,7.5658307,Somewhat Early,Early
11.0,11.515773,On Time,On Time
6.0,10.351784,Somewhat Early,On Time
8.0,9.288059,Early,On Time
15.0,13.128211,Somewhat Late,On Time
20.0,17.020329,Somewhat Late,Somewhat Late
5.0,8.397125,Somewhat Early,Early
24.0,7.9928684,Very Late,Early
8.0,8.442142,Early,Early
14.0,7.2740216,On Time,Early
12.0,9.237485,On Time,On Time
7.0,3.8381264,Early,Somewhat Early
8.0,4.7957816,Early,Somewhat Early
3.0,3.7742248,Very Early,Somewhat Early
8.0,5.4943027,Early,Somewhat Early
2.0,3.8577564,Very Early,Somewhat Early
13.0,11.450535,On Time,On Time
7.0,10.130881,Early,On Time
3.0,6.442849,Very Early,Early
14.0,13.330165,On Time,On Time
14.0,7.30593,On Time,Early
6.0,5.17472,Somewhat Early,Somewhat Early
7.0,11.619789,Early,On Time
13.0,12.94314,On Time,On Time
9.0,8.981342,Early,Early
7.0,7.473756,Early,Early
5.0,8.583157,Somewhat Early,Early
7.0,6.0113344,Early,Early
4.0,7.2320514,Somewhat Early,Early
8.0,7.823676,Early,Early
12.0,11.018221,On Time,On Time
2.0,3.8136642,Very Early,Somewhat Early
8.0,8.593327,Early,Early
5.0,8.381851,Somewhat Early,Early
3.0,3.7865062,Very Early,Somewhat Early
4.0,5.774019,Somewhat Early,Somewhat Early
4.0,3.7973232,Somewhat Early,Somewhat Early
12.0,8.5084095,On Time,Early
5.0,7.396868,Somewhat Early,Early
7.0,6.450472,Early,Early
14.0,13.817065,On Time,On Time
1.0,3.8215804,Very Early,Somewhat Early
4.0,3.813186,Somewhat Early,Somewhat Early
6.0,9.470244,Somewhat Early,On Time
2.0,3.785254,Very Early,Somewhat Early
23.0,26.300087,Very Late,Very Late
21.0,15.631502,Very Late,Somewhat Late
12.0,13.332317,On Time,On Time
7.0,7.2848883,Early,Early
9.0,9.55537,Early,On Time
4.0,3.7868147,Somewhat Early,Somewhat Early
18.0,11.982635,Somewhat Late,On Time
17.0,17.282728,Somewhat Late,Somewhat Late
7.0,17.067295,Early,Somewhat Late
14.0,11.899236,On Time,On Time
7.0,7.369291,Early,Early
10.0,8.111591,On Time,Early
8.0,12.992578,Early,On Time
13.0,3.816478,On Time,Somewhat Early
9.0,11.899693,Early,On Time
12.0,15.733209,On Time,Somewhat Late
11.0,8.485846,On Time,Early
22.0,19.978857,Very Late,Somewhat Late
6.0,9.578453,Somewhat Early,On Time
15.0,13.684362,Somewhat Late,On Time
3.0,7.6079445,Very Early,Early
8.0,9.110378,Early,On Time
15.0,12.901892,Somewhat Late,On Time
8.0,8.257883,Early,Early
3.0,5.1173716,Very Early,Somewhat Early
6.0,9.780348,Somewhat Early,On Time
7.0,8.675707,Early,Early
13.0,8.329189,On Time,Early
17.0,8.2576475,Somewhat Late,Early
6.0,13.546733,Somewhat Early,On Time
11.0,9.8235035,On Time,On Time
8.0,7.857629,Early,Early
10.0,9.516574,On Time,On Time
15.0,7.386092,Somewhat Late,Early
9.0,10.102993,Early,On Time
2.0,4.4119854,Very Early,Somewhat Early
10.0,11.241205,On Time,On Time
3.0,11.037644,Very Early,On Time
9.0,16.733547,Early,Somewhat Late
7.0,5.306295,Early,Somewhat Early
7.0,7.0784063,Early,Early
8.0,8.987052,Early,Early
25.0,22.087112,Very Late,Very Late
3.0,5.265657,Very Early,Somewhat Early
12.0,16.753866,On Time,Somewhat Late
8.0,7.026661,Early,Early
22.0,13.9494095,Very Late,On Time
15.0,19.066313,Somewhat Late,Somewhat Late
7.0,6.9595823,Early,Early
14.0,12.357053,On Time,On Time
8.0,9.640119,Early,On Time
10.0,11.857203,On Time,On Time
5.0,6.067957,Somewhat Early,Early
4.0,7.961462,Somewhat Early,Early
22.0,10.223435,Very Late,On Time
9.0,8.2830715,Early,Early
5.0,3.8838434,Somewhat Early,Somewhat Early
22.0,15.610005,Very Late,Somewhat Late
9.0,8.452362,Early,Early
7.0,5.9969754,Early,Somewhat Early
20.0,16.226614,Somewhat Late,Somewhat Late
4.0,3.8023045,Somewhat Early,Somewhat Early
15.0,15.746896,Somewhat Late,Somewhat Late
16.0,15.174798,Somewhat Late,Somewhat Late
4.0,3.8321528,Somewhat Early,Somewhat Early
10.0,8.2626295,On Time,Early
7.0,11.091574,Early,On Time
2.0,8.795887,Very Early,Early
15.0,15.905842,Somewhat Late,Somewhat Late
19.0,11.313308,Somewhat Late,On Time
9.0,19.093681,Early,Somewhat Late
8.0,7.085127,Early,Early
15.0,13.868243,Somewhat Late,On Time
13.0,10.695398,On Time,On Time
1.0,3.8494723,Very Early,Somewhat Early
9.0,9.760984,Early,On Time
5.0,4.985566,Somewhat Early,Somewhat Early
28.0,24.723536,Very Late,Very Late
13.0,13.420736,On Time,On Time
5.0,5.2089043,Somewhat Early,Somewhat Early
6.0,3.8095107,Somewhat Early,Somewhat Early
7.0,9.331788,Early,On Time
3.0,3.8515692,Very Early,Somewhat Early
25.0,22.297245,Very Late,Very Late
14.0,9.025127,On Time,On Time
16.0,14.792465,Somewhat Late,Somewhat Late
8.0,8.44964,Early,Early
12.0,14.300536,On Time,Somewhat Late
20.0,15.811829,Somewhat Late,Somewhat Late
7.0,5.7030244,Early,Somewhat Early
21.0,16.111696,Very Late,Somewhat Late
9.0,7.22862,Early,Early
9.0,7.588169,Early,Early
5.0,6.0754213,Somewhat Early,Early
3.0,3.8138747,Very Early,Somewhat Early
5.0,8.172429,Somewhat Early,Early
17.0,12.59601,Somewhat Late,On Time
21.0,13.64057,Very Late,On Time
9.0,7.417988,Early,Early
7.0,10.9417095,Early,On Time
15.0,12.383861,Somewhat Late,On Time
19.0,14.949548,Somewhat Late,Somewhat Late
3.0,8.216019,Very Early,Early
5.0,10.064187,Somewhat Early,On Time
7.0,6.661444,Early,Early
2.0,3.793013,Very Early,Somewhat Early
10.0,9.344714,On Time,On Time
5.0,9.84383,Somewhat Early,On Time
15.0,16.2349,Somewhat Late,Somewhat Late
6.0,7.934248,Somewhat Early,Early
8.0,8.915699,Early,Early
19.0,15.181567,Somewhat Late,Somewhat Late
9.0,7.162714,Early,Early
9.0,6.460079,Early,Early
11.0,10.696804,On Time,On Time
7.0,8.210224,Early,Early
9.0,10.106351,Early,On Time
22.0,11.456921,Very Late,On Time
10.0,6.4845867,On Time,Early
1.0,3.8267915,Very Early,Somewhat Early
10.0,7.5518694,On Time,Early
20.0,13.055483,Somewhat Late,On Time
12.0,12.478606,On Time,On Time
5.0,4.2378683,Somewhat Early,Somewhat Early
8.0,4.118593,Early,Somewhat Early
2.0,4.714571,Very Early,Somewhat Early
2.0,3.7948031,Very Early,Somewhat Early
13.0,12.436085,On Time,On Time
21.0,13.226272,Very Late,On Time
7.0,3.9151254,Early,Somewhat Early
8.0,6.15151,Early,Early
5.0,8.136168,Somewhat Early,Early
11.0,7.6733255,On Time,Early
6.0,17.32367,Somewhat Early,Somewhat Late
15.0,10.344406,Somewhat Late,On Time
23.0,19.418886,Very Late,Somewhat Late
4.0,6.2500434,Somewhat Early,Early
13.0,15.009908,On Time,Somewhat Late
13.0,13.589766,On Time,On Time
13.0,7.693,On Time,Early
11.0,7.0491314,On Time,Early
18.0,12.964289,Somewhat Late,On Time
12.0,11.075508,On Time,On Time
8.0,6.9084587,Early,Early
12.0,11.794966,On Time,On Time
15.0,5.6967535,Somewhat Late,Somewhat Early
8.0,10.215263,Early,On Time
13.0,9.021252,On Time,On Time
10.0,10.490637,On Time,On Time
12.0,12.61075,On Time,On Time
11.0,8.747911,On Time,Early
16.0,11.161721,Somewhat Late,On Time
11.0,10.020499,On Time,On Time
3.0,8.638035,Very Early,Early
7.0,9.441681,Early,On Time
13.0,9.3146515,On Time,On Time
27.0,5.119233,Very Late,Somewhat Early
16.0,9.403394,Somewhat Late,On Time
10.0,5.4572883,On Time,Somewhat Early
7.0,7.1724253,Early,Early
26.0,22.3492,Very Late,Very Late
5.0,7.978775,Somewhat Early,Early
6.0,8.105693,Somewhat Early,Early
8.0,10.993189,Early,On Time
7.0,5.510356,Early,Somewhat Early
6.0,8.145001,Somewhat Early,Early
8.0,10.389419,Early,On Time
6.0,9.3520155,Somewhat Early,On Time
6.0,7.728072,Somewhat Early,Early
11.0,6.9997816,On Time,Early
15.0,5.330714,Somewhat Late,Somewhat Early
6.0,3.8860285,Somewhat Early,Somewhat Early
6.0,6.7359548,Somewhat Early,Early
11.0,10.520191,On Time,On Time
9.0,6.770941,Early,Early
8.0,7.57574,Early,Early
5.0,5.9309654,Somewhat Early,Somewhat Early
12.0,10.277254,On Time,On Time
14.0,12.903478,On Time,On Time
2.0,4.5225906,Very Early,Somewhat Early
4.0,4.009428,Somewhat Early,Somewhat Early
10.0,10.352435,On Time,On Time
1.0,3.7814193,Very Early,Somewhat Early
6.0,9.616746,Somewhat Early,On Time
4.0,7.1537185,Somewhat Early,Early
16.0,7.696556,Somewhat Late,Early
1.0,8.669281,Very Early,Early
5.0,4.825184,Somewhat Early,Somewhat Early
9.0,10.668502,Early,On Time
9.0,8.736496,Early,Early
1.0,3.7947707,Very Early,Somewhat Early
10.0,10.774745,On Time,On Time
26.0,20.591204,Very Late,Very Late
7.0,12.456824,Early,On Time
3.0,3.80473,Very Early,Somewhat Early
7.0,8.45229,Early,Early
8.0,5.474962,Early,Somewhat Early
10.0,6.3913403,On Time,Early
1.0,5.476671,Very Early,Somewhat Early
7.0,6.07556,Early,Early
10.0,9.501093,On Time,On Time
24.0,24.030304,Very Late,Very Late
9.0,4.0000525,Early,Somewhat Early
10.0,7.5584116,On Time,Early
1.0,3.7757423,Very Early,Somewhat Early
8.0,11.172392,Early,On Time
8.0,14.950916,Early,Somewhat Late
9.0,7.954478,Early,Early
19.0,11.493914,Somewhat Late,On Time
4.0,5.330904,Somewhat Early,Somewhat Early
7.0,4.012949,Early,Somewhat Early
18.0,12.625692,Somewhat Late,On Time
8.0,11.151314,Early,On Time
11.0,11.524392,On Time,On Time
7.0,7.836537,Early,Early
6.0,7.406863,Somewhat Early,Early
8.0,6.672453,Early,Early
10.0,8.493174,On Time,Early
11.0,12.840977,On Time,On Time
1.0,3.8057463,Very Early,Somewhat Early
13.0,8.087989,On Time,Early
15.0,13.531939,Somewhat Late,On Time
13.0,8.258154,On Time,Early
4.0,8.54908,Somewhat Early,Early
9.0,8.384041,Early,Early
13.0,15.603421,On Time,Somewhat Late
6.0,7.1948867,Somewhat Early,Early
7.0,4.388199,Early,Somewhat Early
8.0,5.322009,Early,Somewhat Early
7.0,8.718513,Early,Early
13.0,16.371891,On Time,Somewhat Late
13.0,6.8913097,On Time,Early
10.0,8.625224,On Time,Early
21.0,15.440445,Very Late,Somewhat Late
6.0,6.914756,Somewhat Early,Early
7.0,9.315089,Early,On Time
10.0,9.138627,On Time,On Time
13.0,8.596027,On Time,Early
16.0,9.182277,Somewhat Late,On Time
2.0,3.925629,Very Early,Somewhat Early
16.0,10.189545,Somewhat Late,On Time
15.0,6.4767737,Somewhat Late,Early
20.0,17.156208,Somewhat Late,Somewhat Late
14.0,8.645022,On Time,Early
6.0,8.06493,Somewhat Early,Early
17.0,13.966588,Somewhat Late,On Time
8.0,15.818074,Early,Somewhat Late
15.0,6.888805,Somewhat Late,Early
25.0,16.92382,Very Late,Somewhat Late
9.0,3.87354,Early,Somewhat Early
21.0,19.514887,Very Late,Somewhat Late
16.0,11.978297,Somewhat Late,On Time
9.0,11.090231,Early,On Time
13.0,7.532544,On Time,Early
2.0,3.7919247,Very Early,Somewhat Early
4.0,3.8174448,Somewhat Early,Somewhat Early
5.0,5.7127123,Somewhat Early,Somewhat Early
7.0,7.52908,Early,Early
19.0,13.292439,Somewhat Late,On Time
11.0,9.419026,On Time,On Time
10.0,8.792765,On Time,Early
5.0,8.343268,Somewhat Early,Early
9.0,12.766813,Early,On Time
7.0,9.080524,Early,On Time
25.0,18.195576,Very Late,Somewhat Late
7.0,19.322367,Early,Somewhat Late
17.0,7.7931633,Somewhat Late,Early
12.0,9.342175,On Time,On Time
11.0,13.216841,On Time,On Time
8.0,6.7546167,Early,Early
15.0,7.352727,Somewhat Late,Early
18.0,16.669752,Somewhat Late,Somewhat Late
18.0,16.223333,Somewhat Late,Somewhat Late
5.0,4.9702554,Somewhat Early,Somewhat Early
3.0,3.8173094,Very Early,Somewhat Early
18.0,13.118107,Somewhat Late,On Time
4.0,7.207489,Somewhat Early,Early
7.0,13.835005,Early,On Time
11.0,13.216841,On Time,On Time
11.0,12.778377,On Time,On Time
12.0,16.402092,On Time,Somewhat Late
2.0,19.160473,Very Early,Somewhat Late
9.0,10.206418,Early,On Time
15.0,15.279328,Somewhat Late,Somewhat Late
9.0,7.620042,Early,Early
18.0,14.223458,Somewhat Late,Somewhat Late
22.0,13.438448,Very Late,On Time
13.0,13.114492,On Time,On Time
9.0,8.308164,Early,Early
19.0,19.344782,Somewhat Late,Somewhat Late
9.0,18.14712,Early,Somewhat Late
8.0,8.33325,Early,Early
24.0,15.384349,Very Late,Somewhat Late
3.0,3.7963428,Very Early,Somewhat Early
24.0,17.810171,Very Late,Somewhat Late
9.0,11.106759,Early,On Time
8.0,8.110215,Early,Early
7.0,7.2686777,Early,Early
16.0,18.251022,Somewhat Late,Somewhat Late
11.0,9.724277,On Time,On Time
26.0,14.362387,Very Late,Somewhat Late
3.0,5.715237,Very Early,Somewhat Early
2.0,3.9236867,Very Early,Somewhat Early
5.0,17.632032,Somewhat Early,Somewhat Late
16.0,13.0586,Somewhat Late,On Time
6.0,3.8160324,Somewhat Early,Somewhat Early
14.0,13.908259,On Time,On Time
17.0,5.385785,Somewhat Late,Somewhat Early
10.0,14.495997,On Time,Somewhat Late
9.0,13.388273,Early,On Time
17.0,8.685196,Somewhat Late,Early
7.0,9.533279,Early,On Time
7.0,7.358996,Early,Early
5.0,4.010799,Somewhat Early,Somewhat Early
15.0,13.882564,Somewhat Late,On Time
7.0,10.324723,Early,On Time
17.0,16.217144,Somewhat Late,Somewhat Late
3.0,4.1059732,Very Early,Somewhat Early
19.0,11.350427,Somewhat Late,On Time
12.0,8.432159,On Time,Early
4.0,11.333126,Somewhat Early,On Time
19.0,9.810016,Somewhat Late,On Time
3.0,3.8009398,Very Early,Somewhat Early
3.0,4.5728464,Very Early,Somewhat Early
12.0,8.907858,On Time,Early
13.0,10.035206,On Time,On Time
2.0,3.9389682,Very Early,Somewhat Early
3.0,6.4903507,Very Early,Early
10.0,15.97382,On Time,Somewhat Late
15.0,12.316383,Somewhat Late,On Time
4.0,7.181462,Somewhat Early,Early
7.0,3.7891939,Early,Somewhat Early
9.0,11.691706,Early,On Time
10.0,14.166125,On Time,Somewhat Late
16.0,7.1278267,Somewhat Late,Early
2.0,5.0024977,Very Early,Somewhat Early
4.0,10.157397,Somewhat Early,On Time
10.0,10.280629,On Time,On Time
10.0,8.8638115,On Time,Early
8.0,6.479079,Early,Early
14.0,16.39809,On Time,Somewhat Late
10.0,10.459715,On Time,On Time
16.0,15.251694,Somewhat Late,Somewhat Late
5.0,5.5222816,Somewhat Early,Somewhat Early
10.0,6.3822813,On Time,Early
13.0,9.72433,On Time,On Time
12.0,7.5099025,On Time,Early
9.0,10.847457,Early,On Time
16.0,10.643599,Somewhat Late,On Time
14.0,8.147482,On Time,Early
9.0,9.397562,Early,On Time
8.0,7.769225,Early,Early
15.0,12.526932,Somewhat Late,On Time
3.0,3.812797,Very Early,Somewhat Early
20.0,11.514708,Somewhat Late,On Time
4.0,3.8551316,Somewhat Early,Somewhat Early
7.0,10.033358,Early,On Time
14.0,16.255093,On Time,Somewhat Late
13.0,7.187315,On Time,Early
5.0,3.7823987,Somewhat Early,Somewhat Early
4.0,5.0907793,Somewhat Early,Somewhat Early
6.0,7.881887,Somewhat Early,Early
23.0,8.722114,Very Late,Early
16.0,18.872103,Somewhat Late,Somewhat Late
4.0,3.7988057,Somewhat Early,Somewhat Early
13.0,14.562414,On Time,Somewhat Late
13.0,8.961618,On Time,Early
12.0,8.884399,On Time,Early
7.0,6.61759,Early,Early
15.0,13.153782,Somewhat Late,On Time
8.0,8.381306,Early,Early
2.0,8.742593,Very Early,Early
14.0,12.535477,On Time,On Time
13.0,11.553897,On Time,On Time
2.0,8.960887,Very Early,Early
7.0,16.772173,Early,Somewhat Late
10.0,12.848132,On Time,On Time
11.0,8.444451,On Time,Early
14.0,13.041501,On Time,On Time
4.0,4.152509,Somewhat Early,Somewhat Early
3.0,7.327677,Very Early,Early
8.0,10.499212,Early,On Time
8.0,16.152094,Early,Somewhat Late
11.0,11.303815,On Time,On Time
27.0,25.794922,Very Late,Very Late
10.0,5.683516,On Time,Somewhat Early
24.0,15.808533,Very Late,Somewhat Late
12.0,7.996349,On Time,Early
4.0,8.584093,Somewhat Early,Early
13.0,10.748991,On Time,On Time
9.0,4.708755,Early,Somewhat Early
4.0,6.704214,Somewhat Early,Early
7.0,10.469799,Early,On Time
3.0,3.883425,Very Early,Somewhat Early
5.0,3.92807,Somewhat Early,Somewhat Early
4.0,7.000892,Somewhat Early,Early
6.0,3.7844067,Somewhat Early,Somewhat Early
18.0,15.067833,Somewhat Late,Somewhat Late
3.0,7.6778083,Very Early,Early
21.0,13.888859,Very Late,On Time
16.0,12.867956,Somewhat Late,On Time
11.0,6.8570423,On Time,Early
10.0,5.4362364,On Time,Somewhat Early
2.0,3.8426201,Very Early,Somewhat Early
1.0,8.729208,Very Early,Early
6.0,8.938653,Somewhat Early,Early
5.0,8.767205,Somewhat Early,Early
8.0,9.859121,Early,On Time
28.0,20.192934,Very Late,Very Late
7.0,4.2650537,Early,Somewhat Early
2.0,4.560364,Very Early,Somewhat Early
13.0,8.258001,On Time,Early
4.0,8.972228,Somewhat Early,Early
2.0,6.019987,Very Early,Early
8.0,7.634714,Early,Early
11.0,7.588021,On Time,Early
15.0,12.899511,Somewhat Late,On Time
11.0,8.150564,On Time,Early
20.0,16.73113,Somewhat Late,Somewhat Late
6.0,4.197354,Somewhat Early,Somewhat Early
5.0,3.9182105,Somewhat Early,Somewhat Early
18.0,9.207561,Somewhat Late,On Time
8.0,10.788227,Early,On Time
13.0,12.524701,On Time,On Time
1.0,4.471349,Very Early,Somewhat Early
2.0,6.366726,Very Early,Early
8.0,7.4780726,Early,Early
2.0,5.3935494,Very Early,Somewhat Early
5.0,9.42353,Somewhat Early,On Time
9.0,10.420509,Early,On Time
7.0,8.147018,Early,Early
9.0,8.8788185,Early,Early
6.0,7.6238937,Somewhat Early,Early
14.0,12.873901,On Time,On Time
2.0,3.7803257,Very Early,Somewhat Early
8.0,10.707091,Early,On Time
3.0,5.6047645,Very Early,Somewhat Early
3.0,13.637144,Very Early,On Time
6.0,3.8703823,Somewhat Early,Somewhat Early
16.0,11.004242,Somewhat Late,On Time
8.0,8.548424,Early,Early
7.0,7.8340354,Early,Early
3.0,7.6598167,Very Early,Early
20.0,15.278325,Somewhat Late,Somewhat Late
4.0,9.019864,Somewhat Early,On Time
7.0,8.830999,Early,Early
16.0,13.762688,Somewhat Late,On Time
4.0,9.001118,Somewhat Early,On Time
5.0,4.0616646,Somewhat Early,Somewhat Early
9.0,6.584622,Early,Early
11.0,8.015903,On Time,Early
15.0,18.659498,Somewhat Late,Somewhat Late
12.0,7.7975774,On Time,Early
5.0,3.777582,Somewhat Early,Somewhat Early
12.0,12.23304,On Time,On Time
7.0,7.540352,Early,Early
20.0,17.12307,Somewhat Late,Somewhat Late
8.0,7.0341196,Early,Early
8.0,7.605045,Early,Early
18.0,20.608526,Somewhat Late,Very Late
10.0,15.22669,On Time,Somewhat Late
18.0,10.892968,Somewhat Late,On Time
6.0,10.37353,Somewhat Early,On Time
11.0,10.472431,On Time,On Time
21.0,20.764782,Very Late,Very Late
5.0,3.762564,Somewhat Early,Somewhat Early
12.0,13.267338,On Time,On Time
9.0,10.5738535,Early,On Time
19.0,8.760306,Somewhat Late,Early
6.0,5.7300863,Somewhat Early,Somewhat Early
11.0,7.6409607,On Time,Early
21.0,14.854323,Very Late,Somewhat Late
4.0,4.8728347,Somewhat Early,Somewhat Early
4.0,4.155962,Somewhat Early,Somewhat Early
7.0,6.2026925,Early,Early
8.0,5.6938715,Early,Somewhat Early
8.0,8.768527,Early,Early
7.0,3.88064,Early,Somewhat Early
28.0,21.294218,Very Late,Very Late
9.0,3.8797467,Early,Somewhat Early
19.0,19.82931,Somewhat Late,Somewhat Late
6.0,6.022783,Somewhat Early,Early
5.0,4.1826086,Somewhat Early,Somewhat Early
2.0,3.8659084,Very Early,Somewhat Early
20.0,16.847551,Somewhat Late,Somewhat Late
5.0,9.063584,Somewhat Early,On Time
11.0,8.419651,On Time,Early
4.0,3.7847967,Somewhat Early,Somewhat Early
6.0,6.429892,Somewhat Early,Early
10.0,6.45556,On Time,Early
6.0,4.8420825,Somewhat Early,Somewhat Early
26.0,10.811021,Very Late,On Time
6.0,9.961745,Somewhat Early,On Time
17.0,14.746056,Somewhat Late,Somewhat Late
25.0,17.400753,Very Late,Somewhat Late
2.0,3.819806,Very Early,Somewhat Early
7.0,5.573077,Early,Somewhat Early
5.0,9.625185,Somewhat Early,On Time
14.0,9.4135895,On Time,On Time
17.0,19.452068,Somewhat Late,Somewhat Late
9.0,8.081838,Early,Early
19.0,15.0611105,Somewhat Late,Somewhat Late
10.0,16.470043,On Time,Somewhat Late
13.0,13.794236,On Time,On Time
7.0,7.4254637,Early,Early
10.0,9.154478,On Time,On Time
2.0,4.5649495,Very Early,Somewhat Early
17.0,15.963718,Somewhat Late,Somewhat Late
28.0,19.590815,Very Late,Somewhat Late
9.0,10.192548,Early,On Time
4.0,5.4318027,Somewhat Early,Somewhat Early
15.0,11.306023,Somewhat Late,On Time
11.0,9.716114,On Time,On Time
4.0,3.7906585,Somewhat Early,Somewhat Early
5.0,4.4185724,Somewhat Early,Somewhat Early
7.0,8.472093,Early,Early
11.0,8.7058115,On Time,Early
6.0,8.006752,Somewhat Early,Early
14.0,9.128243,On Time,On Time
10.0,10.121038,On Time,On Time
5.0,5.5555177,Somewhat Early,Somewhat Early
6.0,4.958229,Somewhat Early,Somewhat Early
21.0,15.699013,Very Late,Somewhat Late
8.0,9.417696,Early,On Time
14.0,13.342095,On Time,On Time
9.0,9.774199,Early,On Time
24.0,15.158793,Very Late,Somewhat Late
6.0,7.856003,Somewhat Early,Early
5.0,7.526438,Somewhat Early,Early
16.0,12.4650755,Somewhat Late,On Time
8.0,7.5022054,Early,Early
7.0,6.766748,Early,Early
15.0,14.204927,Somewhat Late,Somewhat Late
16.0,11.909418,Somewhat Late,On Time
11.0,6.8307056,On Time,Early
1.0,3.7862744,Very Early,Somewhat Early
5.0,8.300601,Somewhat Early,Early
27.0,24.39023,Very Late,Very Late
4.0,9.620844,Somewhat Early,On Time
6.0,5.594589,Somewhat Early,Somewhat Early
25.0,19.176119,Very Late,Somewhat Late
8.0,5.7465887,Early,Somewhat Early
16.0,9.057071,Somewhat Late,On Time
9.0,7.9900007,Early,Early
7.0,11.10948,Early,On Time
7.0,4.138485,Early,Somewhat Early
5.0,3.8172436,Somewhat Early,Somewhat Early
7.0,4.6036716,Early,Somewhat Early
13.0,8.43886,On Time,Early
21.0,12.732854,Very Late,On Time
10.0,7.446163,On Time,Early
8.0,9.467939,Early,On Time
2.0,4.581188,Very Early,Somewhat Early
20.0,15.994498,Somewhat Late,Somewhat Late
1.0,4.258124,Very Early,Somewhat Early
5.0,5.4940014,Somewhat Early,Somewhat Early
28.0,27.07187,Very Late,Very Late
13.0,10.016957,On Time,On Time
5.0,7.4885,Somewhat Early,Early
4.0,4.171569,Somewhat Early,Somewhat Early
5.0,6.5093594,Somewhat Early,Early
12.0,11.912923,On Time,On Time
10.0,14.055489,On Time,Somewhat Late
10.0,9.801192,On Time,On Time
2.0,3.9721224,Very Early,Somewhat Early
23.0,16.942482,Very Late,Somewhat Late
10.0,10.071518,On Time,On Time
20.0,12.242983,Somewhat Late,On Time
16.0,8.698802,Somewhat Late,Early
3.0,5.707398,Very Early,Somewhat Early
8.0,4.541648,Early,Somewhat Early
9.0,7.0536985,Early,Early
10.0,8.072198,On Time,Early
3.0,3.8416076,Very Early,Somewhat Early
7.0,6.9034452,Early,Early
8.0,6.94525,Early,Early
4.0,5.063929,Somewhat Early,Somewhat Early
19.0,10.323333,Somewhat Late,On Time
10.0,8.749871,On Time,Early
19.0,17.242348,Somewhat Late,Somewhat Late
5.0,3.8011763,Somewhat Early,Somewhat Early
1.0,5.922126,Very Early,Somewhat Early
17.0,11.441872,Somewhat Late,On Time
4.0,5.448763,Somewhat Early,Somewhat Early
18.0,17.02765,Somewhat Late,Somewhat Late
13.0,3.85857,On Time,Somewhat Early
14.0,12.220169,On Time,On Time
8.0,11.6627245,Early,On Time
16.0,10.744181,Somewhat Late,On Time
3.0,10.664524,Very Early,On Time
4.0,3.7794323,Somewhat Early,Somewhat Early
5.0,7.6811147,Somewhat Early,Early
10.0,9.254587,On Time,On Time
5.0,10.160202,Somewhat Early,On Time
13.0,14.023285,On Time,Somewhat Late
4.0,6.524718,Somewhat Early,Early
5.0,7.0945673,Somewhat Early,Early
7.0,4.911289,Early,Somewhat Early
15.0,11.5667,Somewhat Late,On Time
11.0,14.379773,On Time,Somewhat Late
16.0,15.783628,Somewhat Late,Somewhat Late
8.0,11.057085,Early,On Time
15.0,7.596571,Somewhat Late,Early
2.0,7.8961477,Very Early,Early
9.0,12.097352,Early,On Time
10.0,4.020228,On Time,Somewhat Early
5.0,5.2722106,Somewhat Early,Somewhat Early
9.0,8.486493,Early,Early
6.0,7.767523,Somewhat Early,Early
5.0,8.011797,Somewhat Early,Early
12.0,8.894364,On Time,Early
8.0,3.7836964,Early,Somewhat Early
2.0,4.665222,Very Early,Somewhat Early
10.0,8.089701,On Time,Early
9.0,7.9423513,Early,Early
17.0,18.812183,Somewhat Late,Somewhat Late
18.0,7.0681157,Somewhat Late,Early
17.0,10.428488,Somewhat Late,On Time
5.0,4.949628,Somewhat Early,Somewhat Early
6.0,8.467379,Somewhat Early,Early
9.0,7.6992273,Early,Early
3.0,7.3123927,Very Early,Early
10.0,8.6824875,On Time,Early
12.0,14.500248,On Time,Somewhat Late
8.0,10.803408,Early,On Time
12.0,10.315992,On Time,On Time
8.0,9.737131,Early,On Time
5.0,4.9747515,Somewhat Early,Somewhat Early
6.0,10.735157,Somewhat Early,On Time
8.0,9.329757,Early,On Time
4.0,3.79275,Somewhat Early,Somewhat Early
4.0,7.272038,Somewhat Early,Early
11.0,6.37848,On Time,Early
7.0,10.050469,Early,On Time
21.0,9.420574,Very Late,On Time
7.0,10.6642685,Early,On Time
9.0,8.66818,Early,Early
4.0,3.806341,Somewhat Early,Somewhat Early
11.0,12.338242,On Time,On Time
5.0,3.7633905,Somewhat Early,Somewhat Early
20.0,10.681665,Somewhat Late,On Time
10.0,10.467891,On Time,On Time
7.0,11.625938,Early,On Time
15.0,13.504923,Somewhat Late,On Time
12.0,14.613626,On Time,Somewhat Late
7.0,7.0872507,Early,Early
12.0,9.450008,On Time,On Time
4.0,4.7223325,Somewhat Early,Somewhat Early
15.0,13.594454,Somewhat Late,On Time
11.0,10.804163,On Time,On Time
5.0,9.567051,Somewhat Early,On Time
8.0,9.900246,Early,On Time
4.0,3.9944978,Somewhat Early,Somewhat Early
5.0,5.6689343,Somewhat Early,Somewhat Early
15.0,14.67864,Somewhat Late,Somewhat Late
4.0,4.008501,Somewhat Early,Somewhat Early
5.0,8.507056,Somewhat Early,Early
13.0,9.242364,On Time,On Time
14.0,10.589324,On Time,On Time
10.0,6.689721,On Time,Early
9.0,10.933339,Early,On Time
5.0,10.665817,Somewhat Early,On Time
6.0,7.6960716,Somewhat Early,Early
5.0,7.2906384,Somewhat Early,Early
10.0,6.8243933,On Time,Early
13.0,9.021274,On Time,On Time
11.0,10.549995,On Time,On Time
7.0,9.295052,Early,On Time
24.0,17.041649,Very Late,Somewhat Late
14.0,11.145929,On Time,On Time
12.0,8.815893,On Time,Early
3.0,3.8092077,Very Early,Somewhat Early
10.0,10.891421,On Time,On Time
2.0,3.7806745,Very Early,Somewhat Early
19.0,15.218481,Somewhat Late,Somewhat Late
8.0,10.078845,Early,On Time
5.0,7.050759,Somewhat Early,Early
14.0,10.277937,On Time,On Time
8.0,7.524459,Early,Early
16.0,9.138212,Somewhat Late,On Time
9.0,5.0977964,Early,Somewhat Early
15.0,7.665737,Somewhat Late,Early
10.0,9.385762,On Time,On Time
4.0,3.9179964,Somewhat Early,Somewhat Early
11.0,7.944859,On Time,Early
9.0,10.889158,Early,On Time
18.0,16.815607,Somewhat Late,Somewhat Late
13.0,9.191955,On Time,On Time
7.0,7.735661,Early,Early
16.0,17.766348,Somewhat Late,Somewhat Late
4.0,4.959144,Somewhat Early,Somewhat Early
16.0,13.971037,Somewhat Late,On Time
4.0,3.782611,Somewhat Early,Somewhat Early
16.0,23.080763,Somewhat Late,Very Late
14.0,8.36148,On Time,Early
7.0,7.3229313,Early,Early
13.0,12.423903,On Time,On Time
4.0,6.697254,Somewhat Early,Early
13.0,17.440918,On Time,Somewhat Late
4.0,4.1890335,Somewhat Early,Somewhat Early
10.0,15.558603,On Time,Somewhat Late
10.0,4.8504014,On Time,Somewhat Early
14.0,13.851971,On Time,On Time
6.0,4.34833,Somewhat Early,Somewhat Early
5.0,4.3116136,Somewhat Early,Somewhat Early
4.0,3.7784348,Somewhat Early,Somewhat Early
14.0,17.67526,On Time,Somewhat Late
16.0,19.782429,Somewhat Late,Somewhat Late
15.0,13.350961,Somewhat Late,On Time
7.0,11.794112,Early,On Time
2.0,4.860594,Very Early,Somewhat Early
4.0,5.329487,Somewhat Early,Somewhat Early
6.0,4.0629005,Somewhat Early,Somewhat Early
15.0,18.36351,Somewhat Late,Somewhat Late
11.0,10.211767,On Time,On Time
11.0,7.4532704,On Time,Early
14.0,10.277937,On Time,On Time
13.0,13.361586,On Time,On Time
11.0,9.130905,On Time,On Time
14.0,10.050232,On Time,On Time
8.0,5.1449103,Early,Somewhat Early
11.0,12.308719,On Time,On Time
9.0,8.63344,Early,Early
14.0,17.611149,On Time,Somewhat Late
18.0,16.48719,Somewhat Late,Somewhat Late
1.0,8.3748455,Very Early,Early
11.0,11.676939,On Time,On Time
19.0,6.9241924,Somewhat Late,Early
11.0,9.229355,On Time,On Time
11.0,7.924692,On Time,Early
9.0,7.7882957,Early,Early
13.0,11.99588,On Time,On Time
14.0,12.633247,On Time,On Time
4.0,5.715237,Somewhat Early,Somewhat Early
10.0,8.24915,On Time,Early
7.0,10.291498,Early,On Time
3.0,9.431397,Very Early,On Time
8.0,13.810379,Early,On Time
19.0,16.819508,Somewhat Late,Somewhat Late
14.0,6.9885874,On Time,Early
10.0,6.8932414,On Time,Early
5.0,7.261442,Somewhat Early,Early
6.0,7.21077,Somewhat Early,Early
11.0,10.821504,On Time,On Time
6.0,10.617396,Somewhat Early,On Time
4.0,3.9261203,Somewhat Early,Somewhat Early
6.0,9.229899,Somewhat Early,On Time
16.0,18.728031,Somewhat Late,Somewhat Late
6.0,13.160232,Somewhat Early,On Time
14.0,14.4011,On Time,Somewhat Late
7.0,5.628669,Early,Somewhat Early
2.0,3.7773285,Very Early,Somewhat Early
13.0,11.859604,On Time,On Time
9.0,8.500473,Early,Early
3.0,5.9718475,Very Early,Somewhat Early
9.0,11.000902,Early,On Time
6.0,3.890782,Somewhat Early,Somewhat Early
1.0,3.8777168,Very Early,Somewhat Early
22.0,9.374871,Very Late,On Time
3.0,8.287035,Very Early,Early
14.0,8.558671,On Time,Early
8.0,7.854204,Early,Early
18.0,20.12107,Somewhat Late,Very Late
16.0,10.750893,Somewhat Late,On Time
7.0,12.89399,Early,On Time
17.0,11.123916,Somewhat Late,On Time
5.0,7.187666,Somewhat Early,Early
20.0,13.760201,Somewhat Late,On Time
9.0,10.198391,Early,On Time
2.0,7.342313,Very Early,Early
6.0,7.4342647,Somewhat Early,Early
15.0,13.860053,Somewhat Late,On Time
4.0,5.4052563,Somewhat Early,Somewhat Early
15.0,8.592668,Somewhat Late,Early
3.0,3.7944589,Very Early,Somewhat Early
8.0,10.117952,Early,On Time
4.0,7.419257,Somewhat Early,Early
11.0,9.257618,On Time,On Time
11.0,16.485067,On Time,Somewhat Late
4.0,7.360798,Somewhat Early,Early
12.0,7.6485305,On Time,Early
12.0,16.35691,On Time,Somewhat Late
14.0,15.249196,On Time,Somewhat Late
13.0,12.244381,On Time,On Time
8.0,11.492542,Early,On Time
6.0,8.078861,Somewhat Early,Early
7.0,6.5579386,Early,Early
6.0,8.7812805,Somewhat Early,Early
6.0,5.4100213,Somewhat Early,Somewhat Early
8.0,7.488577,Early,Early
7.0,8.103469,Early,Early
7.0,8.335149,Early,Early
21.0,23.762138,Very Late,Very Late
9.0,11.848191,Early,On Time
20.0,18.631641,Somewhat Late,Somewhat Late
7.0,15.898605,Early,Somewhat Late
5.0,5.220194,Somewhat Early,Somewhat Early
24.0,16.491835,Very Late,Somewhat Late
6.0,11.913968,Somewhat Early,On Time
21.0,18.929737,Very Late,Somewhat Late
6.0,9.224367,Somewhat Early,On Time
2.0,4.7889657,Very Early,Somewhat Early
9.0,15.619732,Early,Somewhat Late
21.0,11.918028,Very Late,On Time
5.0,3.864937,Somewhat Early,Somewhat Early
1.0,3.7701302,Very Early,Somewhat Early
2.0,4.625004,Very Early,Somewhat Early
7.0,8.833423,Early,Early
20.0,10.670965,Somewhat Late,On Time
7.0,13.799225,Early,On Time
9.0,12.722778,Early,On Time
6.0,6.5368843,Somewhat Early,Early
15.0,11.93636,Somewhat Late,On Time
6.0,7.5613728,Somewhat Early,Early
15.0,12.534253,Somewhat Late,On Time
19.0,16.875288,Somewhat Late,Somewhat Late
25.0,12.714561,Very Late,On Time
20.0,13.312697,Somewhat Late,On Time
4.0,7.5608997,Somewhat Early,Early
19.0,9.133049,Somewhat Late,On Time
6.0,6.0048885,Somewhat Early,Early
9.0,8.363524,Early,Early
3.0,6.8746552,Very Early,Early
14.0,16.631674,On Time,Somewhat Late
18.0,16.472778,Somewhat Late,Somewhat Late
13.0,9.453856,On Time,On Time
16.0,9.079017,Somewhat Late,On Time
9.0,13.825944,Early,On Time
8.0,6.948205,Early,Early
14.0,12.863741,On Time,On Time
3.0,5.113668,Very Early,Somewhat Early
8.0,6.6569037,Early,Early
21.0,8.397141,Very Late,Early
19.0,9.549814,Somewhat Late,On Time
13.0,8.486446,On Time,Early
5.0,3.8280199,Somewhat Early,Somewhat Early
18.0,12.863796,Somewhat Late,On Time
3.0,6.5767956,Very Early,Early
11.0,9.695502,On Time,On Time
9.0,9.211074,Early,On Time
14.0,12.566168,On Time,On Time
5.0,3.809823,Somewhat Early,Somewhat Early
5.0,8.817717,Somewhat Early,Early
10.0,7.993314,On Time,Early
9.0,9.2501335,Early,On Time
4.0,3.773659,Somewhat Early,Somewhat Early
9.0,8.408324,Early,Early
23.0,14.146187,Very Late,Somewhat Late
5.0,3.798274,Somewhat Early,Somewhat Early
4.0,17.664238,Somewhat Early,Somewhat Late
17.0,13.65603,Somewhat Late,On Time
1.0,3.9850674,Very Early,Somewhat Early
9.0,9.476874,Early,On Time
12.0,13.648623,On Time,On Time
9.0,7.310915,Early,Early
19.0,11.774121,Somewhat Late,On Time
12.0,11.53445,On Time,On Time
1.0,3.7960782,Very Early,Somewhat Early
5.0,10.28258,Somewhat Early,On Time
9.0,9.2951565,Early,On Time
14.0,9.484024,On Time,On Time
12.0,8.727591,On Time,Early
8.0,9.695222,Early,On Time
1.0,3.8508213,Very Early,Somewhat Early
22.0,15.361328,Very Late,Somewhat Late
3.0,4.9952016,Very Early,Somewhat Early
16.0,14.3421955,Somewhat Late,Somewhat Late
12.0,12.410889,On Time,On Time
6.0,3.8685076,Somewhat Early,Somewhat Early
8.0,3.9911456,Early,Somewhat Early
17.0,8.601344,Somewhat Late,Early
4.0,5.1874084,Somewhat Early,Somewhat Early
9.0,9.010191,Early,On Time
10.0,15.575708,On Time,Somewhat Late
4.0,4.7900867,Somewhat Early,Somewhat Early
15.0,13.627493,Somewhat Late,On Time
12.0,10.38192,On Time,On Time
7.0,4.4496317,Early,Somewhat Early
14.0,9.985234,On Time,On Time
15.0,5.4521527,Somewhat Late,Somewhat Early
2.0,4.4036365,Very Early,Somewhat Early
9.0,11.867025,Early,On Time
4.0,4.7257547,Somewhat Early,Somewhat Early
2.0,3.7766314,Very Early,Somewhat Early
14.0,7.816039,On Time,Early
4.0,5.254832,Somewhat Early,Somewhat Early
11.0,10.818375,On Time,On Time
4.0,4.1637154,Somewhat Early,Somewhat Early
9.0,8.597687,Early,Early
5.0,8.763204,Somewhat Early,Early
3.0,3.895277,Very Early,Somewhat Early
7.0,5.8269844,Early,Somewhat Early
6.0,8.041476,Somewhat Early,Early
6.0,4.7920485,Somewhat Early,Somewhat Early
3.0,3.9001577,Very Early,Somewhat Early
9.0,6.3819504,Early,Early
12.0,13.93649,On Time,On Time
9.0,9.886905,Early,On Time
2.0,4.0534277,Very Early,Somewhat Early
14.0,10.798399,On Time,On Time
12.0,7.1668973,On Time,Early
6.0,8.478526,Somewhat Early,Early
12.0,16.008867,On Time,Somewhat Late
2.0,5.9033847,Very Early,Somewhat Early
21.0,16.9129,Very Late,Somewhat Late
8.0,7.308068,Early,Early
13.0,8.0533905,On Time,Early
9.0,7.1929836,Early,Early
7.0,3.8299453,Early,Somewhat Early
6.0,10.670187,Somewhat Early,On Time
7.0,8.431809,Early,Early
1.0,3.7901285,Very Early,Somewhat Early
1.0,8.648033,Very Early,Early
8.0,5.4414907,Early,Somewhat Early
7.0,7.4823074,Early,Early
4.0,4.5309176,Somewhat Early,Somewhat Early
15.0,9.766682,Somewhat Late,On Time
16.0,6.8355966,Somewhat Late,Early
9.0,11.458857,Early,On Time
8.0,6.8077946,Early,Early
1.0,3.8171318,Very Early,Somewhat Early
16.0,10.734439,Somewhat Late,On Time
11.0,7.5216923,On Time,Early
13.0,10.856587,On Time,On Time
18.0,16.322178,Somewhat Late,Somewhat Late
2.0,3.7949963,Very Early,Somewhat Early
15.0,10.117384,Somewhat Late,On Time
7.0,14.047047,Early,Somewhat Late
18.0,4.0744033,Somewhat Late,Somewhat Early
4.0,4.0316343,Somewhat Early,Somewhat Early
17.0,19.842583,Somewhat Late,Somewhat Late
5.0,7.663963,Somewhat Early,Early
7.0,7.7702537,Early,Early
18.0,16.253418,Somewhat Late,Somewhat Late
7.0,10.918742,Early,On Time
1.0,3.828516,Very Early,Somewhat Early
9.0,14.688285,Early,Somewhat Late
7.0,9.402224,Early,On Time
8.0,6.276624,Early,Early
15.0,13.412527,Somewhat Late,On Time
9.0,12.925152,Early,On Time
9.0,9.198143,Early,On Time
6.0,9.064302,Somewhat Early,On Time
7.0,8.265585,Early,Early
12.0,11.0091095,On Time,On Time
9.0,6.710957,Early,Early
13.0,12.253492,On Time,On Time
8.0,7.584466,Early,Early
18.0,13.599252,Somewhat Late,On Time
24.0,14.490635,Very Late,Somewhat Late
13.0,10.116288,On Time,On Time
11.0,5.7825413,On Time,Somewhat Early
7.0,13.9493885,Early,On Time
12.0,12.078995,On Time,On Time
9.0,14.7295265,Early,Somewhat Late
21.0,10.308945,Very Late,On Time
4.0,13.602104,Somewhat Early,On Time
12.0,16.035738,On Time,Somewhat Late
3.0,4.2605057,Very Early,Somewhat Early
14.0,9.633946,On Time,On Time
2.0,4.0483227,Very Early,Somewhat Early
24.0,15.577248,Very Late,Somewhat Late
8.0,10.858122,Early,On Time
21.0,16.620691,Very Late,Somewhat Late
13.0,11.117578,On Time,On Time
9.0,3.7818518,Early,Somewhat Early
7.0,10.31287,Early,On Time
22.0,20.445732,Very Late,Very Late
14.0,17.406952,On Time,Somewhat Late
13.0,13.649323,On Time,On Time
4.0,4.756259,Somewhat Early,Somewhat Early
11.0,12.667225,On Time,On Time
18.0,18.340904,Somewhat Late,Somewhat Late
12.0,8.351275,On Time,Early
9.0,7.840283,Early,Early
3.0,3.7887983,Very Early,Somewhat Early
9.0,8.2024555,Early,Early
15.0,8.790386,Somewhat Late,Early
13.0,4.930826,On Time,Somewhat Early
10.0,8.385877,On Time,Early
8.0,6.642862,Early,Early
3.0,6.5954814,Very Early,Early
4.0,12.133086,Somewhat Early,On Time
14.0,15.617854,On Time,Somewhat Late
4.0,10.271775,Somewhat Early,On Time
9.0,7.608058,Early,Early
8.0,8.207374,Early,Early
5.0,3.7935848,Somewhat Early,Somewhat Early
21.0,18.564999,Very Late,Somewhat Late
15.0,11.076639,Somewhat Late,On Time
4.0,5.6463585,Somewhat Early,Somewhat Early
21.0,14.830157,Very Late,Somewhat Late
11.0,10.6692295,On Time,On Time
21.0,19.488234,Very Late,Somewhat Late
3.0,9.08666,Very Early,On Time
11.0,8.743764,On Time,Early
18.0,9.649754,Somewhat Late,On Time
5.0,5.251715,Somewhat Early,Somewhat Early
14.0,11.055394,On Time,On Time
4.0,4.3384256,Somewhat Early,Somewhat Early
14.0,14.49832,On Time,Somewhat Late
23.0,16.491404,Very Late,Somewhat Late
1.0,3.8018377,Very Early,Somewhat Early
17.0,5.346234,Somewhat Late,Somewhat Early
6.0,3.791824,Somewhat Early,Somewhat Early
20.0,12.465105,Somewhat Late,On Time
8.0,10.130374,Early,On Time
16.0,12.929419,Somewhat Late,On Time
5.0,6.9239397,Somewhat Early,Early
8.0,8.323338,Early,Early
22.0,17.9901,Very Late,Somewhat Late
14.0,9.907182,On Time,On Time
8.0,4.9164724,Early,Somewhat Early
11.0,11.109641,On Time,On Time
20.0,11.313907,Somewhat Late,On Time
2.0,8.870024,Very Early,Early
14.0,6.290329,On Time,Early
8.0,8.794911,Early,Early
9.0,11.329953,Early,On Time
3.0,10.210026,Very Early,On Time
10.0,9.903926,On Time,On Time
2.0,4.2519035,Very Early,Somewhat Early
3.0,6.2989535,Very Early,Early
2.0,3.7838354,Very Early,Somewhat Early
7.0,6.1271505,Early,Early
3.0,4.7793837,Very Early,Somewhat Early
13.0,16.368608,On Time,Somewhat Late
14.0,13.011389,On Time,On Time
6.0,5.780498,Somewhat Early,Somewhat Early
20.0,18.498295,Somewhat Late,Somewhat Late
5.0,5.268377,Somewhat Early,Somewhat Early
14.0,13.959336,On Time,On Time
15.0,8.350672,Somewhat Late,Early
2.0,3.795638,Very Early,Somewhat Early
4.0,3.7863095,Somewhat Early,Somewhat Early
18.0,17.073477,Somewhat Late,Somewhat Late
7.0,10.368671,Early,On Time
5.0,6.4719,Somewhat Early,Early
6.0,8.735636,Somewhat Early,Early
6.0,3.8687623,Somewhat Early,Somewhat Early
2.0,3.9317913,Very Early,Somewhat Early
8.0,5.2694077,Early,Somewhat Early
12.0,11.329639,On Time,On Time
6.0,4.6995087,Somewhat Early,Somewhat Early
16.0,10.486929,Somewhat Late,On Time
9.0,7.2987537,Early,Early
10.0,11.169922,On Time,On Time
17.0,14.763752,Somewhat Late,Somewhat Late
9.0,6.5160203,Early,Early
17.0,13.367589,Somewhat Late,On Time
7.0,8.827311,Early,Early
20.0,14.878413,Somewhat Late,Somewhat Late
1.0,3.7742136,Very Early,Somewhat Early
4.0,3.787427,Somewhat Early,Somewhat Early
7.0,19.79755,Early,Somewhat Late
5.0,6.145633,Somewhat Early,Early
20.0,4.98591,Somewhat Late,Somewhat Early
12.0,11.00603,On Time,On Time
20.0,17.424925,Somewhat Late,Somewhat Late
14.0,14.225107,On Time,Somewhat Late
4.0,3.8433006,Somewhat Early,Somewhat Early
15.0,14.613335,Somewhat Late,Somewhat Late
6.0,4.67459,Somewhat Early,Somewhat Early
8.0,7.7378054,Early,Early
11.0,8.770449,On Time,Early
6.0,13.34058,Somewhat Early,On Time
4.0,7.3823543,Somewhat Early,Early
11.0,9.566565,On Time,On Time
15.0,11.447294,Somewhat Late,On Time
13.0,12.796379,On Time,On Time
11.0,9.918223,On Time,On Time
10.0,4.514657,On Time,Somewhat Early
13.0,12.610604,On Time,On Time
4.0,8.001661,Somewhat Early,Early
11.0,7.720338,On Time,Early
10.0,10.000206,On Time,On Time
6.0,3.7920861,Somewhat Early,Somewhat Early
7.0,6.5175138,Early,Early
5.0,3.9925084,Somewhat Early,Somewhat Early
17.0,9.493652,Somewhat Late,On Time
10.0,8.77464,On Time,Early
8.0,7.8389344,Early,Early
1.0,3.8105516,Very Early,Somewhat Early
19.0,17.25345,Somewhat Late,Somewhat Late
5.0,6.6322527,Somewhat Early,Early
13.0,12.991499,On Time,On Time
14.0,6.333985,On Time,Early
7.0,5.701538,Early,Somewhat Early
24.0,18.119232,Very Late,Somewhat Late
27.0,23.842403,Very Late,Very Late
7.0,7.1491346,Early,Early
7.0,7.7107816,Early,Early
16.0,10.050139,Somewhat Late,On Time
20.0,17.80926,Somewhat Late,Somewhat Late
8.0,4.3153067,Early,Somewhat Early
6.0,6.540529,Somewhat Early,Early
20.0,16.756119,Somewhat Late,Somewhat Late
13.0,11.695818,On Time,On Time
4.0,9.126919,Somewhat Early,On Time
16.0,10.273749,Somewhat Late,On Time
8.0,7.021646,Early,Early
1.0,3.8214815,Very Early,Somewhat Early
6.0,5.541216,Somewhat Early,Somewhat Early
12.0,8.817358,On Time,Early
13.0,6.8741875,On Time,Early
12.0,10.227508,On Time,On Time
15.0,13.181494,Somewhat Late,On Time
8.0,6.3218274,Early,Early
2.0,3.7918801,Very Early,Somewhat Early
7.0,5.93357,Early,Somewhat Early
12.0,10.386605,On Time,On Time
19.0,10.86723,Somewhat Late,On Time
10.0,13.529461,On Time,On Time
8.0,6.57535,Early,Early
17.0,10.221807,Somewhat Late,On Time
7.0,6.8207784,Early,Early
12.0,10.692832,On Time,On Time
19.0,18.467054,Somewhat Late,Somewhat Late
9.0,6.595791,Early,Early
5.0,5.5111394,Somewhat Early,Somewhat Early
21.0,14.295232,Very Late,Somewhat Late
20.0,16.6105,Somewhat Late,Somewhat Late
10.0,6.95261,On Time,Early
3.0,3.9036446,Very Early,Somewhat Early
9.0,7.14815,Early,Early
2.0,3.7851057,Very Early,Somewhat Early
8.0,8.757868,Early,Early
15.0,10.916895,Somewhat Late,On Time
8.0,11.442886,Early,On Time
7.0,4.606367,Early,Somewhat Early
7.0,9.823187,Early,On Time
11.0,10.390102,On Time,On Time
4.0,8.507986,Somewhat Early,Early
28.0,24.584812,Very Late,Very Late
5.0,14.489836,Somewhat Early,Somewhat Late
15.0,10.916043,Somewhat Late,On Time
8.0,12.177151,Early,On Time
13.0,5.312532,On Time,Somewhat Early
7.0,8.375952,Early,Early
8.0,9.328662,Early,On Time
17.0,18.997932,Somewhat Late,Somewhat Late
12.0,8.979528,On Time,Early
5.0,9.435507,Somewhat Early,On Time
3.0,3.803309,Very Early,Somewhat Early
5.0,10.077581,Somewhat Early,On Time
8.0,9.55536,Early,On Time
9.0,10.97904,Early,On Time
15.0,15.875657,Somewhat Late,Somewhat Late
14.0,9.373029,On Time,On Time
7.0,8.237873,Early,Early
13.0,15.777983,On Time,Somewhat Late
14.0,15.246722,On Time,Somewhat Late
6.0,4.0037627,Somewhat Early,Somewhat Early
5.0,6.7042556,Somewhat Early,Early
6.0,6.774294,Somewhat Early,Early
7.0,6.017552,Early,Early
7.0,9.407205,Early,On Time
8.0,5.1589613,Early,Somewhat Early
22.0,15.688499,Very Late,Somewhat Late
13.0,7.4952707,On Time,Early
4.0,3.8012018,Somewhat Early,Somewhat Early
25.0,10.942366,Very Late,On Time
2.0,3.9642005,Very Early,Somewhat Early
9.0,8.150478,Early,Early
20.0,15.244396,Somewhat Late,Somewhat Late
6.0,7.496545,Somewhat Early,Early
21.0,15.105789,Very Late,Somewhat Late
13.0,14.464688,On Time,Somewhat Late
8.0,9.159389,Early,On Time
10.0,7.882271,On Time,Early
9.0,9.206001,Early,On Time
4.0,4.218161,Somewhat Early,Somewhat Early
22.0,13.014137,Very Late,On Time
2.0,4.626058,Very Early,Somewhat Early
5.0,7.1160355,Somewhat Early,Early
17.0,14.216569,Somewhat Late,Somewhat Late
4.0,7.312646,Somewhat Early,Early
19.0,11.4809265,Somewhat Late,On Time
11.0,17.789701,On Time,Somewhat Late
25.0,13.58634,Very Late,On Time
11.0,8.684502,On Time,Early
6.0,4.492083,Somewhat Early,Somewhat Early
11.0,5.636075,On Time,Somewhat Early
8.0,13.498369,Early,On Time
9.0,7.383255,Early,Early
8.0,8.559306,Early,Early
15.0,12.563444,Somewhat Late,On Time
19.0,18.004896,Somewhat Late,Somewhat Late
6.0,10.046543,Somewhat Early,On Time
9.0,6.0335407,Early,Early
13.0,9.35958,On Time,On Time
5.0,19.20798,Somewhat Early,Somewhat Late
6.0,4.287337,Somewhat Early,Somewhat Early
10.0,8.043938,On Time,Early
13.0,13.917452,On Time,On Time
4.0,6.1367807,Somewhat Early,Early
7.0,7.1768775,Early,Early
19.0,18.848051,Somewhat Late,Somewhat Late
7.0,5.198927,Early,Somewhat Early
6.0,6.0929213,Somewhat Early,Early
11.0,9.761899,On Time,On Time
14.0,9.185411,On Time,On Time
19.0,13.350512,Somewhat Late,On Time
13.0,6.6501412,On Time,Early
6.0,11.128214,Somewhat Early,On Time
15.0,12.723411,Somewhat Late,On Time
4.0,4.3023357,Somewhat Early,Somewhat Early
11.0,4.783629,On Time,Somewhat Early
1.0,4.6857643,Very Early,Somewhat Early
6.0,8.397713,Somewhat Early,Early
8.0,9.216957,Early,On Time
4.0,4.190017,Somewhat Early,Somewhat Early
4.0,9.06711,Somewhat Early,On Time
15.0,15.777983,Somewhat Late,Somewhat Late
14.0,9.306454,On Time,On Time
7.0,7.5217586,Early,Early
12.0,12.39727,On Time,On Time
8.0,9.550091,Early,On Time
10.0,11.761755,On Time,On Time
5.0,8.653013,Somewhat Early,Early
17.0,12.774917,Somewhat Late,On Time
15.0,8.190551,Somewhat Late,Early
5.0,6.936449,Somewhat Early,Early
4.0,4.1579986,Somewhat Early,Somewhat Early
4.0,7.5252914,Somewhat Early,Early
15.0,11.715498,Somewhat Late,On Time
5.0,5.5412893,Somewhat Early,Somewhat Early
13.0,11.332352,On Time,On Time
14.0,10.9139,On Time,On Time
10.0,12.191119,On Time,On Time
2.0,3.8073924,Very Early,Somewhat Early
26.0,16.063253,Very Late,Somewhat Late
23.0,20.80467,Very Late,Very Late
7.0,6.508418,Early,Early
15.0,19.454834,Somewhat Late,Somewhat Late
14.0,9.30103,On Time,On Time
3.0,4.7021017,Very Early,Somewhat Early
14.0,9.380837,On Time,On Time
2.0,3.786473,Very Early,Somewhat Early
8.0,13.891139,Early,On Time
1.0,3.7727556,Very Early,Somewhat Early
24.0,18.605883,Very Late,Somewhat Late
13.0,9.632025,On Time,On Time
18.0,14.012839,Somewhat Late,Somewhat Late
16.0,14.408085,Somewhat Late,Somewhat Late
3.0,3.9193997,Very Early,Somewhat Early
16.0,13.055345,Somewhat Late,On Time
8.0,7.630506,Early,Early
11.0,11.266418,On Time,On Time
24.0,16.826843,Very Late,Somewhat Late
19.0,13.524983,Somewhat Late,On Time
8.0,8.469677,Early,Early
4.0,7.8557515,Somewhat Early,Early
19.0,16.387663,Somewhat Late,Somewhat Late
9.0,7.3180504,Early,Early
2.0,8.087595,Very Early,Early
9.0,8.884893,Early,Early
6.0,6.0420475,Somewhat Early,Early
13.0,10.794711,On Time,On Time
21.0,18.088001,Very Late,Somewhat Late
6.0,7.913263,Somewhat Early,Early
4.0,3.8647604,Somewhat Early,Somewhat Early
23.0,15.588539,Very Late,Somewhat Late
20.0,11.546973,Somewhat Late,On Time
20.0,12.4645605,Somewhat Late,On Time
24.0,9.210251,Very Late,On Time
16.0,9.598918,Somewhat Late,On Time
6.0,7.4495664,Somewhat Early,Early
8.0,6.57229,Early,Early
6.0,4.1736217,Somewhat Early,Somewhat Early
7.0,6.1759024,Early,Early
11.0,8.634532,On Time,Early
20.0,14.734903,Somewhat Late,Somewhat Late
6.0,9.907117,Somewhat Early,On Time
7.0,5.1421437,Early,Somewhat Early
19.0,16.950235,Somewhat Late,Somewhat Late
6.0,3.8048277,Somewhat Early,Somewhat Early
2.0,7.3400526,Very Early,Early
15.0,13.902618,Somewhat Late,On Time
5.0,4.0693035,Somewhat Early,Somewhat Early
13.0,15.241173,On Time,Somewhat Late
17.0,9.094646,Somewhat Late,On Time
20.0,15.799676,Somewhat Late,Somewhat Late
8.0,11.740812,Early,On Time
3.0,9.054182,Very Early,On Time
8.0,5.7708535,Early,Somewhat Early
25.0,25.673256,Very Late,Very Late
16.0,16.417171,Somewhat Late,Somewhat Late
13.0,14.562414,On Time,Somewhat Late
8.0,7.711061,Early,Early
11.0,14.572221,On Time,Somewhat Late
11.0,8.279562,On Time,Early
8.0,3.8252368,Early,Somewhat Early
6.0,7.9387956,Somewhat Early,Early
28.0,23.80183,Very Late,Very Late
13.0,12.281408,On Time,On Time
14.0,10.572196,On Time,On Time
13.0,8.59328,On Time,Early
12.0,16.499575,On Time,Somewhat Late
10.0,4.187377,On Time,Somewhat Early
4.0,12.314,Somewhat Early,On Time
4.0,4.199361,Somewhat Early,Somewhat Early
7.0,12.141081,Early,On Time
23.0,16.304472,Very Late,Somewhat Late
11.0,9.627493,On Time,On Time
20.0,20.49756,Somewhat Late,Very Late
13.0,11.99461,On Time,On Time
7.0,5.410303,Early,Somewhat Early
8.0,8.855564,Early,Early
6.0,3.7878292,Somewhat Early,Somewhat Early
2.0,7.37741,Very Early,Early
21.0,12.9387,Very Late,On Time
17.0,12.360881,Somewhat Late,On Time
23.0,12.121753,Very Late,On Time
1.0,3.913918,Very Early,Somewhat Early
2.0,4.238397,Very Early,Somewhat Early
21.0,9.121935,Very Late,On Time
9.0,7.164015,Early,Early
8.0,8.606962,Early,Early
7.0,9.256977,Early,On Time
4.0,4.6975193,Somewhat Early,Somewhat Early
7.0,6.2823243,Early,Early
13.0,7.55163,On Time,Early
6.0,7.1973844,Somewhat Early,Early
8.0,7.758987,Early,Early
9.0,6.218514,Early,Early
6.0,4.711811,Somewhat Early,Somewhat Early
12.0,24.035698,On Time,Very Late
14.0,9.326431,On Time,On Time
6.0,6.8055797,Somewhat Early,Early
7.0,9.39084,Early,On Time
13.0,13.141133,On Time,On Time
11.0,3.8037763,On Time,Somewhat Early
12.0,9.8598995,On Time,On Time
5.0,8.653608,Somewhat Early,Early
1.0,9.011599,Very Early,On Time
17.0,15.47326,Somewhat Late,Somewhat Late
4.0,15.3456335,Somewhat Early,Somewhat Late
7.0,3.8389375,Early,Somewhat Early
6.0,8.713762,Somewhat Early,Early
21.0,10.116954,Very Late,On Time
10.0,10.494893,On Time,On Time
13.0,12.825475,On Time,On Time
11.0,12.8852825,On Time,On Time
6.0,9.01781,Somewhat Early,On Time
4.0,9.277053,Somewhat Early,On Time
7.0,8.980963,Early,Early
9.0,8.866802,Early,Early
13.0,7.4841185,On Time,Early
4.0,6.447507,Somewhat Early,Early
2.0,4.560364,Very Early,Somewhat Early
4.0,7.349352,Somewhat Early,Early
6.0,7.256299,Somewhat Early,Early
4.0,3.864703,Somewhat Early,Somewhat Early
18.0,9.668623,Somewhat Late,On Time
6.0,5.509028,Somewhat Early,Somewhat Early
13.0,9.338969,On Time,On Time
15.0,7.792131,Somewhat Late,Early
8.0,5.9781,Early,Somewhat Early
10.0,8.051355,On Time,Early
10.0,7.662436,On Time,Early
4.0,5.0472116,Somewhat Early,Somewhat Early
17.0,13.602813,Somewhat Late,On Time
4.0,5.608462,Somewhat Early,Somewhat Early
10.0,8.192215,On Time,Early
15.0,13.098566,Somewhat Late,On Time
5.0,3.841714,Somewhat Early,Somewhat Early
9.0,7.346227,Early,Early
14.0,13.758223,On Time,On Time
8.0,3.7905529,Early,Somewhat Early
10.0,14.8433075,On Time,Somewhat Late
19.0,15.862304,Somewhat Late,Somewhat Late
10.0,11.779603,On Time,On Time
7.0,13.667383,Early,On Time
7.0,7.468491,Early,Early
9.0,8.153997,Early,Early
4.0,5.745252,Somewhat Early,Somewhat Early
7.0,9.772533,Early,On Time
8.0,8.538159,Early,Early
6.0,7.456931,Somewhat Early,Early
18.0,11.8347,Somewhat Late,On Time
4.0,6.072938,Somewhat Early,Early
9.0,9.441093,Early,On Time
9.0,9.344339,Early,On Time
6.0,6.83473,Somewhat Early,Early
19.0,17.206314,Somewhat Late,Somewhat Late
1.0,7.137177,Very Early,Early
13.0,8.964987,On Time,Early
11.0,10.260744,On Time,On Time
13.0,4.327498,On Time,Somewhat Early
6.0,4.444056,Somewhat Early,Somewhat Early
8.0,8.168474,Early,Early
19.0,16.006775,Somewhat Late,Somewhat Late
8.0,7.277125,Early,Early
10.0,8.929057,On Time,Early
7.0,10.121353,Early,On Time
18.0,16.081158,Somewhat Late,Somewhat Late
7.0,6.351569,Early,Early
19.0,8.656804,Somewhat Late,Early
7.0,4.969645,Early,Somewhat Early
10.0,11.2108345,On Time,On Time
3.0,5.9446383,Very Early,Somewhat Early
17.0,9.677013,Somewhat Late,On Time
6.0,5.958221,Somewhat Early,Somewhat Early
8.0,9.200588,Early,On Time
5.0,6.7084455,Somewhat Early,Early
12.0,7.8695836,On Time,Early
5.0,18.932438,Somewhat Early,Somewhat Late
6.0,5.943064,Somewhat Early,Somewhat Early
14.0,8.9596,On Time,Early
2.0,15.946778,Very Early,Somewhat Late
14.0,19.79074,On Time,Somewhat Late
3.0,7.48652,Very Early,Early
9.0,9.792629,Early,On Time
16.0,10.203215,Somewhat Late,On Time
2.0,6.242215,Very Early,Early
15.0,10.367069,Somewhat Late,On Time
15.0,8.698501,Somewhat Late,Early
4.0,4.7057943,Somewhat Early,Somewhat Early
14.0,8.796221,On Time,Early
9.0,12.320679,Early,On Time
11.0,10.033278,On Time,On Time
9.0,3.7738218,Early,Somewhat Early
14.0,6.7309737,On Time,Early
5.0,11.135639,Somewhat Early,On Time
15.0,4.1790915,Somewhat Late,Somewhat Early
11.0,7.8320894,On Time,Early
11.0,5.596195,On Time,Somewhat Early
9.0,6.526703,Early,Early
13.0,12.080319,On Time,On Time
14.0,13.341913,On Time,On Time
12.0,6.4149084,On Time,Early
5.0,7.2870917,Somewhat Early,Early
3.0,3.8173008,Very Early,Somewhat Early
13.0,11.966352,On Time,On Time
11.0,13.760269,On Time,On Time
13.0,9.324107,On Time,On Time
17.0,18.528502,Somewhat Late,Somewhat Late
10.0,10.001107,On Time,On Time
9.0,8.191537,Early,Early
4.0,8.0808115,Somewhat Early,Early
7.0,9.179001,Early,On Time
2.0,4.763682,Very Early,Somewhat Early
6.0,10.040473,Somewhat Early,On Time
21.0,17.97353,Very Late,Somewhat Late
2.0,3.9459598,Very Early,Somewhat Early
9.0,8.244059,Early,Early
17.0,8.971848,Somewhat Late,Early
2.0,3.8167892,Very Early,Somewhat Early
14.0,9.307664,On Time,On Time
6.0,6.952136,Somewhat Early,Early
8.0,9.230093,Early,On Time
6.0,8.752815,Somewhat Early,Early
2.0,4.1545305,Very Early,Somewhat Early
3.0,3.7737389,Very Early,Somewhat Early
4.0,3.9263258,Somewhat Early,Somewhat Early
12.0,11.494344,On Time,On Time
15.0,8.64823,Somewhat Late,Early
9.0,15.927376,Early,Somewhat Late
9.0,8.971455,Early,Early
10.0,10.587568,On Time,On Time
5.0,10.31174,Somewhat Early,On Time
10.0,14.529448,On Time,Somewhat Late
26.0,23.295103,Very Late,Very Late
2.0,5.0889654,Very Early,Somewhat Early
24.0,20.03832,Very Late,Very Late
15.0,15.070741,Somewhat Late,Somewhat Late
16.0,15.903637,Somewhat Late,Somewhat Late
5.0,6.658807,Somewhat Early,Early
11.0,6.2513366,On Time,Early
13.0,13.656351,On Time,On Time
4.0,7.1334696,Somewhat Early,Early
2.0,3.8095636,Very Early,Somewhat Early
10.0,7.5383735,On Time,Early
3.0,8.555514,Very Early,Early
14.0,13.319978,On Time,On Time
23.0,16.625917,Very Late,Somewhat Late
13.0,11.852734,On Time,On Time
3.0,3.7941973,Very Early,Somewhat Early
13.0,11.675628,On Time,On Time
18.0,10.571273,Somewhat Late,On Time
11.0,9.143155,On Time,On Time
3.0,10.384348,Very Early,On Time
8.0,7.927678,Early,Early
2.0,4.146084,Very Early,Somewhat Early
18.0,9.186249,Somewhat Late,On Time
5.0,4.310433,Somewhat Early,Somewhat Early
16.0,10.658417,Somewhat Late,On Time
3.0,5.9322333,Very Early,Somewhat Early
8.0,8.874562,Early,Early
11.0,12.809165,On Time,On Time
26.0,11.733158,Very Late,On Time
6.0,12.746718,Somewhat Early,On Time
5.0,15.64791,Somewhat Early,Somewhat Late
7.0,13.142482,Early,On Time
16.0,14.911765,Somewhat Late,Somewhat Late
18.0,9.695068,Somewhat Late,On Time
21.0,13.076116,Very Late,On Time
20.0,16.502434,Somewhat Late,Somewhat Late
3.0,3.8067284,Very Early,Somewhat Early
13.0,5.8108,On Time,Somewhat Early
28.0,7.773123,Very Late,Early
7.0,8.365782,Early,Early
16.0,15.433367,Somewhat Late,Somewhat Late
3.0,4.579753,Very Early,Somewhat Early
6.0,8.208147,Somewhat Early,Early
13.0,15.338438,On Time,Somewhat Late
8.0,7.052905,Early,Early
4.0,9.415449,Somewhat Early,On Time
14.0,8.445193,On Time,Early
3.0,5.0087223,Very Early,Somewhat Early
9.0,8.887999,Early,Early
7.0,11.285009,Early,On Time
18.0,10.14547,Somewhat Late,On Time
8.0,6.371833,Early,Early
7.0,3.800435,Early,Somewhat Early
12.0,11.796901,On Time,On Time
3.0,6.3094826,Very Early,Early
20.0,10.725885,Somewhat Late,On Time
5.0,8.476199,Somewhat Early,Early
10.0,15.772599,On Time,Somewhat Late
8.0,14.284639,Early,Somewhat Late
9.0,5.590333,Early,Somewhat Early
4.0,4.1260858,Somewhat Early,Somewhat Early
10.0,11.759816,On Time,On Time
19.0,17.040462,Somewhat Late,Somewhat Late
28.0,19.810957,Very Late,Somewhat Late
16.0,3.9962134,Somewhat Late,Somewhat Early
14.0,11.377928,On Time,On Time
13.0,9.762676,On Time,On Time
6.0,7.9445634,Somewhat Early,Early
2.0,4.7846923,Very Early,Somewhat Early
11.0,13.046174,On Time,On Time
28.0,21.093983,Very Late,Very Late
3.0,5.0475698,Very Early,Somewhat Early
14.0,3.7949367,On Time,Somewhat Early
16.0,7.549027,Somewhat Late,Early
6.0,8.445735,Somewhat Early,Early
15.0,11.245494,Somewhat Late,On Time
22.0,13.666905,Very Late,On Time
7.0,8.65646,Early,Early
20.0,19.35934,Somewhat Late,Somewhat Late
7.0,4.2499924,Early,Somewhat Early
3.0,5.3174133,Very Early,Somewhat Early
3.0,5.299999,Very Early,Somewhat Early
7.0,10.886018,Early,On Time
8.0,10.368453,Early,On Time
5.0,3.8744116,Somewhat Early,Somewhat Early
7.0,5.0759096,Early,Somewhat Early
13.0,16.125301,On Time,Somewhat Late
4.0,8.49812,Somewhat Early,Early
17.0,18.136099,Somewhat Late,Somewhat Late
5.0,6.0834055,Somewhat Early,Early
7.0,7.6352615,Early,Early
2.0,9.942009,Very Early,On Time
14.0,12.172874,On Time,On Time
11.0,9.175407,On Time,On Time
21.0,13.597533,Very Late,On Time
8.0,9.6873045,Early,On Time
3.0,4.7477584,Very Early,Somewhat Early
6.0,6.485278,Somewhat Early,Early
2.0,4.610411,Very Early,Somewhat Early
4.0,3.8520074,Somewhat Early,Somewhat Early
3.0,9.553639,Very Early,On Time
6.0,11.732609,Somewhat Early,On Time
2.0,3.7717724,Very Early,Somewhat Early
12.0,12.09536,On Time,On Time
5.0,6.3200536,Somewhat Early,Early
2.0,7.223127,Very Early,Early
10.0,7.7887545,On Time,Early
12.0,9.163637,On Time,On Time
8.0,3.911172,Early,Somewhat Early
25.0,15.765038,Very Late,Somewhat Late
18.0,16.880816,Somewhat Late,Somewhat Late
12.0,11.438175,On Time,On Time
4.0,3.8119252,Somewhat Early,Somewhat Early
3.0,3.864937,Very Early,Somewhat Early
8.0,8.543517,Early,Early
9.0,7.6169324,Early,Early
11.0,10.275408,On Time,On Time
6.0,9.875627,Somewhat Early,On Time
20.0,20.554739,Somewhat Late,Very Late
6.0,8.1773205,Somewhat Early,Early
10.0,9.977411,On Time,On Time
7.0,4.7150555,Early,Somewhat Early
19.0,14.346926,Somewhat Late,Somewhat Late
7.0,7.012595,Early,Early
8.0,6.5677176,Early,Early
6.0,8.855732,Somewhat Early,Early
16.0,12.36847,Somewhat Late,On Time
9.0,13.77904,Early,On Time
6.0,8.789182,Somewhat Early,Early
6.0,3.8889937,Somewhat Early,Somewhat Early
11.0,10.684094,On Time,On Time
20.0,12.49552,Somewhat Late,On Time
5.0,5.4275723,Somewhat Early,Somewhat Early
5.0,3.8017282,Somewhat Early,Somewhat Early
7.0,6.9659653,Early,Early
8.0,7.3923087,Early,Early
11.0,14.475064,On Time,Somewhat Late
14.0,8.945675,On Time,Early
7.0,8.461065,Early,Early
12.0,6.4149084,On Time,Early
14.0,5.235993,On Time,Somewhat Early
8.0,15.994549,Early,Somewhat Late
10.0,8.85618,On Time,Early
2.0,3.7840176,Very Early,Somewhat Early
24.0,20.05254,Very Late,Very Late
10.0,3.8878098,On Time,Somewhat Early
3.0,3.8248467,Very Early,Somewhat Early
14.0,7.649439,On Time,Early
7.0,5.7420034,Early,Somewhat Early
9.0,4.036985,Early,Somewhat Early
28.0,21.147413,Very Late,Very Late
13.0,8.131373,On Time,Early
13.0,5.21975,On Time,Somewhat Early
5.0,3.837654,Somewhat Early,Somewhat Early
10.0,15.83623,On Time,Somewhat Late
9.0,7.1960893,Early,Early
5.0,10.312929,Somewhat Early,On Time
4.0,6.416419,Somewhat Early,Early
17.0,17.165207,Somewhat Late,Somewhat Late
14.0,10.221606,On Time,On Time
9.0,15.20421,Early,Somewhat Late
3.0,6.7977176,Very Early,Early
8.0,8.636604,Early,Early
8.0,7.5129533,Early,Early
8.0,11.218704,Early,On Time
2.0,7.486336,Very Early,Early
14.0,12.415617,On Time,On Time
11.0,7.8783603,On Time,Early
10.0,9.719034,On Time,On Time
4.0,8.08906,Somewhat Early,Early
21.0,12.717594,Very Late,On Time
12.0,10.232728,On Time,On Time
22.0,19.087894,Very Late,Somewhat Late
9.0,8.127518,Early,Early
6.0,6.331661,Somewhat Early,Early
6.0,6.9181366,Somewhat Early,Early
3.0,8.825974,Very Early,Early
18.0,9.919404,Somewhat Late,On Time
3.0,5.307689,Very Early,Somewhat Early
15.0,9.4094715,Somewhat Late,On Time
1.0,3.7848701,Very Early,Somewhat Early
25.0,23.86212,Very Late,Very Late
4.0,4.1474795,Somewhat Early,Somewhat Early
8.0,5.2225466,Early,Somewhat Early
7.0,3.9022698,Early,Somewhat Early
9.0,9.447711,Early,On Time
17.0,10.11047,Somewhat Late,On Time
13.0,11.177227,On Time,On Time
13.0,7.427639,On Time,Early
10.0,3.7973394,On Time,Somewhat Early
5.0,3.7792933,Somewhat Early,Somewhat Early
21.0,19.303545,Very Late,Somewhat Late
14.0,14.069606,On Time,Somewhat Late
16.0,9.910856,Somewhat Late,On Time
12.0,9.096097,On Time,On Time
6.0,4.029515,Somewhat Early,Somewhat Early
4.0,4.107786,Somewhat Early,Somewhat Early
7.0,7.5431585,Early,Early
7.0,8.62856,Early,Early
6.0,7.0239134,Somewhat Early,Early
15.0,13.084988,Somewhat Late,On Time
14.0,9.611157,On Time,On Time
8.0,6.203794,Early,Early
8.0,7.3754435,Early,Early
5.0,3.95639,Somewhat Early,Somewhat Early
7.0,7.5610976,Early,Early
10.0,9.9433155,On Time,On Time
8.0,10.145369,Early,On Time
9.0,7.511377,Early,Early
10.0,4.3794613,On Time,Somewhat Early
4.0,7.96966,Somewhat Early,Early
10.0,11.212917,On Time,On Time
5.0,10.399712,Somewhat Early,On Time
13.0,12.094512,On Time,On Time
7.0,4.6475434,Early,Somewhat Early
2.0,4.7844777,Very Early,Somewhat Early
16.0,16.720907,Somewhat Late,Somewhat Late
20.0,8.477969,Somewhat Late,Early
21.0,12.151994,Very Late,On Time
2.0,7.531551,Very Early,Early
26.0,12.493908,Very Late,On Time
15.0,8.551272,Somewhat Late,Early
10.0,9.652874,On Time,On Time
12.0,5.7911854,On Time,Somewhat Early
4.0,6.9412155,Somewhat Early,Early
4.0,4.0251646,Somewhat Early,Somewhat Early
22.0,15.795148,Very Late,Somewhat Late
8.0,7.608774,Early,Early
7.0,8.092847,Early,Early
9.0,10.066276,Early,On Time
4.0,8.978038,Somewhat Early,Early
13.0,13.482777,On Time,On Time
8.0,11.043846,Early,On Time
11.0,11.895753,On Time,On Time
7.0,8.246188,Early,Early
14.0,12.731151,On Time,On Time
7.0,6.7100296,Early,Early
7.0,11.443118,Early,On Time
8.0,9.042758,Early,On Time
28.0,26.727709,Very Late,Very Late
6.0,4.5442624,Somewhat Early,Somewhat Early
12.0,9.6195,On Time,On Time
26.0,20.63853,Very Late,Very Late
6.0,5.5585303,Somewhat Early,Somewhat Early
11.0,7.005149,On Time,Early
6.0,14.689206,Somewhat Early,Somewhat Late
6.0,3.775419,Somewhat Early,Somewhat Early
13.0,12.039097,On Time,On Time
9.0,10.610347,Early,On Time
15.0,3.8423789,Somewhat Late,Somewhat Early
15.0,8.752193,Somewhat Late,Early
1.0,4.6223755,Very Early,Somewhat Early
10.0,7.647695,On Time,Early
10.0,8.326048,On Time,Early
3.0,3.8077307,Very Early,Somewhat Early
5.0,4.2749267,Somewhat Early,Somewhat Early
2.0,4.001729,Very Early,Somewhat Early
12.0,13.01533,On Time,On Time
2.0,8.904641,Very Early,Early
26.0,20.610765,Very Late,Very Late
7.0,7.2079697,Early,Early
6.0,4.859663,Somewhat Early,Somewhat Early
10.0,14.529448,On Time,Somewhat Late
15.0,9.730837,Somewhat Late,On Time
9.0,7.6187067,Early,Early
15.0,8.2547455,Somewhat Late,Early
7.0,11.371941,Early,On Time
7.0,11.219786,Early,On Time
13.0,12.213293,On Time,On Time
4.0,5.8613987,Somewhat Early,Somewhat Early
5.0,6.662288,Somewhat Early,Early
13.0,14.050024,On Time,Somewhat Late
15.0,7.9238644,Somewhat Late,Early
7.0,6.356357,Early,Early
13.0,10.2044525,On Time,On Time
12.0,15.425765,On Time,Somewhat Late
12.0,6.9697633,On Time,Early
1.0,7.30971,Very Early,Early
14.0,8.674533,On Time,Early
9.0,8.313007,Early,Early
7.0,5.246584,Early,Somewhat Early
7.0,6.8039546,Early,Early
12.0,5.427505,On Time,Somewhat Early
22.0,15.829837,Very Late,Somewhat Late
4.0,7.1941657,Somewhat Early,Early
17.0,13.124854,Somewhat Late,On Time
1.0,4.239885,Very Early,Somewhat Early
5.0,4.7030444,Somewhat Early,Somewhat Early
22.0,19.46112,Very Late,Somewhat Late
11.0,10.897925,On Time,On Time
9.0,8.394075,Early,Early
10.0,8.729501,On Time,Early
14.0,9.242441,On Time,On Time
14.0,15.838155,On Time,Somewhat Late
19.0,15.138721,Somewhat Late,Somewhat Late
4.0,9.542804,Somewhat Early,On Time
12.0,12.0974,On Time,On Time
27.0,18.858204,Very Late,Somewhat Late
10.0,9.739048,On Time,On Time
6.0,6.4640813,Somewhat Early,Early
9.0,7.1403904,Early,Early
11.0,7.3258886,On Time,Early
12.0,4.7867947,On Time,Somewhat Early
3.0,4.3702703,Very Early,Somewhat Early
17.0,16.326433,Somewhat Late,Somewhat Late
15.0,9.76543,Somewhat Late,On Time
8.0,8.074694,Early,Early
11.0,9.076853,On Time,On Time
23.0,17.315868,Very Late,Somewhat Late
1.0,3.9500546,Very Early,Somewhat Early
10.0,7.4904194,On Time,Early
4.0,12.007677,Somewhat Early,On Time
10.0,7.154418,On Time,Early
5.0,7.3908734,Somewhat Early,Early
16.0,12.566585,Somewhat Late,On Time
7.0,6.8431787,Early,Early
14.0,5.814733,On Time,Somewhat Early
13.0,12.982887,On Time,On Time
25.0,22.213654,Very Late,Very Late
12.0,16.029963,On Time,Somewhat Late
2.0,8.456635,Very Early,Early
13.0,7.292875,On Time,Early
25.0,16.838844,Very Late,Somewhat Late
16.0,9.827716,Somewhat Late,On Time
9.0,3.9042861,Early,Somewhat Early
7.0,7.2582645,Early,Early
3.0,3.7950473,Very Early,Somewhat Early
2.0,4.6059265,Very Early,Somewhat Early
7.0,4.291442,Early,Somewhat Early
20.0,6.6943603,Somewhat Late,Early
9.0,8.460194,Early,Early
1.0,3.8209643,Very Early,Somewhat Early
3.0,3.818668,Very Early,Somewhat Early
13.0,10.846689,On Time,On Time
10.0,7.658375,On Time,Early
9.0,7.922764,Early,Early
12.0,8.363018,On Time,Early
9.0,8.273773,Early,Early
8.0,7.634714,Early,Early
7.0,7.9494433,Early,Early
4.0,6.462102,Somewhat Early,Early
17.0,15.427421,Somewhat Late,Somewhat Late
7.0,7.3041744,Early,Early
6.0,4.3135004,Somewhat Early,Somewhat Early
5.0,3.821284,Somewhat Early,Somewhat Early
8.0,9.973984,Early,On Time
10.0,10.706671,On Time,On Time
6.0,8.538115,Somewhat Early,Early
7.0,8.921317,Early,Early
5.0,8.172989,Somewhat Early,Early
3.0,3.8431966,Very Early,Somewhat Early
28.0,25.661577,Very Late,Very Late
20.0,8.452103,Somewhat Late,Early
6.0,8.449903,Somewhat Early,Early
26.0,13.699511,Very Late,On Time
7.0,5.90998,Early,Somewhat Early
7.0,6.042079,Early,Early
8.0,4.6494675,Early,Somewhat Early
19.0,17.742163,Somewhat Late,Somewhat Late
8.0,9.329757,Early,On Time
6.0,9.2344055,Somewhat Early,On Time
16.0,12.816404,Somewhat Late,On Time
13.0,9.459215,On Time,On Time
18.0,15.586821,Somewhat Late,Somewhat Late
11.0,7.939021,On Time,Early
3.0,7.497713,Very Early,Early
8.0,7.8367257,Early,Early
15.0,13.542623,Somewhat Late,On Time
9.0,9.273727,Early,On Time
11.0,11.0511675,On Time,On Time
3.0,3.8021398,Very Early,Somewhat Early
15.0,13.495276,Somewhat Late,On Time
5.0,5.4745502,Somewhat Early,Somewhat Early
7.0,19.046436,Early,Somewhat Late
7.0,6.8462496,Early,Early
2.0,6.4313107,Very Early,Early
6.0,7.3320293,Somewhat Early,Early
14.0,9.202246,On Time,On Time
17.0,11.560314,Somewhat Late,On Time
3.0,3.7782035,Very Early,Somewhat Early
13.0,14.773874,On Time,Somewhat Late
14.0,15.742034,On Time,Somewhat Late
8.0,7.158166,Early,Early
18.0,10.998091,Somewhat Late,On Time
11.0,18.488886,On Time,Somewhat Late
10.0,6.97632,On Time,Early
7.0,3.7954495,Early,Somewhat Early
10.0,10.443953,On Time,On Time
9.0,9.355231,Early,On Time
4.0,3.9141045,Somewhat Early,Somewhat Early
7.0,4.5860453,Early,Somewhat Early
7.0,8.062543,Early,Early
15.0,10.39116,Somewhat Late,On Time
13.0,11.782733,On Time,On Time
5.0,10.21399,Somewhat Early,On Time
10.0,8.277415,On Time,Early
3.0,3.8092616,Very Early,Somewhat Early
7.0,8.394348,Early,Early
16.0,14.527357,Somewhat Late,Somewhat Late
5.0,8.989023,Somewhat Early,Early
7.0,5.4956684,Early,Somewhat Early
21.0,16.896334,Very Late,Somewhat Late
4.0,8.322807,Somewhat Early,Early
6.0,13.997004,Somewhat Early,On Time
13.0,10.705565,On Time,On Time
6.0,7.781029,Somewhat Early,Early
13.0,10.864325,On Time,On Time
20.0,12.451771,Somewhat Late,On Time
1.0,4.123881,Very Early,Somewhat Early
9.0,11.553032,Early,On Time
8.0,6.709985,Early,Early
18.0,15.869486,Somewhat Late,Somewhat Late
13.0,6.247511,On Time,Early
20.0,13.083967,Somewhat Late,On Time
7.0,8.19684,Early,Early
19.0,19.229696,Somewhat Late,Somewhat Late
8.0,14.010984,Early,Somewhat Late
6.0,8.629906,Somewhat Early,Early
10.0,12.032115,On Time,On Time
19.0,13.158041,Somewhat Late,On Time
11.0,15.601469,On Time,Somewhat Late
6.0,9.879998,Somewhat Early,On Time
5.0,5.6851563,Somewhat Early,Somewhat Early
4.0,7.3625402,Somewhat Early,Early
10.0,8.810535,On Time,Early
9.0,13.094136,Early,On Time
12.0,11.82087,On Time,On Time
9.0,8.08084,Early,Early
7.0,12.680441,Early,On Time
24.0,19.20347,Very Late,Somewhat Late
7.0,9.295461,Early,On Time
6.0,8.676545,Somewhat Early,Early
4.0,5.1514707,Somewhat Early,Somewhat Early
3.0,6.5038066,Very Early,Early
12.0,6.892487,On Time,Early
26.0,19.678616,Very Late,Somewhat Late
14.0,7.9283557,On Time,Early
2.0,12.732354,Very Early,On Time
7.0,7.0821457,Early,Early
18.0,11.808662,Somewhat Late,On Time
3.0,6.158316,Very Early,Early
15.0,11.567638,Somewhat Late,On Time
7.0,10.198003,Early,On Time
4.0,11.073835,Somewhat Early,On Time
7.0,8.727805,Early,Early
23.0,17.367054,Very Late,Somewhat Late
14.0,9.015703,On Time,On Time
15.0,5.3828316,Somewhat Late,Somewhat Early
4.0,8.934795,Somewhat Early,Early
9.0,9.697522,Early,On Time
18.0,8.831881,Somewhat Late,Early
12.0,7.351017,On Time,Early
8.0,7.5685544,Early,Early
4.0,8.45839,Somewhat Early,Early
7.0,4.482444,Early,Somewhat Early
18.0,9.403278,Somewhat Late,On Time
9.0,7.854296,Early,Early
7.0,6.6843033,Early,Early
4.0,4.6015005,Somewhat Early,Somewhat Early
9.0,7.607977,Early,Early
2.0,3.7865186,Very Early,Somewhat Early
4.0,3.8389418,Somewhat Early,Somewhat Early
15.0,18.545637,Somewhat Late,Somewhat Late
20.0,9.241885,Somewhat Late,On Time
4.0,4.7856207,Somewhat Early,Somewhat Early
6.0,9.527217,Somewhat Early,On Time
5.0,9.315961,Somewhat Early,On Time
16.0,14.125152,Somewhat Late,Somewhat Late
13.0,8.516447,On Time,Early
12.0,12.676203,On Time,On Time
6.0,4.9237857,Somewhat Early,Somewhat Early
16.0,13.726565,Somewhat Late,On Time
14.0,10.673242,On Time,On Time
6.0,14.903258,Somewhat Early,Somewhat Late
12.0,16.71615,On Time,Somewhat Late
19.0,16.985249,Somewhat Late,Somewhat Late
21.0,8.885145,Very Late,Early
11.0,16.386972,On Time,Somewhat Late
15.0,11.7536955,Somewhat Late,On Time
10.0,10.62194,On Time,On Time
15.0,15.024423,Somewhat Late,Somewhat Late
3.0,4.888221,Very Early,Somewhat Early
16.0,9.053945,Somewhat Late,On Time
8.0,7.412744,Early,Early
6.0,4.773983,Somewhat Early,Somewhat Early
14.0,11.071377,On Time,On Time
18.0,9.464365,Somewhat Late,On Time
14.0,17.662367,On Time,Somewhat Late
10.0,6.315448,On Time,Early
18.0,13.169898,Somewhat Late,On Time
18.0,17.464052,Somewhat Late,Somewhat Late
8.0,7.0286145,Early,Early
14.0,9.947888,On Time,On Time
7.0,7.0718083,Early,Early
7.0,8.905702,Early,Early
5.0,7.1417437,Somewhat Early,Early
11.0,12.688146,On Time,On Time
5.0,4.3753934,Somewhat Early,Somewhat Early
11.0,9.071205,On Time,On Time
9.0,6.0386786,Early,Early
6.0,3.943076,Somewhat Early,Somewhat Early
7.0,11.833033,Early,On Time
15.0,13.65603,Somewhat Late,On Time
7.0,13.22607,Early,On Time
5.0,8.218576,Somewhat Early,Early
12.0,8.594258,On Time,Early
11.0,11.23686,On Time,On Time
21.0,11.53252,Very Late,On Time
6.0,9.092974,Somewhat Early,On Time
13.0,8.279092,On Time,Early
3.0,7.3714323,Very Early,Early
5.0,8.692621,Somewhat Early,Early
6.0,5.3938746,Somewhat Early,Somewhat Early
10.0,11.324669,On Time,On Time
20.0,11.847013,Somewhat Late,On Time
24.0,17.110931,Very Late,Somewhat Late
14.0,10.110742,On Time,On Time
22.0,13.373319,Very Late,On Time
6.0,7.530793,Somewhat Early,Early
18.0,18.038334,Somewhat Late,Somewhat Late
22.0,18.632372,Very Late,Somewhat Late
6.0,5.639908,Somewhat Early,Somewhat Early
7.0,8.217548,Early,Early
7.0,4.247519,Early,Somewhat Early
5.0,5.660495,Somewhat Early,Somewhat Early
11.0,4.2513795,On Time,Somewhat Early
2.0,3.7962408,Very Early,Somewhat Early
7.0,4.0908566,Early,Somewhat Early
7.0,5.6340723,Early,Somewhat Early
9.0,11.676348,Early,On Time
6.0,4.2006745,Somewhat Early,Somewhat Early
7.0,4.2253866,Early,Somewhat Early
7.0,8.589017,Early,Early
16.0,9.985749,Somewhat Late,On Time
16.0,9.30867,Somewhat Late,On Time
8.0,7.349438,Early,Early
10.0,8.506098,On Time,Early
1.0,3.8044791,Very Early,Somewhat Early
18.0,16.299862,Somewhat Late,Somewhat Late
14.0,9.406572,On Time,On Time
8.0,13.6972065,Early,On Time
14.0,14.239767,On Time,Somewhat Late
11.0,9.881461,On Time,On Time
6.0,8.374199,Somewhat Early,Early
13.0,9.09804,On Time,On Time
12.0,4.3639784,On Time,Somewhat Early
2.0,4.3161783,Very Early,Somewhat Early
8.0,7.2583256,Early,Early
4.0,3.9867172,Somewhat Early,Somewhat Early
9.0,7.3687377,Early,Early
7.0,8.407645,Early,Early
6.0,5.621172,Somewhat Early,Somewhat Early
6.0,7.3226624,Somewhat Early,Early
9.0,8.633406,Early,Early
12.0,12.014401,On Time,On Time
11.0,12.066611,On Time,On Time
3.0,3.809546,Very Early,Somewhat Early
8.0,8.497987,Early,Early
15.0,14.892866,Somewhat Late,Somewhat Late
16.0,14.865071,Somewhat Late,Somewhat Late
7.0,7.6620197,Early,Early
4.0,7.7391644,Somewhat Early,Early
15.0,7.4095254,Somewhat Late,Early
6.0,8.767492,Somewhat Early,Early
13.0,8.865081,On Time,Early
13.0,10.48035,On Time,On Time
8.0,6.0276775,Early,Early
16.0,5.9743543,Somewhat Late,Somewhat Early
10.0,10.88048,On Time,On Time
23.0,21.125637,Very Late,Very Late
4.0,5.525299,Somewhat Early,Somewhat Early
11.0,7.6251745,On Time,Early
22.0,15.379402,Very Late,Somewhat Late
12.0,8.843738,On Time,Early
15.0,5.035838,Somewhat Late,Somewhat Early
8.0,3.8653011,Early,Somewhat Early
7.0,10.291011,Early,On Time
19.0,16.204056,Somewhat Late,Somewhat Late
18.0,11.19971,Somewhat Late,On Time
7.0,4.362568,Early,Somewhat Early
6.0,7.6729083,Somewhat Early,Early
16.0,8.648332,Somewhat Late,Early
2.0,3.9677854,Very Early,Somewhat Early
6.0,8.060682,Somewhat Early,Early
16.0,11.104463,Somewhat Late,On Time
8.0,11.173167,Early,On Time
27.0,26.389538,Very Late,Very Late
19.0,14.747863,Somewhat Late,Somewhat Late
6.0,9.310302,Somewhat Early,On Time
7.0,7.4898286,Early,Early
7.0,8.257358,Early,Early
3.0,3.8157043,Very Early,Somewhat Early
7.0,8.143309,Early,Early
6.0,5.229598,Somewhat Early,Somewhat Early
8.0,5.3963313,Early,Somewhat Early
12.0,13.52069,On Time,On Time
11.0,4.760499,On Time,Somewhat Early
5.0,8.838233,Somewhat Early,Early
23.0,20.151915,Very Late,Very Late
7.0,9.065208,Early,On Time
23.0,21.991833,Very Late,Very Late
7.0,9.3779545,Early,On Time
2.0,4.0804605,Very Early,Somewhat Early
24.0,18.681831,Very Late,Somewhat Late
11.0,10.573286,On Time,On Time
27.0,15.027662,Very Late,Somewhat Late
9.0,3.7921445,Early,Somewhat Early
6.0,8.666456,Somewhat Early,Early
8.0,19.078503,Early,Somewhat Late
10.0,7.8642864,On Time,Early
6.0,6.0087924,Somewhat Early,Early
11.0,9.980046,On Time,On Time
9.0,10.001106,Early,On Time
18.0,15.260316,Somewhat Late,Somewhat Late
11.0,12.169618,On Time,On Time
4.0,4.059448,Somewhat Early,Somewhat Early
7.0,6.2977834,Early,Early
16.0,14.889052,Somewhat Late,Somewhat Late
4.0,8.511267,Somewhat Early,Early
8.0,8.307102,Early,Early
7.0,12.257085,Early,On Time
18.0,10.696081,Somewhat Late,On Time
12.0,8.70339,On Time,Early
6.0,3.8290753,Somewhat Early,Somewhat Early
18.0,14.426492,Somewhat Late,Somewhat Late
25.0,20.590818,Very Late,Very Late
6.0,9.205544,Somewhat Early,On Time
9.0,4.041312,Early,Somewhat Early
7.0,8.450919,Early,Early
23.0,10.042221,Very Late,On Time
5.0,4.5409236,Somewhat Early,Somewhat Early
5.0,5.2668443,Somewhat Early,Somewhat Early
6.0,17.226725,Somewhat Early,Somewhat Late
9.0,4.5926094,Early,Somewhat Early
19.0,15.792274,Somewhat Late,Somewhat Late
9.0,8.459759,Early,Early
8.0,7.378895,Early,Early
9.0,8.679795,Early,Early
6.0,14.233388,Somewhat Early,Somewhat Late
9.0,13.367406,Early,On Time
1.0,5.2980456,Very Early,Somewhat Early
2.0,3.8012629,Very Early,Somewhat Early
10.0,7.472898,On Time,Early
8.0,8.241253,Early,Early
1.0,4.486687,Very Early,Somewhat Early
3.0,4.94595,Very Early,Somewhat Early
8.0,7.7488446,Early,Early
8.0,9.591128,Early,On Time
9.0,7.79039,Early,Early
7.0,7.8138294,Early,Early
5.0,8.174136,Somewhat Early,Early
8.0,13.453692,Early,On Time
8.0,4.098837,Early,Somewhat Early
20.0,14.576929,Somewhat Late,Somewhat Late
5.0,12.480934,Somewhat Early,On Time
17.0,12.147907,Somewhat Late,On Time
17.0,12.679212,Somewhat Late,On Time
2.0,4.534565,Very Early,Somewhat Early
7.0,12.669551,Early,On Time
1.0,5.19108,Very Early,Somewhat Early
2.0,6.341843,Very Early,Early
15.0,11.880807,Somewhat Late,On Time
8.0,6.8790073,Early,Early
16.0,15.742652,Somewhat Late,Somewhat Late
4.0,5.5451317,Somewhat Early,Somewhat Early
15.0,13.618145,Somewhat Late,On Time
3.0,6.8418927,Very Early,Early
28.0,14.050006,Very Late,Somewhat Late
13.0,9.55575,On Time,On Time
3.0,8.350363,Very Early,Early
22.0,13.573583,Very Late,On Time
11.0,16.877998,On Time,Somewhat Late
2.0,4.6195245,Very Early,Somewhat Early
6.0,7.2813635,Somewhat Early,Early
9.0,3.8381708,Early,Somewhat Early
5.0,4.7989793,Somewhat Early,Somewhat Early
14.0,12.348533,On Time,On Time
9.0,8.285439,Early,Early
21.0,15.034677,Very Late,Somewhat Late
7.0,6.0378814,Early,Early
7.0,7.2219234,Early,Early
6.0,9.907117,Somewhat Early,On Time
7.0,9.111583,Early,On Time
7.0,10.042361,Early,On Time
22.0,14.251608,Very Late,Somewhat Late
3.0,3.7924378,Very Early,Somewhat Early
3.0,5.1356826,Very Early,Somewhat Early
5.0,4.621015,Somewhat Early,Somewhat Early
12.0,14.164606,On Time,Somewhat Late
6.0,7.800599,Somewhat Early,Early
3.0,4.802332,Very Early,Somewhat Early
10.0,9.189694,On Time,On Time
15.0,7.482602,Somewhat Late,Early
22.0,14.154598,Very Late,Somewhat Late
3.0,4.0971427,Very Early,Somewhat Early
13.0,15.555294,On Time,Somewhat Late
8.0,13.084489,Early,On Time
3.0,4.1498556,Very Early,Somewhat Early
16.0,8.205369,Somewhat Late,Early
4.0,8.789362,Somewhat Early,Early
8.0,8.165096,Early,Early
5.0,4.3682737,Somewhat Early,Somewhat Early
16.0,10.942739,Somewhat Late,On Time
5.0,3.8028195,Somewhat Early,Somewhat Early
11.0,5.869519,On Time,Somewhat Early
16.0,11.822108,Somewhat Late,On Time
8.0,11.257327,Early,On Time
6.0,6.9628468,Somewhat Early,Early
18.0,16.694923,Somewhat Late,Somewhat Late
10.0,9.529503,On Time,On Time
7.0,6.4442215,Early,Early
4.0,8.51732,Somewhat Early,Early
18.0,18.808796,Somewhat Late,Somewhat Late
7.0,7.4316187,Early,Early
10.0,9.572153,On Time,On Time
3.0,4.925535,Very Early,Somewhat Early
11.0,9.673058,On Time,On Time
11.0,13.081671,On Time,On Time
11.0,10.796669,On Time,On Time
5.0,4.881983,Somewhat Early,Somewhat Early
7.0,5.5024304,Early,Somewhat Early
10.0,8.205141,On Time,Early
6.0,7.8368173,Somewhat Early,Early
14.0,9.374669,On Time,On Time
12.0,7.7157016,On Time,Early
15.0,9.50821,Somewhat Late,On Time
17.0,9.399275,Somewhat Late,On Time
1.0,4.842606,Very Early,Somewhat Early
13.0,8.087698,On Time,Early
16.0,8.098714,Somewhat Late,Early
8.0,8.234124,Early,Early
10.0,18.02288,On Time,Somewhat Late
10.0,11.462149,On Time,On Time
6.0,5.118246,Somewhat Early,Somewhat Early
9.0,17.037542,Early,Somewhat Late
28.0,25.986195,Very Late,Very Late
10.0,15.544159,On Time,Somewhat Late
3.0,3.8987136,Very Early,Somewhat Early
4.0,7.7264876,Somewhat Early,Early
12.0,13.345295,On Time,On Time
15.0,13.657513,Somewhat Late,On Time
7.0,3.8080523,Early,Somewhat Early
7.0,5.970837,Early,Somewhat Early
5.0,10.613384,Somewhat Early,On Time
4.0,8.61136,Somewhat Early,Early
17.0,18.006012,Somewhat Late,Somewhat Late
5.0,8.511185,Somewhat Early,Early
5.0,9.580877,Somewhat Early,On Time
14.0,10.72378,On Time,On Time
9.0,8.643218,Early,Early
7.0,7.508171,Early,Early
5.0,8.343354,Somewhat Early,Early
14.0,12.905348,On Time,On Time
12.0,9.893243,On Time,On Time
19.0,16.579945,Somewhat Late,Somewhat Late
9.0,8.228731,Early,Early
4.0,5.9192715,Somewhat Early,Somewhat Early
17.0,12.247757,Somewhat Late,On Time
12.0,10.197861,On Time,On Time
5.0,5.6020474,Somewhat Early,Somewhat Early
10.0,3.8086853,On Time,Somewhat Early
6.0,5.325511,Somewhat Early,Somewhat Early
11.0,8.672951,On Time,Early
10.0,12.889461,On Time,On Time
9.0,18.246809,Early,Somewhat Late
5.0,5.44426,Somewhat Early,Somewhat Early
6.0,7.8448424,Somewhat Early,Early
20.0,11.078779,Somewhat Late,On Time
11.0,10.186215,On Time,On Time
7.0,14.168275,Early,Somewhat Late
10.0,9.18372,On Time,On Time
11.0,8.444959,On Time,Early
1.0,3.852726,Very Early,Somewhat Early
8.0,7.8775067,Early,Early
4.0,8.673068,Somewhat Early,Early
16.0,13.723726,Somewhat Late,On Time
12.0,9.678629,On Time,On Time
1.0,3.7706966,Very Early,Somewhat Early
3.0,9.201263,Very Early,On Time
6.0,6.6373205,Somewhat Early,Early
10.0,9.671246,On Time,On Time
10.0,11.623199,On Time,On Time
17.0,15.195822,Somewhat Late,Somewhat Late
4.0,8.935239,Somewhat Early,Early
21.0,14.648964,Very Late,Somewhat Late
6.0,5.6946836,Somewhat Early,Somewhat Early
12.0,9.231561,On Time,On Time
6.0,3.9136193,Somewhat Early,Somewhat Early
11.0,9.379484,On Time,On Time
2.0,3.8860502,Very Early,Somewhat Early
11.0,9.590455,On Time,On Time
9.0,13.115259,Early,On Time
9.0,7.1887717,Early,Early
8.0,7.1398997,Early,Early
2.0,4.8112473,Very Early,Somewhat Early
10.0,9.2810545,On Time,On Time
2.0,3.796783,Very Early,Somewhat Early
7.0,9.130883,Early,On Time
6.0,5.9691606,Somewhat Early,Somewhat Early
9.0,8.674855,Early,Early
17.0,7.689377,Somewhat Late,Early
10.0,12.283522,On Time,On Time
13.0,9.297686,On Time,On Time
20.0,16.758507,Somewhat Late,Somewhat Late
23.0,14.392978,Very Late,Somewhat Late
19.0,11.20837,Somewhat Late,On Time
17.0,10.392576,Somewhat Late,On Time
14.0,13.478327,On Time,On Time
2.0,4.381835,Very Early,Somewhat Early
7.0,7.077832,Early,Early
9.0,7.3013263,Early,Early
1.0,3.800798,Very Early,Somewhat Early
11.0,8.444273,On Time,Early
8.0,8.9002905,Early,Early
5.0,17.533224,Somewhat Early,Somewhat Late
12.0,8.217826,On Time,Early
4.0,3.9390845,Somewhat Early,Somewhat Early
11.0,8.327131,On Time,Early
14.0,15.831921,On Time,Somewhat Late
13.0,8.615518,On Time,Early
12.0,10.995768,On Time,On Time
16.0,16.709164,Somewhat Late,Somewhat Late
8.0,7.1755214,Early,Early
7.0,8.881652,Early,Early
25.0,16.473104,Very Late,Somewhat Late
7.0,7.7219467,Early,Early
6.0,7.221533,Somewhat Early,Early
17.0,17.043196,Somewhat Late,Somewhat Late
2.0,3.8026555,Very Early,Somewhat Early
24.0,22.792225,Very Late,Very Late
8.0,7.689224,Early,Early
2.0,5.1312222,Very Early,Somewhat Early
18.0,10.722132,Somewhat Late,On Time
9.0,8.336889,Early,Early
18.0,11.985656,Somewhat Late,On Time
2.0,15.595617,Very Early,Somewhat Late
13.0,7.483783,On Time,Early
8.0,8.608436,Early,Early
3.0,3.8406699,Very Early,Somewhat Early
1.0,3.9496887,Very Early,Somewhat Early
12.0,8.149853,On Time,Early
4.0,5.2501125,Somewhat Early,Somewhat Early
5.0,3.819551,Somewhat Early,Somewhat Early
7.0,8.75959,Early,Early
18.0,12.155022,Somewhat Late,On Time
16.0,16.596794,Somewhat Late,Somewhat Late
2.0,3.7866979,Very Early,Somewhat Early
15.0,16.580425,Somewhat Late,Somewhat Late
6.0,9.344591,Somewhat Early,On Time
21.0,15.773499,Very Late,Somewhat Late
10.0,8.296744,On Time,Early
10.0,11.144164,On Time,On Time
13.0,15.271168,On Time,Somewhat Late
12.0,5.7400866,On Time,Somewhat Early
13.0,13.140589,On Time,On Time
6.0,8.829131,Somewhat Early,Early
5.0,6.1213865,Somewhat Early,Early
8.0,8.895145,Early,Early
6.0,8.11234,Somewhat Early,Early
9.0,9.186904,Early,On Time
9.0,10.705613,Early,On Time
11.0,8.863582,On Time,Early
21.0,20.045303,Very Late,Very Late
3.0,3.789377,Very Early,Somewhat Early
19.0,3.8052368,Somewhat Late,Somewhat Early
17.0,13.665239,Somewhat Late,On Time
4.0,7.791113,Somewhat Early,Early
6.0,8.303932,Somewhat Early,Early
15.0,6.968931,Somewhat Late,Early
7.0,6.6384506,Early,Early
6.0,9.572174,Somewhat Early,On Time
18.0,13.4141655,Somewhat Late,On Time
9.0,8.206298,Early,Early
11.0,7.866751,On Time,Early
11.0,12.4498825,On Time,On Time
8.0,7.236408,Early,Early
4.0,7.1433096,Somewhat Early,Early
10.0,4.8020406,On Time,Somewhat Early
28.0,22.621027,Very Late,Very Late
6.0,6.8545356,Somewhat Early,Early
7.0,8.096083,Early,Early
7.0,10.870365,Early,On Time
13.0,6.035855,On Time,Early
5.0,3.9648204,Somewhat Early,Somewhat Early
7.0,9.332193,Early,On Time
7.0,6.779988,Early,Early
14.0,7.1805315,On Time,Early
6.0,6.9805694,Somewhat Early,Early
8.0,8.564216,Early,Early
12.0,11.189468,On Time,On Time
5.0,5.8645086,Somewhat Early,Somewhat Early
19.0,19.003792,Somewhat Late,Somewhat Late
3.0,7.0455837,Very Early,Early
2.0,5.799472,Very Early,Somewhat Early
6.0,8.323854,Somewhat Early,Early
19.0,17.024948,Somewhat Late,Somewhat Late
10.0,9.814237,On Time,On Time
4.0,3.851251,Somewhat Early,Somewhat Early
7.0,9.272283,Early,On Time
5.0,5.029977,Somewhat Early,Somewhat Early
11.0,8.094863,On Time,Early
23.0,16.53179,Very Late,Somewhat Late
11.0,7.9745674,On Time,Early
2.0,4.805148,Very Early,Somewhat Early
19.0,12.102166,Somewhat Late,On Time
21.0,9.381886,Very Late,On Time
6.0,7.7639184,Somewhat Early,Early
5.0,6.6641855,Somewhat Early,Early
8.0,9.947479,Early,On Time
9.0,7.244823,Early,Early
3.0,8.794214,Very Early,Early
8.0,5.4115324,Early,Somewhat Early
6.0,7.3408265,Somewhat Early,Early
24.0,18.19738,Very Late,Somewhat Late
11.0,14.068942,On Time,Somewhat Late
9.0,7.450767,Early,Early
11.0,12.8786545,On Time,On Time
24.0,20.998726,Very Late,Very Late
19.0,10.17034,Somewhat Late,On Time
7.0,8.036529,Early,Early
16.0,11.4756365,Somewhat Late,On Time
18.0,11.854647,Somewhat Late,On Time
13.0,13.162075,On Time,On Time
8.0,7.835489,Early,Early
4.0,4.8269415,Somewhat Early,Somewhat Early
5.0,7.979858,Somewhat Early,Early
15.0,11.538852,Somewhat Late,On Time
3.0,3.876514,Very Early,Somewhat Early
13.0,8.195933,On Time,Early
12.0,12.597509,On Time,On Time
9.0,6.9496574,Early,Early
8.0,12.351361,Early,On Time
7.0,16.513369,Early,Somewhat Late
11.0,8.690704,On Time,Early
8.0,9.111627,Early,On Time
6.0,3.7886024,Somewhat Early,Somewhat Early
8.0,9.109709,Early,On Time
18.0,10.626763,Somewhat Late,On Time
14.0,13.209134,On Time,On Time
6.0,4.078134,Somewhat Early,Somewhat Early
8.0,10.478455,Early,On Time
5.0,10.417391,Somewhat Early,On Time
6.0,9.39181,Somewhat Early,On Time
5.0,13.522856,Somewhat Early,On Time
22.0,7.4803905,Very Late,Early
7.0,6.4752507,Early,Early
11.0,13.051594,On Time,On Time
9.0,5.8837442,Early,Somewhat Early
27.0,24.38402,Very Late,Very Late
4.0,3.7984939,Somewhat Early,Somewhat Early
2.0,3.854157,Very Early,Somewhat Early
4.0,5.0097036,Somewhat Early,Somewhat Early
8.0,8.370193,Early,Early
19.0,7.763845,Somewhat Late,Early
8.0,6.582285,Early,Early
3.0,3.9147575,Very Early,Somewhat Early
10.0,9.756857,On Time,On Time
4.0,4.3292866,Somewhat Early,Somewhat Early
20.0,19.005608,Somewhat Late,Somewhat Late
23.0,18.636267,Very Late,Somewhat Late
17.0,9.357861,Somewhat Late,On Time
5.0,7.966394,Somewhat Early,Early
15.0,7.941452,Somewhat Late,Early
10.0,12.424719,On Time,On Time
9.0,8.797079,Early,Early
5.0,3.995704,Somewhat Early,Somewhat Early
7.0,7.566701,Early,Early
23.0,22.879951,Very Late,Very Late
12.0,8.887168,On Time,Early
13.0,12.026008,On Time,On Time
7.0,8.04536,Early,Early
13.0,4.899269,On Time,Somewhat Early
7.0,5.4972606,Early,Somewhat Early
5.0,9.122894,Somewhat Early,On Time
7.0,6.7585087,Early,Early
8.0,10.254936,Early,On Time
10.0,12.959785,On Time,On Time
7.0,13.642003,Early,On Time
10.0,7.967063,On Time,Early
10.0,5.2417483,On Time,Somewhat Early
3.0,3.8915372,Very Early,Somewhat Early
6.0,5.2283225,Somewhat Early,Somewhat Early
12.0,9.678084,On Time,On Time
8.0,6.6736755,Early,Early
10.0,7.861753,On Time,Early
6.0,7.5117083,Somewhat Early,Early
6.0,5.5356765,Somewhat Early,Somewhat Early
7.0,7.780147,Early,Early
14.0,10.245953,On Time,On Time
10.0,10.968182,On Time,On Time
9.0,6.9527187,Early,Early
12.0,10.056503,On Time,On Time
8.0,8.170912,Early,Early
2.0,6.5951357,Very Early,Early
17.0,18.238016,Somewhat Late,Somewhat Late
5.0,7.783828,Somewhat Early,Early
23.0,12.784706,Very Late,On Time
8.0,8.181338,Early,Early
15.0,7.333126,Somewhat Late,Early
13.0,4.3654385,On Time,Somewhat Early
6.0,11.191652,Somewhat Early,On Time
4.0,3.9137053,Somewhat Early,Somewhat Early
14.0,10.672727,On Time,On Time
11.0,13.328268,On Time,On Time
11.0,6.65267,On Time,Early
7.0,6.505608,Early,Early
3.0,4.2252235,Very Early,Somewhat Early
13.0,9.265198,On Time,On Time
15.0,8.788888,Somewhat Late,Early
8.0,8.957882,Early,Early
9.0,7.4392414,Early,Early
19.0,13.440882,Somewhat Late,On Time
4.0,8.370928,Somewhat Early,Early
22.0,15.92801,Very Late,Somewhat Late
9.0,8.915696,Early,Early
13.0,8.356403,On Time,Early
6.0,5.7900434,Somewhat Early,Somewhat Early
12.0,15.607887,On Time,Somewhat Late
10.0,10.76993,On Time,On Time
13.0,9.569199,On Time,On Time
3.0,3.7793076,Very Early,Somewhat Early
4.0,3.8329165,Somewhat Early,Somewhat Early
7.0,8.310373,Early,Early
12.0,10.2143755,On Time,On Time
7.0,7.9993753,Early,Early
11.0,8.899511,On Time,Early
12.0,13.7247715,On Time,On Time
20.0,18.647106,Somewhat Late,Somewhat Late
27.0,17.826902,Very Late,Somewhat Late
5.0,3.8374438,Somewhat Early,Somewhat Early
6.0,7.9494433,Somewhat Early,Early
4.0,8.249791,Somewhat Early,Early
18.0,19.79031,Somewhat Late,Somewhat Late
12.0,12.279724,On Time,On Time
7.0,9.862505,Early,On Time
5.0,3.7870955,Somewhat Early,Somewhat Early
14.0,25.447714,On Time,Very Late
10.0,13.462539,On Time,On Time
9.0,9.987254,Early,On Time
6.0,7.541597,Somewhat Early,Early
27.0,18.13657,Very Late,Somewhat Late
22.0,16.046072,Very Late,Somewhat Late
4.0,5.624917,Somewhat Early,Somewhat Early
10.0,19.560795,On Time,Somewhat Late
6.0,7.3128567,Somewhat Early,Early
5.0,5.2429175,Somewhat Early,Somewhat Early
10.0,7.4648285,On Time,Early
2.0,6.564523,Very Early,Early
11.0,15.506919,On Time,Somewhat Late
7.0,14.125315,Early,Somewhat Late
24.0,19.406631,Very Late,Somewhat Late
10.0,10.407388,On Time,On Time
3.0,4.0437536,Very Early,Somewhat Early
9.0,10.486703,Early,On Time
1.0,3.8004897,Very Early,Somewhat Early
7.0,6.505198,Early,Early
6.0,10.571468,Somewhat Early,On Time
3.0,12.250361,Very Early,On Time
8.0,8.478474,Early,Early
6.0,7.7464,Somewhat Early,Early
14.0,10.321074,On Time,On Time
3.0,3.9021409,Very Early,Somewhat Early
21.0,17.92757,Very Late,Somewhat Late
6.0,3.8700323,Somewhat Early,Somewhat Early
15.0,9.03302,Somewhat Late,On Time
7.0,8.497502,Early,Early
5.0,5.6788397,Somewhat Early,Somewhat Early
1.0,9.340817,Very Early,On Time
26.0,13.538811,Very Late,On Time
19.0,7.5736713,Somewhat Late,Early
3.0,4.8531,Very Early,Somewhat Early
6.0,7.0107045,Somewhat Early,Early
7.0,9.358562,Early,On Time
10.0,9.182339,On Time,On Time
4.0,5.893178,Somewhat Early,Somewhat Early
12.0,10.327582,On Time,On Time
8.0,7.6922812,Early,Early
5.0,9.246098,Somewhat Early,On Time
28.0,16.986616,Very Late,Somewhat Late
7.0,3.7612185,Early,Somewhat Early
25.0,21.276081,Very Late,Very Late
10.0,10.711062,On Time,On Time
5.0,9.004448,Somewhat Early,On Time
11.0,8.652845,On Time,Early
5.0,7.251996,Somewhat Early,Early
17.0,13.332803,Somewhat Late,On Time
17.0,13.974548,Somewhat Late,On Time
2.0,5.295224,Very Early,Somewhat Early
7.0,11.658661,Early,On Time
2.0,6.31505,Very Early,Early
20.0,18.953527,Somewhat Late,Somewhat Late
1.0,3.8239288,Very Early,Somewhat Early
7.0,9.848728,Early,On Time
2.0,3.8075666,Very Early,Somewhat Early
11.0,15.333657,On Time,Somewhat Late
3.0,4.5505867,Very Early,Somewhat Early
4.0,4.366805,Somewhat Early,Somewhat Early
4.0,4.1318645,Somewhat Early,Somewhat Early
8.0,6.5012865,Early,Early
6.0,7.292758,Somewhat Early,Early
16.0,12.035109,Somewhat Late,On Time
23.0,21.046223,Very Late,Very Late
16.0,9.987572,Somewhat Late,On Time
8.0,4.3514543,Early,Somewhat Early
11.0,11.012572,On Time,On Time
12.0,8.545382,On Time,Early
4.0,3.9661045,Somewhat Early,Somewhat Early
6.0,8.966111,Somewhat Early,Early
6.0,9.724695,Somewhat Early,On Time
0.0,3.7931387,Very Early,Somewhat Early
8.0,11.452239,Early,On Time
11.0,8.716171,On Time,Early
17.0,16.573183,Somewhat Late,Somewhat Late
2.0,3.8995402,Very Early,Somewhat Early
7.0,8.199627,Early,Early
13.0,12.215376,On Time,On Time
4.0,14.754406,Somewhat Early,Somewhat Late
10.0,7.4421506,On Time,Early
12.0,10.048129,On Time,On Time
17.0,10.003345,Somewhat Late,On Time
8.0,7.397775,Early,Early
15.0,14.210754,Somewhat Late,Somewhat Late
19.0,13.084329,Somewhat Late,On Time
9.0,7.9383802,Early,Early
9.0,9.246757,Early,On Time
4.0,3.8239288,Somewhat Early,Somewhat Early
9.0,8.944179,Early,Early
7.0,7.937296,Early,Early
8.0,9.545908,Early,On Time
24.0,24.544796,Very Late,Very Late
5.0,3.881894,Somewhat Early,Somewhat Early
7.0,7.0409746,Early,Early
21.0,14.929349,Very Late,Somewhat Late
5.0,8.755593,Somewhat Early,Early
20.0,13.304029,Somewhat Late,On Time
15.0,18.22505,Somewhat Late,Somewhat Late
7.0,6.8373013,Early,Early
6.0,7.609095,Somewhat Early,Early
8.0,7.2730327,Early,Early
4.0,3.7928483,Somewhat Early,Somewhat Early
13.0,7.924089,On Time,Early
15.0,18.179192,Somewhat Late,Somewhat Late
20.0,19.236698,Somewhat Late,Somewhat Late
9.0,7.139744,Early,Early
12.0,7.5458612,On Time,Early
13.0,9.431348,On Time,On Time
7.0,6.3032303,Early,Early
6.0,8.1495695,Somewhat Early,Early
10.0,11.550734,On Time,On Time
28.0,23.736738,Very Late,Very Late
8.0,14.72258,Early,Somewhat Late
9.0,3.8663414,Early,Somewhat Early
5.0,4.3299184,Somewhat Early,Somewhat Early
13.0,7.1038027,On Time,Early
2.0,3.8795247,Very Early,Somewhat Early
7.0,6.553853,Early,Early
10.0,13.435304,On Time,On Time
8.0,8.319998,Early,Early
2.0,6.637616,Very Early,Early
11.0,9.657318,On Time,On Time
7.0,6.486965,Early,Early
6.0,3.8398798,Somewhat Early,Somewhat Early
4.0,5.633238,Somewhat Early,Somewhat Early
12.0,8.899584,On Time,Early
12.0,8.382158,On Time,Early
18.0,16.872463,Somewhat Late,Somewhat Late
12.0,10.388411,On Time,On Time
10.0,10.633526,On Time,On Time
13.0,7.182731,On Time,Early
9.0,7.8805065,Early,Early
17.0,6.1783752,Somewhat Late,Early
6.0,8.817106,Somewhat Early,Early
17.0,15.228399,Somewhat Late,Somewhat Late
5.0,5.627043,Somewhat Early,Somewhat Early
17.0,11.836577,Somewhat Late,On Time
7.0,8.300203,Early,Early
26.0,24.646019,Very Late,Very Late
18.0,9.60113,Somewhat Late,On Time
22.0,19.136665,Very Late,Somewhat Late
7.0,8.804398,Early,Early
3.0,4.707807,Very Early,Somewhat Early
5.0,5.7185917,Somewhat Early,Somewhat Early
4.0,10.6489935,Somewhat Early,On Time
14.0,12.256369,On Time,On Time
13.0,9.289038,On Time,On Time
12.0,11.926377,On Time,On Time
3.0,8.78864,Very Early,Early
4.0,8.907154,Somewhat Early,Early
16.0,10.617863,Somewhat Late,On Time
11.0,13.362629,On Time,On Time
5.0,6.655915,Somewhat Early,Early
13.0,8.606539,On Time,Early
14.0,8.089241,On Time,Early
4.0,7.205948,Somewhat Early,Early
9.0,10.561516,Early,On Time
5.0,4.0022764,Somewhat Early,Somewhat Early
11.0,9.692442,On Time,On Time
9.0,6.4369893,Early,Early
9.0,4.1377406,Early,Somewhat Early
5.0,9.265568,Somewhat Early,On Time
6.0,3.8693755,Somewhat Early,Somewhat Early
23.0,18.976465,Very Late,Somewhat Late
27.0,13.022303,Very Late,On Time
13.0,7.4180202,On Time,Early
18.0,10.904651,Somewhat Late,On Time
15.0,9.740444,Somewhat Late,On Time
20.0,13.055877,Somewhat Late,On Time
12.0,8.270506,On Time,Early
26.0,20.69729,Very Late,Very Late
20.0,11.5482235,Somewhat Late,On Time
8.0,7.3379536,Early,Early
7.0,4.7805586,Early,Somewhat Early
7.0,6.881771,Early,Early
2.0,4.211834,Very Early,Somewhat Early
15.0,11.737811,Somewhat Late,On Time
7.0,16.471413,Early,Somewhat Late
5.0,3.7788382,Somewhat Early,Somewhat Early
7.0,10.519607,Early,On Time
6.0,9.672633,Somewhat Early,On Time
1.0,3.7717435,Very Early,Somewhat Early
4.0,8.323072,Somewhat Early,Early
17.0,11.584354,Somewhat Late,On Time
4.0,3.9484377,Somewhat Early,Somewhat Early
10.0,6.246972,On Time,Early
16.0,15.328331,Somewhat Late,Somewhat Late
7.0,7.383381,Early,Early
6.0,3.8026488,Somewhat Early,Somewhat Early
11.0,7.836204,On Time,Early
14.0,13.004171,On Time,On Time
15.0,10.1581135,Somewhat Late,On Time
25.0,18.258968,Very Late,Somewhat Late
14.0,8.551768,On Time,Early
7.0,8.092596,Early,Early
4.0,9.234633,Somewhat Early,On Time
3.0,11.278245,Very Early,On Time
6.0,3.7943316,Somewhat Early,Somewhat Early
9.0,11.274863,Early,On Time
11.0,8.602954,On Time,Early
6.0,7.943486,Somewhat Early,Early
12.0,17.41901,On Time,Somewhat Late
5.0,3.8870482,Somewhat Early,Somewhat Early
20.0,11.014292,Somewhat Late,On Time
2.0,4.605761,Very Early,Somewhat Early
8.0,5.998405,Early,Somewhat Early
15.0,10.371663,Somewhat Late,On Time
10.0,9.949558,On Time,On Time
7.0,7.3485293,Early,Early
11.0,9.60403,On Time,On Time
7.0,8.119918,Early,Early
11.0,8.589865,On Time,Early
18.0,14.066019,Somewhat Late,Somewhat Late
8.0,7.0210304,Early,Early
3.0,12.915653,Very Early,On Time
11.0,14.238662,On Time,Somewhat Late
14.0,11.392147,On Time,On Time
4.0,4.433471,Somewhat Early,Somewhat Early
8.0,10.845758,Early,On Time
9.0,7.3162556,Early,Early
20.0,12.390403,Somewhat Late,On Time
7.0,7.2829027,Early,Early
7.0,6.1046,Early,Early
2.0,3.8239439,Very Early,Somewhat Early
6.0,5.8400817,Somewhat Early,Somewhat Early
8.0,8.614109,Early,Early
9.0,9.606408,Early,On Time
9.0,13.180623,Early,On Time
14.0,9.906248,On Time,On Time
6.0,7.60888,Somewhat Early,Early
25.0,19.886183,Very Late,Somewhat Late
3.0,5.0840144,Very Early,Somewhat Early
22.0,13.6020975,Very Late,On Time
17.0,10.359213,Somewhat Late,On Time
22.0,15.161631,Very Late,Somewhat Late
6.0,6.5973086,Somewhat Early,Early
13.0,11.769782,On Time,On Time
12.0,8.530142,On Time,Early
10.0,9.816295,On Time,On Time
10.0,7.0269723,On Time,Early
6.0,6.649229,Somewhat Early,Early
4.0,7.051928,Somewhat Early,Early
9.0,10.546595,Early,On Time
8.0,11.2064295,Early,On Time
7.0,3.9663835,Early,Somewhat Early
11.0,8.8120775,On Time,Early
5.0,13.969764,Somewhat Early,On Time
6.0,12.832133,Somewhat Early,On Time
9.0,14.369501,Early,Somewhat Late
18.0,11.340079,Somewhat Late,On Time
23.0,22.960363,Very Late,Very Late
9.0,8.761457,Early,Early
14.0,7.571738,On Time,Early
9.0,10.013811,Early,On Time
17.0,8.531447,Somewhat Late,Early
20.0,16.206318,Somewhat Late,Somewhat Late
1.0,3.8535228,Very Early,Somewhat Early
2.0,7.6492357,Very Early,Early
13.0,16.53786,On Time,Somewhat Late
14.0,20.088173,On Time,Very Late
8.0,10.303217,Early,On Time
2.0,4.652969,Very Early,Somewhat Early
24.0,19.804234,Very Late,Somewhat Late
27.0,18.615871,Very Late,Somewhat Late
3.0,6.7777343,Very Early,Early
5.0,6.3295207,Somewhat Early,Early
4.0,3.7974656,Somewhat Early,Somewhat Early
19.0,11.503804,Somewhat Late,On Time
22.0,9.914889,Very Late,On Time
14.0,16.313353,On Time,Somewhat Late
6.0,8.004386,Somewhat Early,Early
8.0,8.96159,Early,Early
12.0,12.62991,On Time,On Time
3.0,3.8146229,Very Early,Somewhat Early
9.0,5.4885817,Early,Somewhat Early
9.0,11.167428,Early,On Time
4.0,6.842332,Somewhat Early,Early
7.0,8.456061,Early,Early
22.0,14.161188,Very Late,Somewhat Late
13.0,11.670913,On Time,On Time
5.0,4.875852,Somewhat Early,Somewhat Early
10.0,9.717333,On Time,On Time
6.0,11.756864,Somewhat Early,On Time
15.0,6.8712945,Somewhat Late,Early
20.0,21.118471,Somewhat Late,Very Late
8.0,5.8870554,Early,Somewhat Early
22.0,15.102262,Very Late,Somewhat Late
3.0,13.511498,Very Early,On Time
12.0,12.9584055,On Time,On Time
9.0,5.818434,Early,Somewhat Early
7.0,8.599329,Early,Early
9.0,10.062964,Early,On Time
16.0,15.783628,Somewhat Late,Somewhat Late
5.0,10.609171,Somewhat Early,On Time
7.0,8.871827,Early,Early
4.0,4.018461,Somewhat Early,Somewhat Early
19.0,13.927719,Somewhat Late,On Time
12.0,7.580427,On Time,Early
8.0,9.186388,Early,On Time
12.0,8.838743,On Time,Early
11.0,14.168339,On Time,Somewhat Late
9.0,14.484836,Early,Somewhat Late
4.0,3.7966878,Somewhat Early,Somewhat Early
8.0,10.716862,Early,On Time
25.0,15.923691,Very Late,Somewhat Late
25.0,6.436909,Very Late,Early
2.0,3.8043783,Very Early,Somewhat Early
14.0,9.6569805,On Time,On Time
22.0,18.733932,Very Late,Somewhat Late
12.0,12.047563,On Time,On Time
6.0,3.8464904,Somewhat Early,Somewhat Early
1.0,3.8121862,Very Early,Somewhat Early
3.0,6.9393306,Very Early,Early
13.0,9.536934,On Time,On Time
10.0,7.8107486,On Time,Early
8.0,13.286089,Early,On Time
18.0,14.595683,Somewhat Late,Somewhat Late
9.0,8.771674,Early,Early
5.0,3.8219388,Somewhat Early,Somewhat Early
12.0,15.045822,On Time,Somewhat Late
17.0,14.563947,Somewhat Late,Somewhat Late
4.0,6.024688,Somewhat Early,Early
16.0,9.481219,Somewhat Late,On Time
11.0,9.033469,On Time,On Time
13.0,6.994685,On Time,Early
13.0,13.00025,On Time,On Time
6.0,7.3570766,Somewhat Early,Early
21.0,12.151994,Very Late,On Time
2.0,13.43806,Very Early,On Time
22.0,20.532291,Very Late,Very Late
11.0,9.432724,On Time,On Time
12.0,9.138724,On Time,On Time
1.0,4.257105,Very Early,Somewhat Early
14.0,13.927845,On Time,On Time
7.0,8.265638,Early,Early
5.0,9.190655,Somewhat Early,On Time
19.0,14.975527,Somewhat Late,Somewhat Late
9.0,4.460684,Early,Somewhat Early
7.0,7.6402583,Early,Early
27.0,19.845438,Very Late,Somewhat Late
10.0,8.446525,On Time,Early
13.0,17.01726,On Time,Somewhat Late
26.0,19.164062,Very Late,Somewhat Late
10.0,15.834314,On Time,Somewhat Late
17.0,11.733158,Somewhat Late,On Time
8.0,9.704519,Early,On Time
15.0,11.436565,Somewhat Late,On Time
21.0,15.6569605,Very Late,Somewhat Late
1.0,4.0131445,Very Early,Somewhat Early
5.0,16.576761,Somewhat Early,Somewhat Late
11.0,8.698869,On Time,Early
2.0,3.900095,Very Early,Somewhat Early
5.0,3.8049157,Somewhat Early,Somewhat Early
3.0,6.524889,Very Early,Early
15.0,13.860722,Somewhat Late,On Time
7.0,3.7812192,Early,Somewhat Early
17.0,8.461145,Somewhat Late,Early
5.0,3.9218643,Somewhat Early,Somewhat Early
21.0,22.537699,Very Late,Very Late
8.0,9.466568,Early,On Time
8.0,12.190461,Early,On Time
10.0,5.0401044,On Time,Somewhat Early
6.0,6.0532966,Somewhat Early,Early
8.0,6.881605,Early,Early
9.0,8.619438,Early,Early
13.0,6.44795,On Time,Early
15.0,14.686153,Somewhat Late,Somewhat Late
10.0,8.418975,On Time,Early
10.0,10.939354,On Time,On Time
8.0,8.748967,Early,Early
25.0,15.828695,Very Late,Somewhat Late
12.0,10.735262,On Time,On Time
8.0,12.356026,Early,On Time
7.0,6.0200796,Early,Early
25.0,6.0280733,Very Late,Early
6.0,5.111625,Somewhat Early,Somewhat Early
8.0,11.265064,Early,On Time
14.0,13.993208,On Time,On Time
7.0,7.028784,Early,Early
13.0,9.744386,On Time,On Time
7.0,9.851264,Early,On Time
10.0,8.119018,On Time,Early
19.0,10.638026,Somewhat Late,On Time
14.0,15.868432,On Time,Somewhat Late
7.0,11.543009,Early,On Time
7.0,6.719082,Early,Early
3.0,4.0059586,Very Early,Somewhat Early
7.0,7.9988003,Early,Early
6.0,7.0368357,Somewhat Early,Early
19.0,9.455559,Somewhat Late,On Time
9.0,10.887001,Early,On Time
17.0,7.7296653,Somewhat Late,Early
20.0,12.085784,Somewhat Late,On Time
20.0,9.514628,Somewhat Late,On Time
28.0,24.158533,Very Late,Very Late
14.0,12.714291,On Time,On Time
8.0,8.06353,Early,Early
20.0,18.874117,Somewhat Late,Somewhat Late
6.0,10.050469,Somewhat Early,On Time
4.0,7.347726,Somewhat Early,Early
19.0,16.59878,Somewhat Late,Somewhat Late
17.0,9.026077,Somewhat Late,On Time
1.0,3.8898683,Very Early,Somewhat Early
1.0,6.635643,Very Early,Early
11.0,13.750805,On Time,On Time
17.0,12.170145,Somewhat Late,On Time
15.0,10.912377,Somewhat Late,On Time
6.0,8.629001,Somewhat Early,Early
14.0,8.710518,On Time,Early
10.0,11.729832,On Time,On Time
14.0,12.550441,On Time,On Time
11.0,7.839956,On Time,Early
9.0,11.318531,Early,On Time
13.0,14.114765,On Time,Somewhat Late
21.0,7.8081617,Very Late,Early
8.0,10.561636,Early,On Time
2.0,7.6103954,Very Early,Early
9.0,7.954477,Early,Early
9.0,4.6183662,Early,Somewhat Early
21.0,15.0870075,Very Late,Somewhat Late
28.0,18.298178,Very Late,Somewhat Late
2.0,3.8101227,Very Early,Somewhat Early
12.0,3.8416467,On Time,Somewhat Early
14.0,5.3397584,On Time,Somewhat Early
13.0,11.623199,On Time,On Time
10.0,13.026149,On Time,On Time
7.0,7.7582016,Early,Early
7.0,9.972961,Early,On Time
4.0,7.0555964,Somewhat Early,Early
18.0,17.14541,Somewhat Late,Somewhat Late
3.0,8.213589,Very Early,Early
2.0,3.8802962,Very Early,Somewhat Early
6.0,7.7996287,Somewhat Early,Early
10.0,7.9684477,On Time,Early
6.0,6.774605,Somewhat Early,Early
10.0,10.729567,On Time,On Time
15.0,14.77183,Somewhat Late,Somewhat Late
21.0,10.474798,Very Late,On Time
5.0,3.7778392,Somewhat Early,Somewhat Early
12.0,9.179881,On Time,On Time
16.0,8.756286,Somewhat Late,Early
5.0,4.703904,Somewhat Early,Somewhat Early
9.0,12.19794,Early,On Time
6.0,5.2896,Somewhat Early,Somewhat Early
7.0,9.087187,Early,On Time
11.0,9.50947,On Time,On Time
2.0,5.445064,Very Early,Somewhat Early
3.0,3.85387,Very Early,Somewhat Early
8.0,7.4402857,Early,Early
7.0,8.235109,Early,Early
11.0,12.836466,On Time,On Time
6.0,11.964465,Somewhat Early,On Time
17.0,17.917248,Somewhat Late,Somewhat Late
11.0,11.308688,On Time,On Time
2.0,3.7919805,Very Early,Somewhat Early
17.0,7.9206676,Somewhat Late,Early
20.0,21.667936,Somewhat Late,Very Late
15.0,14.946402,Somewhat Late,Somewhat Late
7.0,14.6473675,Early,Somewhat Late
7.0,12.786392,Early,On Time
28.0,19.274206,Very Late,Somewhat Late
7.0,8.211406,Early,Early
28.0,10.339447,Very Late,On Time
8.0,15.061363,Early,Somewhat Late
11.0,16.159649,On Time,Somewhat Late
15.0,8.17905,Somewhat Late,Early
9.0,11.332145,Early,On Time
4.0,11.055156,Somewhat Early,On Time
26.0,16.361263,Very Late,Somewhat Late
14.0,16.235981,On Time,Somewhat Late
11.0,9.37142,On Time,On Time
14.0,14.9590025,On Time,Somewhat Late
2.0,3.8973634,Very Early,Somewhat Early
11.0,11.411133,On Time,On Time
6.0,5.828818,Somewhat Early,Somewhat Early
21.0,14.139471,Very Late,Somewhat Late
10.0,13.517701,On Time,On Time
19.0,9.340849,Somewhat Late,On Time
15.0,11.082041,Somewhat Late,On Time
9.0,11.177042,Early,On Time
6.0,8.974542,Somewhat Early,Early
16.0,14.541285,Somewhat Late,Somewhat Late
2.0,3.8483145,Very Early,Somewhat Early
17.0,13.277665,Somewhat Late,On Time
11.0,9.12654,On Time,On Time
13.0,5.6702633,On Time,Somewhat Early
3.0,3.7862144,Very Early,Somewhat Early
10.0,8.69251,On Time,Early
8.0,9.193801,Early,On Time
2.0,5.4103904,Very Early,Somewhat Early
4.0,8.595894,Somewhat Early,Early
15.0,15.280149,Somewhat Late,Somewhat Late
9.0,12.907491,Early,On Time
5.0,3.771265,Somewhat Early,Somewhat Early
8.0,7.3774242,Early,Early
22.0,21.915348,Very Late,Very Late
10.0,15.651368,On Time,Somewhat Late
20.0,13.0426,Somewhat Late,On Time
16.0,13.625637,Somewhat Late,On Time
8.0,8.081252,Early,Early
9.0,9.2812,Early,On Time
9.0,16.064299,Early,Somewhat Late
10.0,8.813494,On Time,Early
11.0,8.7494,On Time,Early
5.0,8.241717,Somewhat Early,Early
4.0,3.803994,Somewhat Early,Somewhat Early
4.0,3.7776098,Somewhat Early,Somewhat Early
11.0,10.047722,On Time,On Time
13.0,9.995203,On Time,On Time
3.0,3.868681,Very Early,Somewhat Early
9.0,6.436482,Early,Early
7.0,5.1086574,Early,Somewhat Early
6.0,6.115237,Somewhat Early,Early
23.0,21.09806,Very Late,Very Late
2.0,4.073927,Very Early,Somewhat Early
10.0,8.06796,On Time,Early
27.0,21.77758,Very Late,Very Late
8.0,8.357499,Early,Early
4.0,4.3151326,Somewhat Early,Somewhat Early
3.0,3.7933295,Very Early,Somewhat Early
9.0,6.526703,Early,Early
3.0,3.8358839,Very Early,Somewhat Early
17.0,16.000896,Somewhat Late,Somewhat Late
5.0,8.118793,Somewhat Early,Early
3.0,5.577828,Very Early,Somewhat Early
4.0,6.613239,Somewhat Early,Early
11.0,10.994773,On Time,On Time
9.0,9.7657175,Early,On Time
9.0,8.312215,Early,Early
10.0,12.569923,On Time,On Time
16.0,9.48578,Somewhat Late,On Time
20.0,7.6833687,Somewhat Late,Early
4.0,6.908102,Somewhat Early,Early
2.0,8.663402,Very Early,Early
10.0,7.2177486,On Time,Early
12.0,15.986759,On Time,Somewhat Late
12.0,7.3486495,On Time,Early
3.0,5.1144695,Very Early,Somewhat Early
10.0,9.646336,On Time,On Time
7.0,7.8782997,Early,Early
7.0,10.471251,Early,On Time
12.0,6.934009,On Time,Early
2.0,8.236232,Very Early,Early
5.0,3.9484406,Somewhat Early,Somewhat Early
10.0,12.848683,On Time,On Time
7.0,17.096148,Early,Somewhat Late
7.0,10.464785,Early,On Time
7.0,3.805644,Early,Somewhat Early
12.0,7.642871,On Time,Early
1.0,4.1474795,Very Early,Somewhat Early
6.0,8.795414,Somewhat Early,Early
12.0,9.388675,On Time,On Time
21.0,11.613285,Very Late,On Time
24.0,24.645988,Very Late,Very Late
4.0,3.7903414,Somewhat Early,Somewhat Early
27.0,22.835516,Very Late,Very Late
5.0,6.9686384,Somewhat Early,Early
11.0,9.741958,On Time,On Time
25.0,17.99049,Very Late,Somewhat Late
6.0,9.114475,Somewhat Early,On Time
21.0,18.801603,Very Late,Somewhat Late
12.0,13.089086,On Time,On Time
5.0,6.735241,Somewhat Early,Early
4.0,7.645473,Somewhat Early,Early
15.0,14.853773,Somewhat Late,Somewhat Late
12.0,8.840233,On Time,Early
7.0,9.936728,Early,On Time
12.0,8.427747,On Time,Early
7.0,3.7889724,Early,Somewhat Early
9.0,7.41239,Early,Early
2.0,5.812207,Very Early,Somewhat Early
5.0,8.4938,Somewhat Early,Early
9.0,10.006715,Early,On Time
11.0,7.5494943,On Time,Early
6.0,7.828765,Somewhat Early,Early
2.0,3.8489645,Very Early,Somewhat Early
10.0,6.9567127,On Time,Early
13.0,8.105317,On Time,Early
11.0,10.112413,On Time,On Time
7.0,5.8919954,Early,Somewhat Early
5.0,10.013505,Somewhat Early,On Time
7.0,4.634988,Early,Somewhat Early
5.0,4.508281,Somewhat Early,Somewhat Early
9.0,7.758371,Early,Early
3.0,3.9602692,Very Early,Somewhat Early
10.0,11.751622,On Time,On Time
12.0,10.354572,On Time,On Time
4.0,3.7728844,Somewhat Early,Somewhat Early
15.0,17.826477,Somewhat Late,Somewhat Late
2.0,3.7956433,Very Early,Somewhat Early
8.0,4.495762,Early,Somewhat Early
17.0,10.367523,Somewhat Late,On Time
3.0,3.8258297,Very Early,Somewhat Early
6.0,4.8117023,Somewhat Early,Somewhat Early
15.0,14.368588,Somewhat Late,Somewhat Late
8.0,10.073326,Early,On Time
5.0,6.614778,Somewhat Early,Early
8.0,8.951588,Early,Early
7.0,7.556715,Early,Early
2.0,7.1951222,Very Early,Early
18.0,17.03964,Somewhat Late,Somewhat Late
5.0,9.531684,Somewhat Early,On Time
12.0,7.3782406,On Time,Early
4.0,9.047631,Somewhat Early,On Time
3.0,10.5756445,Very Early,On Time
17.0,17.224936,Somewhat Late,Somewhat Late
13.0,7.0173893,On Time,Early
6.0,9.020006,Somewhat Early,On Time
8.0,10.0900545,Early,On Time
14.0,13.50072,On Time,On Time
9.0,10.585256,Early,On Time
9.0,6.5750365,Early,Early
7.0,12.093819,Early,On Time
13.0,8.72445,On Time,Early
14.0,11.916291,On Time,On Time
4.0,3.7929378,Somewhat Early,Somewhat Early
12.0,10.497518,On Time,On Time
2.0,4.079861,Very Early,Somewhat Early
7.0,6.0256977,Early,Early
4.0,3.807817,Somewhat Early,Somewhat Early
3.0,4.8137197,Very Early,Somewhat Early
21.0,12.181887,Very Late,On Time
2.0,3.954113,Very Early,Somewhat Early
3.0,3.788609,Very Early,Somewhat Early
6.0,8.405927,Somewhat Early,Early
7.0,3.9059827,Early,Somewhat Early
4.0,4.5650787,Somewhat Early,Somewhat Early
17.0,10.7710905,Somewhat Late,On Time
24.0,18.133266,Very Late,Somewhat Late
13.0,10.316354,On Time,On Time
15.0,7.133033,Somewhat Late,Early
10.0,4.304044,On Time,Somewhat Early
9.0,7.508027,Early,Early
12.0,7.346474,On Time,Early
6.0,16.33659,Somewhat Early,Somewhat Late
14.0,11.272662,On Time,On Time
13.0,14.691184,On Time,Somewhat Late
16.0,8.011282,Somewhat Late,Early
21.0,16.00076,Very Late,Somewhat Late
11.0,5.1438212,On Time,Somewhat Early
4.0,5.4089193,Somewhat Early,Somewhat Early
2.0,3.8996298,Very Early,Somewhat Early
9.0,10.010455,Early,On Time
9.0,7.3298674,Early,Early
6.0,9.583706,Somewhat Early,On Time
5.0,11.261411,Somewhat Early,On Time
12.0,11.095944,On Time,On Time
6.0,5.4957914,Somewhat Early,Somewhat Early
12.0,12.554055,On Time,On Time
10.0,12.236823,On Time,On Time
2.0,3.8424082,Very Early,Somewhat Early
16.0,8.380624,Somewhat Late,Early
2.0,6.110541,Very Early,Early
6.0,9.444348,Somewhat Early,On Time
6.0,9.663895,Somewhat Early,On Time
5.0,4.8690453,Somewhat Early,Somewhat Early
6.0,10.050819,Somewhat Early,On Time
8.0,4.921649,Early,Somewhat Early
2.0,5.1698666,Very Early,Somewhat Early
7.0,7.192325,Early,Early
3.0,5.043842,Very Early,Somewhat Early
7.0,7.548069,Early,Early
8.0,8.817534,Early,Early
7.0,7.0032787,Early,Early
4.0,5.276673,Somewhat Early,Somewhat Early
16.0,7.783496,Somewhat Late,Early
21.0,19.411266,Very Late,Somewhat Late
13.0,9.721085,On Time,On Time
13.0,16.885351,On Time,Somewhat Late
6.0,4.4055433,Somewhat Early,Somewhat Early
8.0,8.313425,Early,Early
13.0,14.3566475,On Time,Somewhat Late
8.0,13.377458,Early,On Time
23.0,7.6282496,Very Late,Early
8.0,15.796331,Early,Somewhat Late
8.0,5.2850432,Early,Somewhat Early
6.0,5.804964,Somewhat Early,Somewhat Early
11.0,10.425058,On Time,On Time
2.0,7.975008,Very Early,Early
7.0,10.697607,Early,On Time
13.0,12.094512,On Time,On Time
1.0,3.99446,Very Early,Somewhat Early
10.0,7.951092,On Time,Early
7.0,6.742259,Early,Early
16.0,9.664608,Somewhat Late,On Time
15.0,18.630941,Somewhat Late,Somewhat Late
5.0,4.0317154,Somewhat Early,Somewhat Early
11.0,7.603712,On Time,Early
3.0,10.798532,Very Early,On Time
9.0,9.89731,Early,On Time
17.0,16.476406,Somewhat Late,Somewhat Late
13.0,11.054993,On Time,On Time
8.0,12.008896,Early,On Time
15.0,13.003443,Somewhat Late,On Time
14.0,18.20818,On Time,Somewhat Late
6.0,13.723361,Somewhat Early,On Time
16.0,15.304217,Somewhat Late,Somewhat Late
1.0,4.1558275,Very Early,Somewhat Early
21.0,8.69417,Very Late,Early
9.0,8.945636,Early,Early
12.0,9.519846,On Time,On Time
5.0,3.8008592,Somewhat Early,Somewhat Early
1.0,3.8417468,Very Early,Somewhat Early
9.0,7.9011307,Early,Early
6.0,14.863019,Somewhat Early,Somewhat Late
10.0,7.120567,On Time,Early
12.0,7.263897,On Time,Early
22.0,19.175522,Very Late,Somewhat Late
4.0,4.045748,Somewhat Early,Somewhat Early
19.0,12.784182,Somewhat Late,On Time
9.0,4.0609493,Early,Somewhat Early
3.0,19.254417,Very Early,Somewhat Late
14.0,17.676273,On Time,Somewhat Late
14.0,8.383066,On Time,Early
7.0,7.3396974,Early,Early
3.0,4.1124353,Very Early,Somewhat Early
11.0,15.078312,On Time,Somewhat Late
6.0,11.989541,Somewhat Early,On Time
25.0,11.034956,Very Late,On Time
4.0,6.057108,Somewhat Early,Early
4.0,8.475438,Somewhat Early,Early
19.0,8.710575,Somewhat Late,Early
6.0,4.617178,Somewhat Early,Somewhat Early
2.0,6.4759974,Very Early,Early
7.0,8.330183,Early,Early
5.0,7.4354725,Somewhat Early,Early
6.0,5.3676353,Somewhat Early,Somewhat Early
4.0,3.7886493,Somewhat Early,Somewhat Early
6.0,8.796965,Somewhat Early,Early
6.0,6.8761935,Somewhat Early,Early
13.0,6.466966,On Time,Early
8.0,10.275796,Early,On Time
7.0,6.6486354,Early,Early
3.0,3.8148808,Very Early,Somewhat Early
4.0,5.588853,Somewhat Early,Somewhat Early
11.0,8.462343,On Time,Early
9.0,9.3624935,Early,On Time
6.0,3.8309743,Somewhat Early,Somewhat Early
7.0,8.9508095,Early,Early
12.0,9.947383,On Time,On Time
6.0,6.925665,Somewhat Early,Early
19.0,11.201245,Somewhat Late,On Time
14.0,13.549875,On Time,On Time
0.0,9.263521,Very Early,On Time
10.0,6.8761353,On Time,Early
18.0,16.1367,Somewhat Late,Somewhat Late
2.0,4.268547,Very Early,Somewhat Early
8.0,7.6625996,Early,Early
10.0,8.197248,On Time,Early
6.0,10.467564,Somewhat Early,On Time
11.0,9.716911,On Time,On Time
10.0,10.228529,On Time,On Time
20.0,15.205635,Somewhat Late,Somewhat Late
6.0,7.173402,Somewhat Early,Early
14.0,13.465573,On Time,On Time
4.0,6.0444117,Somewhat Early,Early
15.0,10.339748,Somewhat Late,On Time
18.0,16.200157,Somewhat Late,Somewhat Late
8.0,4.391896,Early,Somewhat Early
1.0,3.7921228,Very Early,Somewhat Early
4.0,7.1713758,Somewhat Early,Early
10.0,8.063857,On Time,Early
6.0,9.021612,Somewhat Early,On Time
7.0,13.450938,Early,On Time
6.0,9.656674,Somewhat Early,On Time
10.0,8.593661,On Time,Early
1.0,4.680643,Very Early,Somewhat Early
9.0,7.7029667,Early,Early
7.0,6.20613,Early,Early
8.0,8.138062,Early,Early
4.0,3.876302,Somewhat Early,Somewhat Early
12.0,11.462195,On Time,On Time
6.0,19.221193,Somewhat Early,Somewhat Late
13.0,14.216569,On Time,Somewhat Late
5.0,12.011166,Somewhat Early,On Time
13.0,13.869008,On Time,On Time
6.0,8.229656,Somewhat Early,Early
7.0,5.3663926,Early,Somewhat Early
2.0,4.37059,Very Early,Somewhat Early
16.0,15.235002,Somewhat Late,Somewhat Late
4.0,6.1997986,Somewhat Early,Early
14.0,7.513613,On Time,Early
8.0,4.2433796,Early,Somewhat Early
10.0,8.143354,On Time,Early
9.0,13.653247,Early,On Time
7.0,5.616118,Early,Somewhat Early
12.0,8.849748,On Time,Early
5.0,8.528074,Somewhat Early,Early
5.0,10.2267,Somewhat Early,On Time
11.0,14.039018,On Time,Somewhat Late
12.0,8.3034115,On Time,Early
22.0,16.506863,Very Late,Somewhat Late
14.0,4.979581,On Time,Somewhat Early
7.0,6.3961706,Early,Early
12.0,12.674061,On Time,On Time
5.0,13.695764,Somewhat Early,On Time
3.0,5.6597795,Very Early,Somewhat Early
4.0,9.075296,Somewhat Early,On Time
14.0,15.113208,On Time,Somewhat Late
17.0,10.362417,Somewhat Late,On Time
5.0,10.691031,Somewhat Early,On Time
8.0,7.9136167,Early,Early
8.0,9.028044,Early,On Time
8.0,8.281955,Early,Early
7.0,7.9330344,Early,Early
5.0,4.474239,Somewhat Early,Somewhat Early
6.0,6.7979674,Somewhat Early,Early
12.0,10.307988,On Time,On Time
1.0,3.9213452,Very Early,Somewhat Early
7.0,7.9759893,Early,Early
5.0,10.556863,Somewhat Early,On Time
9.0,9.309147,Early,On Time
3.0,4.3500795,Very Early,Somewhat Early
4.0,6.891552,Somewhat Early,Early
7.0,8.225586,Early,Early
14.0,7.5823374,On Time,Early
21.0,11.120536,Very Late,On Time
8.0,3.8806484,Early,Somewhat Early
6.0,6.5475245,Somewhat Early,Early
12.0,8.139503,On Time,Early
17.0,14.238159,Somewhat Late,Somewhat Late
5.0,7.05833,Somewhat Early,Early
9.0,5.5156727,Early,Somewhat Early
10.0,5.9063916,On Time,Somewhat Early
7.0,7.931011,Early,Early
8.0,9.086573,Early,On Time
14.0,16.823437,On Time,Somewhat Late
5.0,8.08779,Somewhat Early,Early
7.0,7.9612393,Early,Early
24.0,20.919535,Very Late,Very Late
12.0,12.721552,On Time,On Time
7.0,11.326224,Early,On Time
8.0,6.541335,Early,Early
3.0,3.7971885,Very Early,Somewhat Early
10.0,7.740698,On Time,Early
3.0,4.2270174,Very Early,Somewhat Early
10.0,6.3451605,On Time,Early
7.0,4.9158397,Early,Somewhat Early
10.0,15.865579,On Time,Somewhat Late
11.0,10.783401,On Time,On Time
11.0,10.124124,On Time,On Time
10.0,8.517257,On Time,Early
10.0,9.423102,On Time,On Time
15.0,11.454044,Somewhat Late,On Time
7.0,7.7083573,Early,Early
6.0,3.9234889,Somewhat Early,Somewhat Early
14.0,13.945446,On Time,On Time
15.0,13.917341,Somewhat Late,On Time
2.0,3.7909584,Very Early,Somewhat Early
14.0,13.033144,On Time,On Time
6.0,7.5584865,Somewhat Early,Early
5.0,6.0424204,Somewhat Early,Early
14.0,14.024162,On Time,Somewhat Late
5.0,5.4142513,Somewhat Early,Somewhat Early
9.0,8.262528,Early,Early
6.0,17.607075,Somewhat Early,Somewhat Late
3.0,9.258017,Very Early,On Time
14.0,19.475227,On Time,Somewhat Late
10.0,10.766085,On Time,On Time
9.0,8.371219,Early,Early
5.0,5.2215967,Somewhat Early,Somewhat Early
15.0,13.173686,Somewhat Late,On Time
3.0,3.8710132,Very Early,Somewhat Early
11.0,10.084202,On Time,On Time
2.0,5.6555986,Very Early,Somewhat Early
23.0,13.556335,Very Late,On Time
19.0,8.133151,Somewhat Late,Early
5.0,3.91367,Somewhat Early,Somewhat Early
10.0,8.9111,On Time,Early
11.0,8.919813,On Time,Early
24.0,12.080995,Very Late,On Time
3.0,3.9549987,Very Early,Somewhat Early
8.0,9.142032,Early,On Time
7.0,6.4065595,Early,Early
12.0,11.451736,On Time,On Time
10.0,4.2786384,On Time,Somewhat Early
1.0,3.7834382,Very Early,Somewhat Early
23.0,14.320468,Very Late,Somewhat Late
4.0,3.8080568,Somewhat Early,Somewhat Early
9.0,8.936068,Early,Early
18.0,14.420595,Somewhat Late,Somewhat Late
22.0,10.801189,Very Late,On Time
6.0,7.9052634,Somewhat Early,Early
13.0,7.205829,On Time,Early
22.0,19.703434,Very Late,Somewhat Late
5.0,7.8091407,Somewhat Early,Early
2.0,4.9579186,Very Early,Somewhat Early
10.0,10.547949,On Time,On Time
7.0,14.292534,Early,Somewhat Late
3.0,5.256964,Very Early,Somewhat Early
5.0,3.7802267,Somewhat Early,Somewhat Early
2.0,3.7815223,Very Early,Somewhat Early
15.0,14.907106,Somewhat Late,Somewhat Late
6.0,8.713621,Somewhat Early,Early
8.0,11.965655,Early,On Time
4.0,4.1443987,Somewhat Early,Somewhat Early
12.0,8.416324,On Time,Early
5.0,19.684593,Somewhat Early,Somewhat Late
7.0,5.513182,Early,Somewhat Early
3.0,7.179449,Very Early,Early
17.0,13.953159,Somewhat Late,On Time
7.0,8.020328,Early,Early
9.0,7.8067565,Early,Early
3.0,5.539757,Very Early,Somewhat Early
10.0,7.7797284,On Time,Early
15.0,8.249842,Somewhat Late,Early
6.0,8.2694235,Somewhat Early,Early
7.0,9.460786,Early,On Time
9.0,10.048322,Early,On Time
9.0,6.718354,Early,Early
26.0,13.448147,Very Late,On Time
10.0,9.999185,On Time,On Time
7.0,3.9130545,Early,Somewhat Early
14.0,8.812857,On Time,Early
17.0,19.655571,Somewhat Late,Somewhat Late
21.0,12.960831,Very Late,On Time
12.0,12.795953,On Time,On Time
10.0,9.444151,On Time,On Time
5.0,5.511139,Somewhat Early,Somewhat Early
3.0,5.427551,Very Early,Somewhat Early
9.0,7.5966735,Early,Early
4.0,3.7833867,Somewhat Early,Somewhat Early
6.0,12.042461,Somewhat Early,On Time
2.0,3.806451,Very Early,Somewhat Early
13.0,9.651552,On Time,On Time
6.0,10.76903,Somewhat Early,On Time
1.0,3.9034166,Very Early,Somewhat Early
16.0,12.337476,Somewhat Late,On Time
25.0,26.53198,Very Late,Very Late
13.0,15.195686,On Time,Somewhat Late
9.0,4.618335,Early,Somewhat Early
20.0,17.763256,Somewhat Late,Somewhat Late
9.0,9.248221,Early,On Time
8.0,5.6846166,Early,Somewhat Early
3.0,8.550726,Very Early,Early
3.0,3.8280988,Very Early,Somewhat Early
7.0,12.040353,Early,On Time
8.0,9.111099,Early,On Time
9.0,10.525218,Early,On Time
8.0,5.478902,Early,Somewhat Early
10.0,7.622717,On Time,Early
5.0,13.738728,Somewhat Early,On Time
4.0,4.156738,Somewhat Early,Somewhat Early
25.0,17.48719,Very Late,Somewhat Late
19.0,14.4810705,Somewhat Late,Somewhat Late
5.0,4.038428,Somewhat Early,Somewhat Early
10.0,8.337023,On Time,Early
9.0,9.609075,Early,On Time
14.0,8.246819,On Time,Early
24.0,9.402895,Very Late,On Time
4.0,5.409634,Somewhat Early,Somewhat Early
10.0,7.836411,On Time,Early
21.0,11.482534,Very Late,On Time
16.0,10.681334,Somewhat Late,On Time
7.0,12.257085,Early,On Time
9.0,11.205887,Early,On Time
8.0,6.7967486,Early,Early
19.0,14.11211,Somewhat Late,Somewhat Late
2.0,4.1465592,Very Early,Somewhat Early
0.0,7.6552305,Very Early,Early
19.0,10.739456,Somewhat Late,On Time
2.0,3.7676096,Very Early,Somewhat Early
6.0,7.5468464,Somewhat Early,Early
13.0,19.457832,On Time,Somewhat Late
14.0,8.5116625,On Time,Early
10.0,8.021646,On Time,Early
13.0,7.9383116,On Time,Early
4.0,9.049272,Somewhat Early,On Time
13.0,9.43658,On Time,On Time
6.0,8.717835,Somewhat Early,Early
14.0,13.355538,On Time,On Time
6.0,9.542456,Somewhat Early,On Time
10.0,13.261384,On Time,On Time
10.0,10.573015,On Time,On Time
6.0,3.8089027,Somewhat Early,Somewhat Early
3.0,7.622894,Very Early,Early
8.0,13.037659,Early,On Time
8.0,8.929331,Early,Early
8.0,9.479871,Early,On Time
4.0,7.523899,Somewhat Early,Early
4.0,8.08936,Somewhat Early,Early
5.0,9.209052,Somewhat Early,On Time
25.0,21.765352,Very Late,Very Late
10.0,10.201233,On Time,On Time
2.0,4.384621,Very Early,Somewhat Early
8.0,10.787474,Early,On Time
4.0,4.8706064,Somewhat Early,Somewhat Early
9.0,8.744832,Early,Early
3.0,3.8104482,Very Early,Somewhat Early
8.0,5.795043,Early,Somewhat Early
22.0,16.97582,Very Late,Somewhat Late
16.0,14.369882,Somewhat Late,Somewhat Late
14.0,5.196803,On Time,Somewhat Early
3.0,3.7866654,Very Early,Somewhat Early
7.0,3.8165402,Early,Somewhat Early
13.0,7.0723896,On Time,Early
5.0,11.920653,Somewhat Early,On Time
7.0,6.290948,Early,Early
7.0,6.0965166,Early,Early
20.0,7.536238,Somewhat Late,Early
4.0,6.170508,Somewhat Early,Early
13.0,9.563687,On Time,On Time
16.0,17.185848,Somewhat Late,Somewhat Late
7.0,7.860716,Early,Early
5.0,4.442801,Somewhat Early,Somewhat Early
19.0,11.540325,Somewhat Late,On Time
17.0,16.34666,Somewhat Late,Somewhat Late
15.0,10.034531,Somewhat Late,On Time
24.0,13.976542,Very Late,On Time
9.0,8.422064,Early,Early
5.0,3.7799835,Somewhat Early,Somewhat Early
11.0,8.128593,On Time,Early
4.0,4.764363,Somewhat Early,Somewhat Early
5.0,5.2733655,Somewhat Early,Somewhat Early
10.0,16.892597,On Time,Somewhat Late
6.0,7.1522646,Somewhat Early,Early
7.0,7.7199454,Early,Early
13.0,7.364163,On Time,Early
5.0,8.282846,Somewhat Early,Early
24.0,16.922108,Very Late,Somewhat Late
6.0,5.7367864,Somewhat Early,Somewhat Early
12.0,9.819894,On Time,On Time
16.0,16.028128,Somewhat Late,Somewhat Late
4.0,6.974409,Somewhat Early,Early
1.0,4.1914277,Very Early,Somewhat Early
9.0,12.820063,Early,On Time
8.0,9.262519,Early,On Time
18.0,8.007145,Somewhat Late,Early
9.0,7.544611,Early,Early
8.0,12.78521,Early,On Time
8.0,9.628322,Early,On Time
9.0,8.0775175,Early,Early
15.0,13.297936,Somewhat Late,On Time
7.0,8.571614,Early,Early
14.0,9.373481,On Time,On Time
1.0,4.0737386,Very Early,Somewhat Early
4.0,8.956862,Somewhat Early,Early
13.0,9.758476,On Time,On Time
8.0,7.6411514,Early,Early
13.0,9.153154,On Time,On Time
9.0,8.638551,Early,Early
9.0,3.9827392,Early,Somewhat Early
18.0,8.737675,Somewhat Late,Early
8.0,7.855589,Early,Early
9.0,14.334901,Early,Somewhat Late
8.0,7.4201665,Early,Early
6.0,4.649254,Somewhat Early,Somewhat Early
17.0,14.682644,Somewhat Late,Somewhat Late
14.0,12.538173,On Time,On Time
4.0,6.0050063,Somewhat Early,Early
18.0,14.611406,Somewhat Late,Somewhat Late
9.0,16.348793,Early,Somewhat Late
9.0,7.557153,Early,Early
17.0,15.149926,Somewhat Late,Somewhat Late
7.0,5.9909654,Early,Somewhat Early
13.0,10.710239,On Time,On Time
7.0,8.532587,Early,Early
8.0,13.164858,Early,On Time
5.0,13.305943,Somewhat Early,On Time
6.0,6.417146,Somewhat Early,Early
3.0,7.9324555,Very Early,Early
13.0,12.785655,On Time,On Time
15.0,13.36401,Somewhat Late,On Time
4.0,5.60075,Somewhat Early,Somewhat Early
15.0,15.052592,Somewhat Late,Somewhat Late
22.0,19.052319,Very Late,Somewhat Late
19.0,16.542536,Somewhat Late,Somewhat Late
14.0,5.6412253,On Time,Somewhat Early
11.0,6.7248187,On Time,Early
10.0,8.599361,On Time,Early
9.0,17.125103,Early,Somewhat Late
5.0,3.858396,Somewhat Early,Somewhat Early
19.0,9.824024,Somewhat Late,On Time
11.0,9.332567,On Time,On Time
4.0,7.4913564,Somewhat Early,Early
2.0,6.8027773,Very Early,Early
15.0,13.466948,Somewhat Late,On Time
15.0,8.509266,Somewhat Late,Early
6.0,9.368533,Somewhat Early,On Time
1.0,3.8374,Very Early,Somewhat Early
22.0,12.969959,Very Late,On Time
9.0,10.646019,Early,On Time
14.0,15.07077,On Time,Somewhat Late
6.0,7.6875925,Somewhat Early,Early
5.0,9.648065,Somewhat Early,On Time
10.0,9.010857,On Time,On Time
19.0,17.235783,Somewhat Late,Somewhat Late
7.0,7.4336557,Early,Early
14.0,16.046812,On Time,Somewhat Late
8.0,9.032591,Early,On Time
23.0,19.985575,Very Late,Somewhat Late
6.0,7.7285256,Somewhat Early,Early
10.0,8.593947,On Time,Early
7.0,7.9497647,Early,Early
9.0,5.2593184,Early,Somewhat Early
21.0,15.161934,Very Late,Somewhat Late
4.0,4.200934,Somewhat Early,Somewhat Early
10.0,14.9303665,On Time,Somewhat Late
10.0,10.095178,On Time,On Time
4.0,9.2974,Somewhat Early,On Time
12.0,6.933328,On Time,Early
8.0,9.634587,Early,On Time
4.0,5.294055,Somewhat Early,Somewhat Early
10.0,12.8618965,On Time,On Time
8.0,3.789205,Early,Somewhat Early
11.0,4.734002,On Time,Somewhat Early
2.0,3.8794355,Very Early,Somewhat Early
5.0,4.6599245,Somewhat Early,Somewhat Early
17.0,8.925722,Somewhat Late,Early
15.0,12.678111,Somewhat Late,On Time
7.0,8.488821,Early,Early
12.0,11.45668,On Time,On Time
11.0,14.338474,On Time,Somewhat Late
23.0,20.25908,Very Late,Very Late
24.0,10.632018,Very Late,On Time
6.0,7.7707686,Somewhat Early,Early
4.0,6.5970254,Somewhat Early,Early
12.0,7.8157616,On Time,Early
19.0,8.115709,Somewhat Late,Early
27.0,7.193398,Very Late,Early
10.0,9.572153,On Time,On Time
19.0,10.272651,Somewhat Late,On Time
2.0,8.700483,Very Early,Early
8.0,10.201882,Early,On Time
8.0,7.580576,Early,Early
5.0,3.9173572,Somewhat Early,Somewhat Early
2.0,3.7956643,Very Early,Somewhat Early
1.0,4.1719966,Very Early,Somewhat Early
13.0,8.001602,On Time,Early
11.0,12.126344,On Time,On Time
14.0,10.82395,On Time,On Time
6.0,4.160705,Somewhat Early,Somewhat Early
15.0,9.550401,Somewhat Late,On Time
6.0,6.7597427,Somewhat Early,Early
10.0,11.851332,On Time,On Time
5.0,5.2006097,Somewhat Early,Somewhat Early
6.0,5.7144194,Somewhat Early,Somewhat Early
10.0,10.078539,On Time,On Time
16.0,10.4311905,Somewhat Late,On Time
26.0,23.629637,Very Late,Very Late
14.0,10.873332,On Time,On Time
8.0,11.090389,Early,On Time
11.0,5.0471635,On Time,Somewhat Early
8.0,8.668085,Early,Early
19.0,13.089848,Somewhat Late,On Time
5.0,7.364168,Somewhat Early,Early
16.0,15.215722,Somewhat Late,Somewhat Late
19.0,11.74723,Somewhat Late,On Time
7.0,3.786798,Early,Somewhat Early
8.0,9.244344,Early,On Time
23.0,14.011714,Very Late,Somewhat Late
10.0,7.7730494,On Time,Early
6.0,4.255443,Somewhat Early,Somewhat Early
10.0,9.719952,On Time,On Time
13.0,9.292755,On Time,On Time
7.0,4.170516,Early,Somewhat Early
14.0,12.0234,On Time,On Time
7.0,3.796152,Early,Somewhat Early
13.0,12.795109,On Time,On Time
26.0,12.80489,Very Late,On Time
7.0,10.02096,Early,On Time
19.0,16.400513,Somewhat Late,Somewhat Late
6.0,9.61336,Somewhat Early,On Time
4.0,13.489851,Somewhat Early,On Time
11.0,7.4962263,On Time,Early
2.0,11.084442,Very Early,On Time
23.0,11.974519,Very Late,On Time
4.0,7.33344,Somewhat Early,Early
6.0,8.208147,Somewhat Early,Early
2.0,3.937114,Very Early,Somewhat Early
13.0,11.297227,On Time,On Time
9.0,9.221869,Early,On Time
9.0,10.783401,Early,On Time
5.0,7.649752,Somewhat Early,Early
19.0,19.0295,Somewhat Late,Somewhat Late
11.0,9.14923,On Time,On Time
22.0,14.301805,Very Late,Somewhat Late
19.0,14.961201,Somewhat Late,Somewhat Late
11.0,9.808092,On Time,On Time
5.0,6.153846,Somewhat Early,Early
6.0,9.385511,Somewhat Early,On Time
18.0,16.312622,Somewhat Late,Somewhat Late
8.0,11.887419,Early,On Time
1.0,7.103919,Very Early,Early
6.0,8.415517,Somewhat Early,Early
16.0,16.880816,Somewhat Late,Somewhat Late
7.0,12.642422,Early,On Time
2.0,3.813544,Very Early,Somewhat Early
8.0,8.94806,Early,Early
12.0,7.746866,On Time,Early
19.0,19.630352,Somewhat Late,Somewhat Late
10.0,12.211208,On Time,On Time
1.0,3.879977,Very Early,Somewhat Early
13.0,14.592519,On Time,Somewhat Late
15.0,14.013027,Somewhat Late,Somewhat Late
7.0,8.068682,Early,Early
15.0,10.320373,Somewhat Late,On Time
1.0,3.780898,Very Early,Somewhat Early
5.0,11.338766,Somewhat Early,On Time
5.0,6.932283,Somewhat Early,Early
9.0,10.477136,Early,On Time
7.0,8.320618,Early,Early
7.0,9.485205,Early,On Time
24.0,18.12563,Very Late,Somewhat Late
8.0,8.721185,Early,Early
5.0,8.126238,Somewhat Early,Early
6.0,7.934377,Somewhat Early,Early
25.0,22.065994,Very Late,Very Late
6.0,10.851561,Somewhat Early,On Time
25.0,21.019222,Very Late,Very Late
6.0,4.3046904,Somewhat Early,Somewhat Early
8.0,8.503096,Early,Early
15.0,13.379229,Somewhat Late,On Time
3.0,3.8175156,Very Early,Somewhat Early
5.0,3.8326929,Somewhat Early,Somewhat Early
9.0,8.619528,Early,Early
4.0,4.3905015,Somewhat Early,Somewhat Early
3.0,8.850424,Very Early,Early
6.0,14.993154,Somewhat Early,Somewhat Late
9.0,8.488267,Early,Early
16.0,15.320982,Somewhat Late,Somewhat Late
13.0,13.551309,On Time,On Time
8.0,9.559028,Early,On Time
9.0,9.062642,Early,On Time
15.0,11.854729,Somewhat Late,On Time
16.0,14.515317,Somewhat Late,Somewhat Late
17.0,14.174959,Somewhat Late,Somewhat Late
15.0,11.646738,Somewhat Late,On Time
7.0,7.6117005,Early,Early
21.0,20.335434,Very Late,Very Late
9.0,10.766521,Early,On Time
6.0,3.8452225,Somewhat Early,Somewhat Early
11.0,8.259907,On Time,Early
18.0,18.348467,Somewhat Late,Somewhat Late
2.0,6.2694206,Very Early,Early
9.0,7.503386,Early,Early
12.0,8.175237,On Time,Early
13.0,11.252633,On Time,On Time
10.0,11.432553,On Time,On Time
12.0,11.424595,On Time,On Time
11.0,10.709823,On Time,On Time
16.0,9.767927,Somewhat Late,On Time
4.0,9.479173,Somewhat Early,On Time
8.0,10.304688,Early,On Time
14.0,12.112869,On Time,On Time
5.0,4.068681,Somewhat Early,Somewhat Early
14.0,13.268099,On Time,On Time
9.0,7.6127625,Early,Early
24.0,20.967068,Very Late,Very Late
18.0,16.43416,Somewhat Late,Somewhat Late
5.0,3.827767,Somewhat Early,Somewhat Early
13.0,12.269562,On Time,On Time
6.0,7.016092,Somewhat Early,Early
12.0,14.029191,On Time,Somewhat Late
2.0,3.792169,Very Early,Somewhat Early
10.0,9.692233,On Time,On Time
10.0,18.076406,On Time,Somewhat Late
7.0,9.186932,Early,On Time
4.0,4.0470786,Somewhat Early,Somewhat Early
21.0,16.044712,Very Late,Somewhat Late
18.0,14.267318,Somewhat Late,Somewhat Late
3.0,7.920818,Very Early,Early
5.0,3.7952013,Somewhat Early,Somewhat Early
4.0,3.794484,Somewhat Early,Somewhat Early
6.0,5.609108,Somewhat Early,Somewhat Early
3.0,6.499811,Very Early,Early
12.0,10.336361,On Time,On Time
6.0,8.294269,Somewhat Early,Early
5.0,3.8443046,Somewhat Early,Somewhat Early
2.0,3.8703268,Very Early,Somewhat Early
10.0,10.2438965,On Time,On Time
11.0,9.111259,On Time,On Time
3.0,5.51641,Very Early,Somewhat Early
6.0,7.396022,Somewhat Early,Early
2.0,3.7894158,Very Early,Somewhat Early
21.0,17.748426,Very Late,Somewhat Late
5.0,4.064905,Somewhat Early,Somewhat Early
9.0,6.212804,Early,Early
4.0,4.3855286,Somewhat Early,Somewhat Early
11.0,12.3859215,On Time,On Time
2.0,4.8386497,Very Early,Somewhat Early
9.0,6.2681193,Early,Early
3.0,7.299224,Very Early,Early
3.0,5.8177934,Very Early,Somewhat Early
7.0,13.201632,Early,On Time
22.0,16.470337,Very Late,Somewhat Late
7.0,16.479649,Early,Somewhat Late
16.0,17.619503,Somewhat Late,Somewhat Late
10.0,7.5252724,On Time,Early
18.0,12.539783,Somewhat Late,On Time
8.0,6.157958,Early,Early
6.0,8.397259,Somewhat Early,Early
2.0,3.8361387,Very Early,Somewhat Early
17.0,11.016764,Somewhat Late,On Time
11.0,8.095896,On Time,Early
6.0,7.821444,Somewhat Early,Early
8.0,7.6413455,Early,Early
6.0,8.62155,Somewhat Early,Early
15.0,7.751932,Somewhat Late,Early
6.0,4.6412387,Somewhat Early,Somewhat Early
12.0,11.43531,On Time,On Time
17.0,8.800398,Somewhat Late,Early
2.0,3.795662,Very Early,Somewhat Early
8.0,8.011165,Early,Early
20.0,20.286325,Somewhat Late,Very Late
13.0,10.579903,On Time,On Time
18.0,16.838924,Somewhat Late,Somewhat Late
8.0,7.3014774,Early,Early
22.0,22.59332,Very Late,Very Late
5.0,5.8694487,Somewhat Early,Somewhat Early
7.0,4.0414276,Early,Somewhat Early
5.0,7.5766144,Somewhat Early,Early
13.0,13.285189,On Time,On Time
12.0,12.827895,On Time,On Time
5.0,3.7964976,Somewhat Early,Somewhat Early
13.0,9.958269,On Time,On Time
13.0,7.520875,On Time,Early
3.0,4.8272543,Very Early,Somewhat Early
4.0,10.447785,Somewhat Early,On Time
6.0,8.857427,Somewhat Early,Early
12.0,13.23285,On Time,On Time
4.0,6.321067,Somewhat Early,Early
2.0,4.1496196,Very Early,Somewhat Early
19.0,10.829274,Somewhat Late,On Time
11.0,14.596224,On Time,Somewhat Late
15.0,18.547829,Somewhat Late,Somewhat Late
7.0,7.6117005,Early,Early
8.0,10.080291,Early,On Time
2.0,4.343513,Very Early,Somewhat Early
19.0,19.032635,Somewhat Late,Somewhat Late
6.0,9.0062475,Somewhat Early,On Time
16.0,10.360525,Somewhat Late,On Time
13.0,8.07,On Time,Early
14.0,10.738535,On Time,On Time
18.0,10.27676,Somewhat Late,On Time
7.0,11.290053,Early,On Time
17.0,16.713177,Somewhat Late,Somewhat Late
7.0,4.2364306,Early,Somewhat Early
9.0,7.1362505,Early,Early
6.0,8.130917,Somewhat Early,Early
9.0,9.686046,Early,On Time
12.0,11.970879,On Time,On Time
2.0,4.2585125,Very Early,Somewhat Early
20.0,18.396753,Somewhat Late,Somewhat Late
7.0,7.658711,Early,Early
14.0,11.360514,On Time,On Time
5.0,3.7780693,Somewhat Early,Somewhat Early
19.0,14.949644,Somewhat Late,Somewhat Late
8.0,10.579136,Early,On Time
1.0,3.8088593,Very Early,Somewhat Early
3.0,3.8208308,Very Early,Somewhat Early
1.0,3.919904,Very Early,Somewhat Early
1.0,3.8149216,Very Early,Somewhat Early
22.0,16.990458,Very Late,Somewhat Late
10.0,9.586532,On Time,On Time
17.0,20.423103,Somewhat Late,Very Late
15.0,8.727214,Somewhat Late,Early
16.0,10.462951,Somewhat Late,On Time
6.0,7.7648687,Somewhat Early,Early
6.0,6.7733865,Somewhat Early,Early
8.0,9.809408,Early,On Time
6.0,10.495854,Somewhat Early,On Time
2.0,6.949327,Very Early,Early
20.0,17.164505,Somewhat Late,Somewhat Late
5.0,6.846779,Somewhat Early,Early
8.0,9.669697,Early,On Time
5.0,9.189198,Somewhat Early,On Time
14.0,12.751258,On Time,On Time
12.0,10.085722,On Time,On Time
11.0,4.6646647,On Time,Somewhat Early
1.0,3.8132849,Very Early,Somewhat Early
10.0,9.8821945,On Time,On Time
12.0,5.083802,On Time,Somewhat Early
7.0,10.283005,Early,On Time
6.0,7.0402403,Somewhat Early,Early
9.0,8.611109,Early,Early
8.0,8.978902,Early,Early
11.0,7.429227,On Time,Early
27.0,20.785795,Very Late,Very Late
20.0,14.703484,Somewhat Late,Somewhat Late
4.0,5.1871448,Somewhat Early,Somewhat Early
9.0,10.022941,Early,On Time
5.0,6.77025,Somewhat Early,Early
16.0,11.163146,Somewhat Late,On Time
7.0,3.830759,Early,Somewhat Early
4.0,5.117372,Somewhat Early,Somewhat Early
14.0,13.620022,On Time,On Time
1.0,3.9400818,Very Early,Somewhat Early
19.0,19.806683,Somewhat Late,Somewhat Late
7.0,5.0892386,Early,Somewhat Early
12.0,11.854184,On Time,On Time
3.0,3.8638506,Very Early,Somewhat Early
7.0,9.441676,Early,On Time
4.0,3.8156765,Somewhat Early,Somewhat Early
7.0,4.3315225,Early,Somewhat Early
22.0,9.952213,Very Late,On Time
14.0,8.414132,On Time,Early
15.0,11.31014,Somewhat Late,On Time
8.0,3.9303887,Early,Somewhat Early
9.0,7.927894,Early,Early
19.0,12.909632,Somewhat Late,On Time
13.0,11.355396,On Time,On Time
8.0,10.016381,Early,On Time
4.0,5.337228,Somewhat Early,Somewhat Early
6.0,9.077916,Somewhat Early,On Time
18.0,19.45134,Somewhat Late,Somewhat Late
13.0,11.356718,On Time,On Time
12.0,7.5833545,On Time,Early
5.0,10.467432,Somewhat Early,On Time
4.0,8.037683,Somewhat Early,Early
21.0,15.221822,Very Late,Somewhat Late
25.0,20.09078,Very Late,Very Late
8.0,7.67842,Early,Early
10.0,8.4866,On Time,Early
17.0,8.030523,Somewhat Late,Early
19.0,17.921833,Somewhat Late,Somewhat Late
21.0,9.943809,Very Late,On Time
14.0,10.013202,On Time,On Time
8.0,10.5708,Early,On Time
12.0,9.2548485,On Time,On Time
5.0,7.88671,Somewhat Early,Early
12.0,9.970314,On Time,On Time
12.0,5.6665087,On Time,Somewhat Early
7.0,6.5950828,Early,Early
11.0,9.939411,On Time,On Time
8.0,10.38857,Early,On Time
10.0,8.045753,On Time,Early
11.0,8.532926,On Time,Early
9.0,6.598548,Early,Early
7.0,8.9508095,Early,Early
7.0,13.539465,Early,On Time
14.0,11.590937,On Time,On Time
14.0,7.152668,On Time,Early
6.0,4.1143622,Somewhat Early,Somewhat Early
19.0,16.048967,Somewhat Late,Somewhat Late
5.0,5.828461,Somewhat Early,Somewhat Early
6.0,5.6210513,Somewhat Early,Somewhat Early
28.0,19.520359,Very Late,Somewhat Late
11.0,7.4407744,On Time,Early
11.0,13.983992,On Time,On Time
4.0,15.024356,Somewhat Early,Somewhat Late
13.0,15.732238,On Time,Somewhat Late
6.0,7.1945257,Somewhat Early,Early
10.0,8.471108,On Time,Early
10.0,7.192054,On Time,Early
13.0,11.739232,On Time,On Time
10.0,9.951908,On Time,On Time
6.0,5.7663507,Somewhat Early,Somewhat Early
9.0,8.27323,Early,Early
16.0,12.445313,Somewhat Late,On Time
3.0,5.893479,Very Early,Somewhat Early
4.0,5.7292585,Somewhat Early,Somewhat Early
11.0,11.489673,On Time,On Time
15.0,12.442928,Somewhat Late,On Time
3.0,7.639947,Very Early,Early
1.0,4.049731,Very Early,Somewhat Early
25.0,17.721434,Very Late,Somewhat Late
11.0,13.118591,On Time,On Time
7.0,8.079239,Early,Early
11.0,8.305472,On Time,Early
9.0,3.7855177,Early,Somewhat Early
5.0,3.8359547,Somewhat Early,Somewhat Early
12.0,9.347417,On Time,On Time
8.0,8.345784,Early,Early
10.0,9.688059,On Time,On Time
8.0,3.8252368,Early,Somewhat Early
18.0,14.298636,Somewhat Late,Somewhat Late
12.0,10.082347,On Time,On Time
7.0,9.277411,Early,On Time
8.0,8.777996,Early,Early
21.0,10.037651,Very Late,On Time
7.0,9.763942,Early,On Time
7.0,9.836202,Early,On Time
2.0,3.8647752,Very Early,Somewhat Early
5.0,3.988493,Somewhat Early,Somewhat Early
24.0,20.297787,Very Late,Very Late
5.0,8.668156,Somewhat Early,Early
7.0,9.989419,Early,On Time
3.0,5.0723476,Very Early,Somewhat Early
12.0,16.597643,On Time,Somewhat Late
9.0,12.136267,Early,On Time
16.0,10.614596,Somewhat Late,On Time
8.0,8.205347,Early,Early
13.0,7.848956,On Time,Early
22.0,19.013021,Very Late,Somewhat Late
3.0,4.571438,Very Early,Somewhat Early
16.0,16.940393,Somewhat Late,Somewhat Late
12.0,14.265291,On Time,Somewhat Late
12.0,11.118923,On Time,On Time
6.0,8.327343,Somewhat Early,Early
12.0,16.528343,On Time,Somewhat Late
9.0,10.288397,Early,On Time
14.0,10.660285,On Time,On Time
20.0,16.040659,Somewhat Late,Somewhat Late
18.0,8.775976,Somewhat Late,Early
10.0,10.970731,On Time,On Time
12.0,4.712854,On Time,Somewhat Early
5.0,8.632746,Somewhat Early,Early
20.0,9.137836,Somewhat Late,On Time
1.0,9.892355,Very Early,On Time
11.0,6.2557044,On Time,Early
12.0,10.983179,On Time,On Time
19.0,16.76019,Somewhat Late,Somewhat Late
5.0,4.6211185,Somewhat Early,Somewhat Early
6.0,4.316722,Somewhat Early,Somewhat Early
14.0,12.323039,On Time,On Time
10.0,9.877815,On Time,On Time
9.0,7.1758842,Early,Early
14.0,7.3040543,On Time,Early
5.0,4.0814333,Somewhat Early,Somewhat Early
15.0,15.543095,Somewhat Late,Somewhat Late
18.0,12.751095,Somewhat Late,On Time
17.0,15.088815,Somewhat Late,Somewhat Late
2.0,3.8297088,Very Early,Somewhat Early
7.0,8.436157,Early,Early
11.0,9.927162,On Time,On Time
4.0,6.942904,Somewhat Early,Early
14.0,8.984215,On Time,Early
2.0,6.23593,Very Early,Early
5.0,6.6621103,Somewhat Early,Early
6.0,8.359753,Somewhat Early,Early
24.0,9.493469,Very Late,On Time
5.0,4.406615,Somewhat Early,Somewhat Early
5.0,6.087816,Somewhat Early,Early
5.0,16.227829,Somewhat Early,Somewhat Late
16.0,9.761486,Somewhat Late,On Time
4.0,3.8118267,Somewhat Early,Somewhat Early
8.0,7.966092,Early,Early
21.0,16.99376,Very Late,Somewhat Late
9.0,4.8313766,Early,Somewhat Early
14.0,7.749808,On Time,Early
9.0,10.143707,Early,On Time
6.0,9.627295,Somewhat Early,On Time
11.0,6.7577896,On Time,Early
7.0,9.25807,Early,On Time
9.0,7.573895,Early,Early
9.0,9.391105,Early,On Time
13.0,16.904514,On Time,Somewhat Late
14.0,7.0720735,On Time,Early
10.0,14.055489,On Time,Somewhat Late
22.0,18.329964,Very Late,Somewhat Late
8.0,6.777478,Early,Early
15.0,9.03302,Somewhat Late,On Time
6.0,6.1991405,Somewhat Early,Early
13.0,13.108484,On Time,On Time
4.0,10.70367,Somewhat Early,On Time
12.0,14.310526,On Time,Somewhat Late
14.0,12.168759,On Time,On Time
10.0,10.104567,On Time,On Time
13.0,13.037918,On Time,On Time
7.0,7.1372695,Early,Early
8.0,7.957574,Early,Early
6.0,7.284693,Somewhat Early,Early
22.0,25.909395,Very Late,Very Late
4.0,9.596931,Somewhat Early,On Time
15.0,7.784447,Somewhat Late,Early
6.0,5.672838,Somewhat Early,Somewhat Early
6.0,6.039194,Somewhat Early,Early
5.0,3.984788,Somewhat Early,Somewhat Early
8.0,8.552686,Early,Early
11.0,10.543218,On Time,On Time
12.0,9.083247,On Time,On Time
8.0,6.7469754,Early,Early
2.0,3.7845871,Very Early,Somewhat Early
12.0,8.490217,On Time,Early
9.0,9.036058,Early,On Time
11.0,12.544979,On Time,On Time
9.0,11.479231,Early,On Time
13.0,11.774224,On Time,On Time
17.0,13.164599,Somewhat Late,On Time
10.0,13.541804,On Time,On Time
21.0,13.842819,Very Late,On Time
12.0,10.435711,On Time,On Time
12.0,12.742712,On Time,On Time
13.0,7.035012,On Time,Early
4.0,3.7860184,Somewhat Early,Somewhat Early
1.0,4.579649,Very Early,Somewhat Early
22.0,16.224375,Very Late,Somewhat Late
8.0,14.493678,Early,Somewhat Late
7.0,4.6315713,Early,Somewhat Early
8.0,5.863797,Early,Somewhat Early
21.0,7.4256372,Very Late,Early
19.0,9.68998,Somewhat Late,On Time
5.0,6.585431,Somewhat Early,Early
14.0,13.132261,On Time,On Time
9.0,10.335166,Early,On Time
15.0,15.865824,Somewhat Late,Somewhat Late
4.0,6.3641224,Somewhat Early,Early
16.0,11.92574,Somewhat Late,On Time
1.0,5.121054,Very Early,Somewhat Early
6.0,9.287466,Somewhat Early,On Time
12.0,12.208708,On Time,On Time
6.0,8.923569,Somewhat Early,Early
13.0,8.384081,On Time,Early
1.0,4.379338,Very Early,Somewhat Early
4.0,6.459052,Somewhat Early,Early
21.0,14.265622,Very Late,Somewhat Late
18.0,14.309462,Somewhat Late,Somewhat Late
9.0,12.98376,Early,On Time
11.0,11.259956,On Time,On Time
6.0,10.975572,Somewhat Early,On Time
28.0,24.366257,Very Late,Very Late
14.0,6.5860524,On Time,Early
23.0,20.12867,Very Late,Very Late
10.0,7.9134564,On Time,Early
13.0,8.345745,On Time,Early
13.0,9.6115055,On Time,On Time
19.0,11.656698,Somewhat Late,On Time
7.0,7.5970354,Early,Early
14.0,8.971215,On Time,Early
7.0,7.1566625,Early,Early
4.0,8.815345,Somewhat Early,Early
5.0,8.635746,Somewhat Early,Early
7.0,8.788868,Early,Early
4.0,4.152509,Somewhat Early,Somewhat Early
16.0,9.676435,Somewhat Late,On Time
5.0,13.392817,Somewhat Early,On Time
15.0,12.40009,Somewhat Late,On Time
13.0,9.948969,On Time,On Time
10.0,14.223619,On Time,Somewhat Late
5.0,9.476609,Somewhat Early,On Time
6.0,7.072761,Somewhat Early,Early
14.0,12.783639,On Time,On Time
28.0,18.723232,Very Late,Somewhat Late
6.0,10.729331,Somewhat Early,On Time
5.0,4.9551806,Somewhat Early,Somewhat Early
6.0,8.163615,Somewhat Early,Early
13.0,10.444769,On Time,On Time
15.0,14.301454,Somewhat Late,Somewhat Late
23.0,10.024364,Very Late,On Time
10.0,12.414462,On Time,On Time
12.0,7.035826,On Time,Early
3.0,3.824134,Very Early,Somewhat Early
3.0,6.6712446,Very Early,Early
10.0,9.847571,On Time,On Time
15.0,12.502942,Somewhat Late,On Time
6.0,9.646483,Somewhat Early,On Time
11.0,12.524912,On Time,On Time
1.0,4.652969,Very Early,Somewhat Early
14.0,15.37563,On Time,Somewhat Late
3.0,6.8733945,Very Early,Early
27.0,19.183529,Very Late,Somewhat Late
7.0,7.545558,Early,Early
5.0,3.8001258,Somewhat Early,Somewhat Early
18.0,16.476715,Somewhat Late,Somewhat Late
9.0,7.8250833,Early,Early
5.0,9.007387,Somewhat Early,On Time
3.0,3.9343,Very Early,Somewhat Early
10.0,4.3546844,On Time,Somewhat Early
3.0,3.7881753,Very Early,Somewhat Early
15.0,8.401361,Somewhat Late,Early
13.0,14.172719,On Time,Somewhat Late
10.0,10.240361,On Time,On Time
11.0,9.966269,On Time,On Time
9.0,11.320082,Early,On Time
23.0,15.22125,Very Late,Somewhat Late
10.0,8.70746,On Time,Early
16.0,10.123494,Somewhat Late,On Time
22.0,20.029934,Very Late,Very Late
14.0,7.6467247,On Time,Early
13.0,9.404186,On Time,On Time
16.0,17.335133,Somewhat Late,Somewhat Late
8.0,8.133715,Early,Early
16.0,8.580593,Somewhat Late,Early
4.0,8.539958,Somewhat Early,Early
1.0,3.9053943,Very Early,Somewhat Early
4.0,7.33066,Somewhat Early,Early
10.0,11.770575,On Time,On Time
9.0,13.034457,Early,On Time
9.0,6.951548,Early,Early
8.0,3.7830572,Early,Somewhat Early
9.0,7.815021,Early,Early
14.0,14.295676,On Time,Somewhat Late
8.0,3.9944367,Early,Somewhat Early
12.0,10.654381,On Time,On Time
7.0,8.326977,Early,Early
8.0,7.56718,Early,Early
16.0,10.8611765,Somewhat Late,On Time
14.0,7.995767,On Time,Early
14.0,13.762379,On Time,On Time
9.0,5.407899,Early,Somewhat Early
19.0,12.860704,Somewhat Late,On Time
3.0,9.132613,Very Early,On Time
9.0,8.132336,Early,Early
12.0,4.314513,On Time,Somewhat Early
17.0,13.817341,Somewhat Late,On Time
3.0,4.8228827,Very Early,Somewhat Early
11.0,8.8248205,On Time,Early
9.0,8.244059,Early,Early
4.0,10.0529175,Somewhat Early,On Time
2.0,4.634079,Very Early,Somewhat Early
5.0,6.3571663,Somewhat Early,Early
13.0,8.420744,On Time,Early
8.0,6.7745724,Early,Early
22.0,19.748997,Very Late,Somewhat Late
16.0,14.830932,Somewhat Late,Somewhat Late
10.0,9.380367,On Time,On Time
4.0,5.334742,Somewhat Early,Somewhat Early
10.0,8.281085,On Time,Early
13.0,6.8756585,On Time,Early
4.0,7.7829494,Somewhat Early,Early
8.0,7.6229815,Early,Early
8.0,8.14667,Early,Early
17.0,15.727681,Somewhat Late,Somewhat Late
14.0,11.693963,On Time,On Time
22.0,11.394496,Very Late,On Time
7.0,5.2611575,Early,Somewhat Early
21.0,7.149905,Very Late,Early
5.0,12.695563,Somewhat Early,On Time
19.0,10.876683,Somewhat Late,On Time
11.0,11.087717,On Time,On Time
4.0,7.6036177,Somewhat Early,Early
13.0,13.236934,On Time,On Time
26.0,25.089079,Very Late,Very Late
9.0,16.631844,Early,Somewhat Late
6.0,9.529378,Somewhat Early,On Time
19.0,11.57931,Somewhat Late,On Time
18.0,9.054317,Somewhat Late,On Time
7.0,3.780634,Early,Somewhat Early
6.0,7.7315702,Somewhat Early,Early
9.0,7.008181,Early,Early
8.0,6.697802,Early,Early
10.0,6.826138,On Time,Early
6.0,7.046464,Somewhat Early,Early
4.0,8.471735,Somewhat Early,Early
8.0,8.6419525,Early,Early
1.0,3.848535,Very Early,Somewhat Early
4.0,7.5129123,Somewhat Early,Early
7.0,5.9844837,Early,Somewhat Early
5.0,5.8069115,Somewhat Early,Somewhat Early
1.0,5.425478,Very Early,Somewhat Early
22.0,16.941875,Very Late,Somewhat Late
7.0,10.174162,Early,On Time
9.0,8.263563,Early,Early
11.0,10.170736,On Time,On Time
8.0,9.493471,Early,On Time
5.0,6.8806067,Somewhat Early,Early
11.0,14.354708,On Time,Somewhat Late
18.0,10.890889,Somewhat Late,On Time
25.0,15.763821,Very Late,Somewhat Late
10.0,9.475872,On Time,On Time
3.0,6.871344,Very Early,Early
13.0,13.750995,On Time,On Time
17.0,7.979913,Somewhat Late,Early
11.0,7.3914795,On Time,Early
8.0,6.996764,Early,Early
15.0,9.05038,Somewhat Late,On Time
15.0,10.601686,Somewhat Late,On Time
5.0,7.0608068,Somewhat Early,Early
7.0,3.7707095,Early,Somewhat Early
16.0,12.366634,Somewhat Late,On Time
3.0,3.8644514,Very Early,Somewhat Early
4.0,9.6149025,Somewhat Early,On Time
3.0,10.421497,Very Early,On Time
2.0,3.7827997,Very Early,Somewhat Early
17.0,8.345505,Somewhat Late,Early
11.0,9.513046,On Time,On Time
4.0,6.928765,Somewhat Early,Early
4.0,8.658224,Somewhat Early,Early
6.0,8.346769,Somewhat Early,Early
8.0,7.262351,Early,Early
7.0,4.0427246,Early,Somewhat Early
16.0,11.689791,Somewhat Late,On Time
17.0,15.401104,Somewhat Late,Somewhat Late
4.0,3.9438808,Somewhat Early,Somewhat Early
27.0,19.746082,Very Late,Somewhat Late
12.0,9.338818,On Time,On Time
5.0,4.984987,Somewhat Early,Somewhat Early
12.0,9.297189,On Time,On Time
17.0,12.868019,Somewhat Late,On Time
10.0,11.531555,On Time,On Time
7.0,7.606449,Early,Early
19.0,10.913837,Somewhat Late,On Time
17.0,9.427474,Somewhat Late,On Time
5.0,7.532444,Somewhat Early,Early
8.0,7.0973577,Early,Early
12.0,4.555521,On Time,Somewhat Early
2.0,8.066321,Very Early,Early
14.0,15.935096,On Time,Somewhat Late
9.0,8.945636,Early,Early
6.0,6.786649,Somewhat Early,Early
13.0,10.761925,On Time,On Time
7.0,7.8627367,Early,Early
12.0,9.567221,On Time,On Time
8.0,6.3622856,Early,Early
2.0,3.8656971,Very Early,Somewhat Early
7.0,6.9568825,Early,Early
17.0,15.156258,Somewhat Late,Somewhat Late
4.0,3.7789366,Somewhat Early,Somewhat Early
17.0,10.786743,Somewhat Late,On Time
6.0,5.1627483,Somewhat Early,Somewhat Early
9.0,9.865919,Early,On Time
2.0,6.170578,Very Early,Early
10.0,14.459181,On Time,Somewhat Late
17.0,15.352568,Somewhat Late,Somewhat Late
22.0,18.51939,Very Late,Somewhat Late
8.0,5.979766,Early,Somewhat Early
7.0,5.9423904,Early,Somewhat Early
14.0,14.949586,On Time,Somewhat Late
6.0,7.967069,Somewhat Early,Early
13.0,11.561656,On Time,On Time
21.0,12.450845,Very Late,On Time
15.0,17.479033,Somewhat Late,Somewhat Late
2.0,6.886815,Very Early,Early
9.0,8.979503,Early,Early
6.0,5.393327,Somewhat Early,Somewhat Early
10.0,9.982477,On Time,On Time
7.0,8.146145,Early,Early
9.0,6.574035,Early,Early
16.0,13.833082,Somewhat Late,On Time
12.0,7.276807,On Time,Early
8.0,4.589648,Early,Somewhat Early
14.0,9.09418,On Time,On Time
12.0,13.765318,On Time,On Time
9.0,3.804256,Early,Somewhat Early
10.0,5.5687284,On Time,Somewhat Early
18.0,17.447811,Somewhat Late,Somewhat Late
9.0,9.245313,Early,On Time
7.0,5.2447505,Early,Somewhat Early
6.0,5.5561066,Somewhat Early,Somewhat Early
22.0,21.13442,Very Late,Very Late
8.0,5.6673,Early,Somewhat Early
6.0,6.8730044,Somewhat Early,Early
7.0,9.446503,Early,On Time
4.0,4.007473,Somewhat Early,Somewhat Early
6.0,8.035057,Somewhat Early,Early
13.0,11.491542,On Time,On Time
10.0,8.586555,On Time,Early
9.0,7.080282,Early,Early
13.0,9.340277,On Time,On Time
5.0,8.96697,Somewhat Early,Early
11.0,11.254162,On Time,On Time
9.0,10.525218,Early,On Time
8.0,5.319872,Early,Somewhat Early
16.0,9.4897,Somewhat Late,On Time
3.0,3.9735405,Very Early,Somewhat Early
2.0,5.995176,Very Early,Somewhat Early
7.0,7.484604,Early,Early
4.0,3.8365822,Somewhat Early,Somewhat Early
11.0,12.612971,On Time,On Time
28.0,7.0020604,Very Late,Early
18.0,6.3351803,Somewhat Late,Early
14.0,8.751891,On Time,Early
7.0,8.151478,Early,Early
11.0,10.590044,On Time,On Time
8.0,3.8164525,Early,Somewhat Early
10.0,9.524216,On Time,On Time
1.0,10.112877,Very Early,On Time
8.0,8.77855,Early,Early
7.0,9.802601,Early,On Time
14.0,15.585041,On Time,Somewhat Late
11.0,4.764002,On Time,Somewhat Early
12.0,9.389295,On Time,On Time
7.0,10.431795,Early,On Time
10.0,6.9254,On Time,Early
3.0,8.168204,Very Early,Early
9.0,9.920805,Early,On Time
2.0,3.8589113,Very Early,Somewhat Early
5.0,3.7838922,Somewhat Early,Somewhat Early
26.0,8.243981,Very Late,Early
8.0,9.190594,Early,On Time
8.0,8.133554,Early,Early
7.0,8.231252,Early,Early
6.0,9.232818,Somewhat Early,On Time
9.0,10.4117775,Early,On Time
8.0,6.15151,Early,Early
9.0,6.8161545,Early,Early
2.0,8.898298,Very Early,Early
4.0,4.1098046,Somewhat Early,Somewhat Early
12.0,12.145502,On Time,On Time
2.0,6.9340887,Very Early,Early
11.0,5.5173697,On Time,Somewhat Early
12.0,7.682047,On Time,Early
8.0,8.805425,Early,Early
6.0,5.072034,Somewhat Early,Somewhat Early
14.0,7.326084,On Time,Early
7.0,8.47372,Early,Early
18.0,12.964289,Somewhat Late,On Time
5.0,6.3494186,Somewhat Early,Early
8.0,8.469543,Early,Early
20.0,11.871141,Somewhat Late,On Time
17.0,15.98736,Somewhat Late,Somewhat Late
22.0,9.05984,Very Late,On Time
7.0,8.435819,Early,Early
5.0,5.9245296,Somewhat Early,Somewhat Early
6.0,8.446683,Somewhat Early,Early
4.0,4.6010084,Somewhat Early,Somewhat Early
13.0,13.4341,On Time,On Time
8.0,6.8483977,Early,Early
14.0,9.630058,On Time,On Time
9.0,9.086134,Early,On Time
10.0,9.897384,On Time,On Time
9.0,5.087207,Early,Somewhat Early
5.0,5.8236523,Somewhat Early,Somewhat Early
4.0,7.838009,Somewhat Early,Early
23.0,18.901596,Very Late,Somewhat Late
23.0,18.331785,Very Late,Somewhat Late
15.0,9.686357,Somewhat Late,On Time
3.0,6.6842136,Very Early,Early
9.0,7.1092305,Early,Early
6.0,10.490842,Somewhat Early,On Time
7.0,7.309119,Early,Early
8.0,7.463969,Early,Early
7.0,10.203868,Early,On Time
4.0,7.8198786,Somewhat Early,Early
15.0,14.803381,Somewhat Late,Somewhat Late
8.0,7.751014,Early,Early
13.0,12.44513,On Time,On Time
6.0,10.4250145,Somewhat Early,On Time
6.0,5.329543,Somewhat Early,Somewhat Early
17.0,10.653571,Somewhat Late,On Time
17.0,16.019993,Somewhat Late,Somewhat Late
7.0,11.325321,Early,On Time
12.0,11.681038,On Time,On Time
16.0,12.556724,Somewhat Late,On Time
20.0,9.850574,Somewhat Late,On Time
6.0,3.7886536,Somewhat Early,Somewhat Early
10.0,8.273734,On Time,Early
6.0,6.1313868,Somewhat Early,Early
21.0,19.331533,Very Late,Somewhat Late
8.0,7.331492,Early,Early
2.0,7.061679,Very Early,Early
1.0,7.2918835,Very Early,Early
3.0,3.8660035,Very Early,Somewhat Early
5.0,8.323887,Somewhat Early,Early
11.0,12.413688,On Time,On Time
6.0,7.9900117,Somewhat Early,Early
15.0,12.247107,Somewhat Late,On Time
6.0,9.909982,Somewhat Early,On Time
19.0,9.900658,Somewhat Late,On Time
10.0,7.8030734,On Time,Early
5.0,7.298247,Somewhat Early,Early
12.0,12.962955,On Time,On Time
4.0,7.8590083,Somewhat Early,Early
3.0,3.7905931,Very Early,Somewhat Early
8.0,5.8366218,Early,Somewhat Early
8.0,11.748505,Early,On Time
14.0,4.451829,On Time,Somewhat Early
21.0,19.62298,Very Late,Somewhat Late
21.0,14.095534,Very Late,Somewhat Late
9.0,8.821937,Early,Early
14.0,12.962617,On Time,On Time
5.0,7.3234463,Somewhat Early,Early
5.0,7.9638047,Somewhat Early,Early
21.0,10.061872,Very Late,On Time
18.0,15.956142,Somewhat Late,Somewhat Late
3.0,5.960566,Very Early,Somewhat Early
6.0,9.270156,Somewhat Early,On Time
1.0,4.495237,Very Early,Somewhat Early
5.0,8.085094,Somewhat Early,Early
8.0,8.603552,Early,Early
10.0,8.391931,On Time,Early
6.0,5.2280645,Somewhat Early,Somewhat Early
11.0,12.687685,On Time,On Time
7.0,8.174052,Early,Early
2.0,3.7896304,Very Early,Somewhat Early
16.0,10.083997,Somewhat Late,On Time
5.0,7.878589,Somewhat Early,Early
2.0,3.832713,Very Early,Somewhat Early
10.0,8.0295,On Time,Early
12.0,9.658288,On Time,On Time
3.0,3.836976,Very Early,Somewhat Early
16.0,11.41749,Somewhat Late,On Time
27.0,24.201622,Very Late,Very Late
8.0,10.919685,Early,On Time
6.0,5.909979,Somewhat Early,Somewhat Early
16.0,8.33899,Somewhat Late,Early
21.0,14.67823,Very Late,Somewhat Late
13.0,10.253361,On Time,On Time
5.0,6.2993054,Somewhat Early,Early
14.0,3.8665981,On Time,Somewhat Early
11.0,10.415563,On Time,On Time
9.0,8.051956,Early,Early
16.0,15.544909,Somewhat Late,Somewhat Late
14.0,10.660285,On Time,On Time
19.0,18.209045,Somewhat Late,Somewhat Late
4.0,3.7830818,Somewhat Early,Somewhat Early
19.0,17.289467,Somewhat Late,Somewhat Late
4.0,5.117372,Somewhat Early,Somewhat Early
4.0,7.43027,Somewhat Early,Early
27.0,27.018282,Very Late,Very Late
7.0,8.606695,Early,Early
14.0,16.235981,On Time,Somewhat Late
13.0,9.535936,On Time,On Time
16.0,7.8734555,Somewhat Late,Early
11.0,9.137927,On Time,On Time
7.0,6.9528813,Early,Early
1.0,4.5191383,Very Early,Somewhat Early
17.0,15.287115,Somewhat Late,Somewhat Late
6.0,8.5305195,Somewhat Early,Early
6.0,7.363891,Somewhat Early,Early
15.0,10.915818,Somewhat Late,On Time
11.0,10.909177,On Time,On Time
8.0,8.527007,Early,Early
16.0,10.686797,Somewhat Late,On Time
3.0,4.628879,Very Early,Somewhat Early
13.0,12.32855,On Time,On Time
10.0,10.229574,On Time,On Time
27.0,14.098669,Very Late,Somewhat Late
10.0,6.702823,On Time,Early
7.0,8.990652,Early,Early
11.0,4.827804,On Time,Somewhat Early
8.0,9.666803,Early,On Time
8.0,7.664488,Early,Early
15.0,16.171824,Somewhat Late,Somewhat Late
20.0,10.576092,Somewhat Late,On Time
6.0,5.637767,Somewhat Early,Somewhat Early
28.0,13.623093,Very Late,On Time
15.0,15.479106,Somewhat Late,Somewhat Late
9.0,17.762287,Early,Somewhat Late
4.0,3.9536114,Somewhat Early,Somewhat Early
7.0,8.10282,Early,Early
10.0,8.215066,On Time,Early
4.0,6.826581,Somewhat Early,Early
5.0,8.54353,Somewhat Early,Early
12.0,14.742122,On Time,Somewhat Late
27.0,17.933651,Very Late,Somewhat Late
10.0,14.478494,On Time,Somewhat Late
4.0,10.578457,Somewhat Early,On Time
8.0,7.252961,Early,Early
26.0,20.89019,Very Late,Very Late
2.0,6.28874,Very Early,Early
19.0,13.074209,Somewhat Late,On Time
4.0,4.5969048,Somewhat Early,Somewhat Early
11.0,8.22266,On Time,Early
5.0,7.0590625,Somewhat Early,Early
7.0,8.451918,Early,Early
13.0,8.2440195,On Time,Early
1.0,3.85643,Very Early,Somewhat Early
2.0,4.044939,Very Early,Somewhat Early
20.0,13.511734,Somewhat Late,On Time
4.0,4.3997707,Somewhat Early,Somewhat Early
6.0,4.4043846,Somewhat Early,Somewhat Early
19.0,15.178563,Somewhat Late,Somewhat Late
7.0,3.9258697,Early,Somewhat Early
14.0,12.508328,On Time,On Time
8.0,7.9083495,Early,Early
3.0,13.330319,Very Early,On Time
3.0,7.8055744,Very Early,Early
18.0,7.9207745,Somewhat Late,Early
5.0,6.650281,Somewhat Early,Early
7.0,10.093382,Early,On Time
13.0,7.61084,On Time,Early
27.0,20.625534,Very Late,Very Late
10.0,17.576668,On Time,Somewhat Late
16.0,15.836922,Somewhat Late,Somewhat Late
15.0,19.399197,Somewhat Late,Somewhat Late
5.0,5.71161,Somewhat Early,Somewhat Early
20.0,21.751616,Somewhat Late,Very Late
6.0,8.937738,Somewhat Early,Early
8.0,10.395075,Early,On Time
19.0,19.82931,Somewhat Late,Somewhat Late
8.0,6.619704,Early,Early
6.0,7.706316,Somewhat Early,Early
21.0,10.355608,Very Late,On Time
17.0,18.091797,Somewhat Late,Somewhat Late
4.0,8.597116,Somewhat Early,Early
16.0,11.091271,Somewhat Late,On Time
9.0,8.304283,Early,Early
5.0,4.414618,Somewhat Early,Somewhat Early
9.0,8.691091,Early,Early
26.0,20.54799,Very Late,Very Late
27.0,24.277012,Very Late,Very Late
5.0,9.523258,Somewhat Early,On Time
13.0,8.593168,On Time,Early
14.0,11.977162,On Time,On Time
9.0,7.75639,Early,Early
8.0,12.776955,Early,On Time
15.0,15.091946,Somewhat Late,Somewhat Late
5.0,5.0746474,Somewhat Early,Somewhat Early
7.0,16.293945,Early,Somewhat Late
8.0,8.717086,Early,Early
4.0,6.2915273,Somewhat Early,Early
6.0,3.837476,Somewhat Early,Somewhat Early
9.0,11.880383,Early,On Time
5.0,4.618811,Somewhat Early,Somewhat Early
9.0,7.558075,Early,Early
6.0,7.6139727,Somewhat Early,Early
23.0,20.71514,Very Late,Very Late
6.0,7.285513,Somewhat Early,Early
13.0,9.563687,On Time,On Time
7.0,8.369835,Early,Early
15.0,13.046556,Somewhat Late,On Time
11.0,8.736168,On Time,Early
26.0,18.824778,Very Late,Somewhat Late
8.0,8.3589115,Early,Early
8.0,10.852744,Early,On Time
7.0,8.777334,Early,Early
12.0,7.263601,On Time,Early
9.0,10.250214,Early,On Time
6.0,6.4577866,Somewhat Early,Early
10.0,11.205059,On Time,On Time
3.0,4.525713,Very Early,Somewhat Early
15.0,11.222526,Somewhat Late,On Time
13.0,12.541158,On Time,On Time
6.0,6.7346177,Somewhat Early,Early
15.0,15.00134,Somewhat Late,Somewhat Late
9.0,10.514637,Early,On Time
7.0,10.353624,Early,On Time
17.0,20.119883,Somewhat Late,Very Late
17.0,8.834204,Somewhat Late,Early
5.0,7.366852,Somewhat Early,Early
10.0,14.691077,On Time,Somewhat Late
19.0,15.851496,Somewhat Late,Somewhat Late
13.0,13.350512,On Time,On Time
8.0,8.31253,Early,Early
5.0,7.8433857,Somewhat Early,Early
23.0,14.17419,Very Late,Somewhat Late
10.0,7.6580415,On Time,Early
20.0,10.889884,Somewhat Late,On Time
10.0,11.769367,On Time,On Time
4.0,4.636116,Somewhat Early,Somewhat Early
17.0,10.928503,Somewhat Late,On Time
1.0,15.962938,Very Early,Somewhat Late
7.0,11.470059,Early,On Time
6.0,9.309771,Somewhat Early,On Time
6.0,8.578184,Somewhat Early,Early
16.0,9.355356,Somewhat Late,On Time
13.0,9.521055,On Time,On Time
9.0,9.592185,Early,On Time
22.0,17.324743,Very Late,Somewhat Late
14.0,15.826537,On Time,Somewhat Late
12.0,9.006851,On Time,On Time
6.0,5.7582297,Somewhat Early,Somewhat Early
7.0,6.6497965,Early,Early
26.0,25.22536,Very Late,Very Late
4.0,3.9767344,Somewhat Early,Somewhat Early
23.0,17.737835,Very Late,Somewhat Late
8.0,8.055582,Early,Early
7.0,3.8390188,Early,Somewhat Early
18.0,12.939614,Somewhat Late,On Time
3.0,8.38649,Very Early,Early
20.0,16.697731,Somewhat Late,Somewhat Late
3.0,3.8199563,Very Early,Somewhat Early
8.0,9.399389,Early,On Time
11.0,8.868278,On Time,Early
7.0,7.7905245,Early,Early
23.0,11.626097,Very Late,On Time
14.0,10.994901,On Time,On Time
11.0,7.981353,On Time,Early
7.0,6.7123594,Early,Early
12.0,7.9526277,On Time,Early
19.0,21.776411,Somewhat Late,Very Late
10.0,7.4684854,On Time,Early
21.0,13.52465,Very Late,On Time
10.0,5.028451,On Time,Somewhat Early
18.0,17.502071,Somewhat Late,Somewhat Late
8.0,6.0888166,Early,Early
5.0,8.555082,Somewhat Early,Early
3.0,5.47711,Very Early,Somewhat Early
10.0,8.361413,On Time,Early
4.0,17.039192,Somewhat Early,Somewhat Late
5.0,3.8668118,Somewhat Early,Somewhat Early
12.0,8.480237,On Time,Early
10.0,6.597709,On Time,Early
4.0,4.7695227,Somewhat Early,Somewhat Early
10.0,8.189229,On Time,Early
3.0,11.379723,Very Early,On Time
10.0,8.444929,On Time,Early
10.0,10.257555,On Time,On Time
6.0,6.889225,Somewhat Early,Early
5.0,9.819658,Somewhat Early,On Time
6.0,8.446518,Somewhat Early,Early
7.0,3.866303,Early,Somewhat Early
4.0,7.4114413,Somewhat Early,Early
5.0,3.7806761,Somewhat Early,Somewhat Early
3.0,4.668661,Very Early,Somewhat Early
7.0,7.7357244,Early,Early
8.0,6.303818,Early,Early
18.0,16.731106,Somewhat Late,Somewhat Late
23.0,17.082626,Very Late,Somewhat Late
4.0,7.5641685,Somewhat Early,Early
13.0,14.325615,On Time,Somewhat Late
6.0,3.8168955,Somewhat Early,Somewhat Early
15.0,8.848108,Somewhat Late,Early
10.0,9.147041,On Time,On Time
3.0,8.43932,Very Early,Early
7.0,8.340984,Early,Early
15.0,11.592157,Somewhat Late,On Time
17.0,13.086473,Somewhat Late,On Time
19.0,15.372007,Somewhat Late,Somewhat Late
10.0,8.045941,On Time,Early
12.0,16.606258,On Time,Somewhat Late
18.0,17.347954,Somewhat Late,Somewhat Late
12.0,12.072617,On Time,On Time
16.0,19.608385,Somewhat Late,Somewhat Late
16.0,14.104068,Somewhat Late,Somewhat Late
4.0,3.8600411,Somewhat Early,Somewhat Early
8.0,8.147601,Early,Early
4.0,3.8620234,Somewhat Early,Somewhat Early
5.0,10.349315,Somewhat Early,On Time
7.0,7.114078,Early,Early
14.0,15.786848,On Time,Somewhat Late
15.0,7.269513,Somewhat Late,Early
8.0,9.230766,Early,On Time
5.0,4.0200014,Somewhat Early,Somewhat Early
8.0,13.434679,Early,On Time
5.0,8.36677,Somewhat Early,Early
15.0,13.536909,Somewhat Late,On Time
3.0,6.5872893,Very Early,Early
5.0,8.5059185,Somewhat Early,Early
5.0,4.343332,Somewhat Early,Somewhat Early
25.0,4.1744657,Very Late,Somewhat Early
7.0,10.474537,Early,On Time
13.0,11.663741,On Time,On Time
11.0,14.012839,On Time,Somewhat Late
22.0,19.593382,Very Late,Somewhat Late
5.0,9.591457,Somewhat Early,On Time
20.0,14.102001,Somewhat Late,Somewhat Late
4.0,13.6515465,Somewhat Early,On Time
5.0,8.240054,Somewhat Early,Early
2.0,3.9142456,Very Early,Somewhat Early
5.0,4.4993296,Somewhat Early,Somewhat Early
7.0,9.751497,Early,On Time
8.0,7.128531,Early,Early
6.0,6.9581537,Somewhat Early,Early
19.0,8.900927,Somewhat Late,Early
13.0,14.607751,On Time,Somewhat Late
2.0,4.7104764,Very Early,Somewhat Early
14.0,5.2986236,On Time,Somewhat Early
11.0,10.619692,On Time,On Time
20.0,10.179303,Somewhat Late,On Time
8.0,9.184844,Early,On Time
5.0,11.533607,Somewhat Early,On Time
2.0,3.7788115,Very Early,Somewhat Early
8.0,12.886705,Early,On Time
9.0,7.4031234,Early,Early
9.0,8.284708,Early,Early
1.0,3.8544056,Very Early,Somewhat Early
1.0,4.5598974,Very Early,Somewhat Early
8.0,7.478619,Early,Early
11.0,11.3525915,On Time,On Time
8.0,8.613307,Early,Early
16.0,17.893415,Somewhat Late,Somewhat Late
9.0,8.414915,Early,Early
17.0,13.366554,Somewhat Late,On Time
7.0,10.086975,Early,On Time
7.0,3.819116,Early,Somewhat Early
22.0,20.325626,Very Late,Very Late
9.0,10.694115,Early,On Time
7.0,10.949477,Early,On Time
14.0,11.864502,On Time,On Time
8.0,6.798932,Early,Early
1.0,3.7957234,Very Early,Somewhat Early
10.0,6.108629,On Time,Early
6.0,10.024668,Somewhat Early,On Time
9.0,11.726087,Early,On Time
15.0,17.383621,Somewhat Late,Somewhat Late
28.0,23.500269,Very Late,Very Late
14.0,9.335525,On Time,On Time
10.0,9.206001,On Time,On Time
3.0,3.7771025,Very Early,Somewhat Early
11.0,9.707804,On Time,On Time
25.0,20.455267,Very Late,Very Late
5.0,5.098749,Somewhat Early,Somewhat Early
15.0,14.595928,Somewhat Late,Somewhat Late
12.0,16.29796,On Time,Somewhat Late
12.0,12.576466,On Time,On Time
8.0,9.074525,Early,On Time
11.0,9.868148,On Time,On Time
3.0,4.5554457,Very Early,Somewhat Early
21.0,9.643255,Very Late,On Time
11.0,11.985249,On Time,On Time
8.0,10.7532625,Early,On Time
16.0,18.938475,Somewhat Late,Somewhat Late
21.0,23.021471,Very Late,Very Late
12.0,10.97242,On Time,On Time
6.0,7.319582,Somewhat Early,Early
3.0,5.8084106,Very Early,Somewhat Early
14.0,14.16943,On Time,Somewhat Late
9.0,14.382527,Early,Somewhat Late
14.0,13.305011,On Time,On Time
5.0,5.6024685,Somewhat Early,Somewhat Early
4.0,7.2328644,Somewhat Early,Early
17.0,12.3424835,Somewhat Late,On Time
5.0,4.34361,Somewhat Early,Somewhat Early
4.0,3.7983446,Somewhat Early,Somewhat Early
2.0,3.8100421,Very Early,Somewhat Early
17.0,14.14898,Somewhat Late,Somewhat Late
2.0,4.71832,Very Early,Somewhat Early
3.0,7.622894,Very Early,Early
8.0,18.267227,Early,Somewhat Late
8.0,7.398024,Early,Early
5.0,3.990786,Somewhat Early,Somewhat Early
7.0,9.75762,Early,On Time
15.0,8.830319,Somewhat Late,Early
12.0,10.015402,On Time,On Time
6.0,6.479847,Somewhat Early,Early
17.0,18.68673,Somewhat Late,Somewhat Late
15.0,10.735462,Somewhat Late,On Time
14.0,12.95179,On Time,On Time
7.0,11.564586,Early,On Time
5.0,7.796213,Somewhat Early,Early
25.0,15.765038,Very Late,Somewhat Late
7.0,8.624543,Early,Early
7.0,7.98913,Early,Early
15.0,4.0817137,Somewhat Late,Somewhat Early
8.0,6.3819036,Early,Early
4.0,4.285282,Somewhat Early,Somewhat Early
2.0,3.918846,Very Early,Somewhat Early
8.0,5.898404,Early,Somewhat Early
2.0,3.806617,Very Early,Somewhat Early
5.0,8.888165,Somewhat Early,Early
5.0,5.280094,Somewhat Early,Somewhat Early
6.0,7.4453554,Somewhat Early,Early
6.0,12.31456,Somewhat Early,On Time
14.0,10.386874,On Time,On Time
18.0,21.147263,Somewhat Late,Very Late
9.0,4.5349693,Early,Somewhat Early
23.0,21.837774,Very Late,Very Late
13.0,11.188459,On Time,On Time
7.0,9.025817,Early,On Time
3.0,4.017013,Very Early,Somewhat Early
7.0,4.961448,Early,Somewhat Early
6.0,3.9698894,Somewhat Early,Somewhat Early
3.0,3.8094172,Very Early,Somewhat Early
13.0,10.972819,On Time,On Time
10.0,8.575066,On Time,Early
8.0,11.685842,Early,On Time
12.0,11.353234,On Time,On Time
13.0,5.2892013,On Time,Somewhat Early
13.0,12.687543,On Time,On Time
8.0,8.479771,Early,Early
7.0,12.203915,Early,On Time
7.0,7.1056385,Early,Early
25.0,17.705585,Very Late,Somewhat Late
10.0,7.6039076,On Time,Early
5.0,4.4228168,Somewhat Early,Somewhat Early
7.0,7.3792934,Early,Early
15.0,14.241387,Somewhat Late,Somewhat Late
9.0,8.389031,Early,Early
12.0,10.536846,On Time,On Time
12.0,12.938026,On Time,On Time
18.0,18.61182,Somewhat Late,Somewhat Late
16.0,12.085028,Somewhat Late,On Time
7.0,9.118317,Early,On Time
4.0,8.757944,Somewhat Early,Early
10.0,12.359417,On Time,On Time
15.0,13.9268875,Somewhat Late,On Time
21.0,12.407382,Very Late,On Time
14.0,16.481556,On Time,Somewhat Late
10.0,10.394555,On Time,On Time
14.0,12.765423,On Time,On Time
9.0,7.359975,Early,Early
9.0,11.352984,Early,On Time
20.0,10.526871,Somewhat Late,On Time
7.0,9.633056,Early,On Time
15.0,17.777967,Somewhat Late,Somewhat Late
10.0,8.538369,On Time,Early
10.0,9.8513775,On Time,On Time
6.0,8.240516,Somewhat Early,Early
24.0,21.581345,Very Late,Very Late
8.0,7.432798,Early,Early
12.0,8.098157,On Time,Early
10.0,9.612253,On Time,On Time
13.0,10.926827,On Time,On Time
14.0,12.373185,On Time,On Time
13.0,12.43196,On Time,On Time
7.0,9.783772,Early,On Time
6.0,7.7906113,Somewhat Early,Early
2.0,4.0108986,Very Early,Somewhat Early
14.0,9.223267,On Time,On Time
6.0,6.928589,Somewhat Early,Early
2.0,3.768646,Very Early,Somewhat Early
14.0,13.904453,On Time,On Time
6.0,11.954141,Somewhat Early,On Time
10.0,7.085934,On Time,Early
8.0,4.447342,Early,Somewhat Early
5.0,5.6317916,Somewhat Early,Somewhat Early
20.0,15.700805,Somewhat Late,Somewhat Late
16.0,10.337923,Somewhat Late,On Time
5.0,13.429045,Somewhat Early,On Time
7.0,10.453091,Early,On Time
6.0,6.880186,Somewhat Early,Early
10.0,8.717579,On Time,Early
8.0,11.055394,Early,On Time
8.0,6.6623216,Early,Early
15.0,8.239263,Somewhat Late,Early
6.0,3.942213,Somewhat Early,Somewhat Early
6.0,3.8267999,Somewhat Early,Somewhat Early
23.0,14.766426,Very Late,Somewhat Late
8.0,7.997801,Early,Early
6.0,9.886744,Somewhat Early,On Time
9.0,4.1207194,Early,Somewhat Early
13.0,6.2345376,On Time,Early
3.0,4.4564753,Very Early,Somewhat Early
8.0,9.192115,Early,On Time
2.0,4.680643,Very Early,Somewhat Early
10.0,11.729832,On Time,On Time
15.0,10.391656,Somewhat Late,On Time
8.0,8.694388,Early,Early
11.0,8.059565,On Time,Early
6.0,7.4743767,Somewhat Early,Early
16.0,17.10122,Somewhat Late,Somewhat Late
16.0,10.31118,Somewhat Late,On Time
17.0,8.978243,Somewhat Late,Early
9.0,9.545471,Early,On Time
14.0,16.89344,On Time,Somewhat Late
4.0,8.294407,Somewhat Early,Early
16.0,10.658437,Somewhat Late,On Time
6.0,8.09144,Somewhat Early,Early
4.0,3.814931,Somewhat Early,Somewhat Early
15.0,13.523427,Somewhat Late,On Time
26.0,15.639261,Very Late,Somewhat Late
5.0,7.149594,Somewhat Early,Early
4.0,4.1730633,Somewhat Early,Somewhat Early
20.0,20.229706,Somewhat Late,Very Late
11.0,7.19346,On Time,Early
9.0,5.6986437,Early,Somewhat Early
9.0,5.17341,Early,Somewhat Early
14.0,10.37627,On Time,On Time
22.0,12.626627,Very Late,On Time
9.0,8.39429,Early,Early
24.0,14.479454,Very Late,Somewhat Late
6.0,3.9914253,Somewhat Early,Somewhat Early
13.0,9.762503,On Time,On Time
8.0,10.044083,Early,On Time
6.0,4.02132,Somewhat Early,Somewhat Early
9.0,7.57752,Early,Early
5.0,5.469176,Somewhat Early,Somewhat Early
11.0,6.0188646,On Time,Early
10.0,13.059728,On Time,On Time
7.0,8.678225,Early,Early
10.0,5.0082865,On Time,Somewhat Early
12.0,11.098421,On Time,On Time
12.0,7.906573,On Time,Early
8.0,10.536158,Early,On Time
9.0,12.262266,Early,On Time
5.0,7.0053663,Somewhat Early,Early
16.0,14.084114,Somewhat Late,Somewhat Late
19.0,16.983932,Somewhat Late,Somewhat Late
12.0,8.062522,On Time,Early
12.0,9.518628,On Time,On Time
4.0,9.237759,Somewhat Early,On Time
12.0,11.241068,On Time,On Time
8.0,7.1278353,Early,Early
12.0,16.066729,On Time,Somewhat Late
27.0,21.012136,Very Late,Very Late
14.0,11.224248,On Time,On Time
14.0,10.693136,On Time,On Time
10.0,8.221409,On Time,Early
5.0,8.466644,Somewhat Early,Early
19.0,9.883674,Somewhat Late,On Time
9.0,9.50771,Early,On Time
7.0,6.442324,Early,Early
4.0,3.8032362,Somewhat Early,Somewhat Early
10.0,4.697514,On Time,Somewhat Early
8.0,8.868459,Early,Early
4.0,6.3448405,Somewhat Early,Early
15.0,9.700067,Somewhat Late,On Time
19.0,14.728506,Somewhat Late,Somewhat Late
7.0,7.389891,Early,Early
10.0,9.659624,On Time,On Time
5.0,16.058994,Somewhat Early,Somewhat Late
21.0,10.000206,Very Late,On Time
13.0,10.590408,On Time,On Time
16.0,17.102446,Somewhat Late,Somewhat Late
13.0,5.0918436,On Time,Somewhat Early
16.0,10.906767,Somewhat Late,On Time
6.0,10.835145,Somewhat Early,On Time
10.0,8.081521,On Time,Early
2.0,3.781107,Very Early,Somewhat Early
14.0,12.05938,On Time,On Time
17.0,15.831906,Somewhat Late,Somewhat Late
7.0,9.996852,Early,On Time
6.0,8.940785,Somewhat Early,Early
15.0,11.31007,Somewhat Late,On Time
2.0,4.8228474,Very Early,Somewhat Early
9.0,5.8968773,Early,Somewhat Early
17.0,16.164774,Somewhat Late,Somewhat Late
13.0,11.975781,On Time,On Time
10.0,13.051771,On Time,On Time
22.0,18.329964,Very Late,Somewhat Late
6.0,4.0775065,Somewhat Early,Somewhat Early
18.0,13.052337,Somewhat Late,On Time
12.0,9.954149,On Time,On Time
9.0,11.994449,Early,On Time
10.0,7.5871396,On Time,Early
13.0,10.967059,On Time,On Time
8.0,10.65119,Early,On Time
7.0,8.512378,Early,Early
19.0,19.726576,Somewhat Late,Somewhat Late
10.0,8.414867,On Time,Early
9.0,8.827864,Early,Early
4.0,3.848763,Somewhat Early,Somewhat Early
5.0,4.803195,Somewhat Early,Somewhat Early
8.0,8.674279,Early,Early
6.0,3.965866,Somewhat Early,Somewhat Early
21.0,16.861338,Very Late,Somewhat Late
13.0,11.839633,On Time,On Time
10.0,11.116199,On Time,On Time
6.0,6.516125,Somewhat Early,Early
15.0,13.997971,Somewhat Late,On Time
9.0,8.242411,Early,Early
22.0,24.639887,Very Late,Very Late
6.0,15.154599,Somewhat Early,Somewhat Late
13.0,8.671539,On Time,Early
25.0,13.37715,Very Late,On Time
2.0,3.8242214,Very Early,Somewhat Early
10.0,7.3702664,On Time,Early
5.0,4.1754513,Somewhat Early,Somewhat Early
12.0,8.574168,On Time,Early
4.0,4.059448,Somewhat Early,Somewhat Early
6.0,9.461518,Somewhat Early,On Time
13.0,12.700808,On Time,On Time
5.0,8.894022,Somewhat Early,Early
6.0,9.62413,Somewhat Early,On Time
23.0,11.3922415,Very Late,On Time
7.0,12.591072,Early,On Time
8.0,7.9324837,Early,Early
11.0,5.810562,On Time,Somewhat Early
9.0,11.316677,Early,On Time
11.0,9.736357,On Time,On Time
1.0,3.7985077,Very Early,Somewhat Early
3.0,4.220607,Very Early,Somewhat Early
3.0,3.8539572,Very Early,Somewhat Early
2.0,15.857969,Very Early,Somewhat Late
14.0,8.313874,On Time,Early
6.0,6.402858,Somewhat Early,Early
4.0,3.9632273,Somewhat Early,Somewhat Early
11.0,9.930629,On Time,On Time
10.0,11.51397,On Time,On Time
13.0,8.81403,On Time,Early
16.0,10.000612,Somewhat Late,On Time
6.0,9.21053,Somewhat Early,On Time
7.0,9.3740635,Early,On Time
8.0,6.6721835,Early,Early
11.0,9.443123,On Time,On Time
11.0,9.506624,On Time,On Time
16.0,15.370081,Somewhat Late,Somewhat Late
20.0,11.22747,Somewhat Late,On Time
27.0,24.721039,Very Late,Very Late
10.0,8.2445545,On Time,Early
5.0,4.8890843,Somewhat Early,Somewhat Early
11.0,8.796264,On Time,Early
11.0,9.989412,On Time,On Time
24.0,18.543427,Very Late,Somewhat Late
7.0,9.119646,Early,On Time
17.0,10.366175,Somewhat Late,On Time
7.0,8.773623,Early,Early
5.0,5.7140846,Somewhat Early,Somewhat Early
9.0,8.321771,Early,Early
10.0,9.485915,On Time,On Time
9.0,11.619129,Early,On Time
4.0,3.7852223,Somewhat Early,Somewhat Early
10.0,15.2388935,On Time,Somewhat Late
4.0,3.8284197,Somewhat Early,Somewhat Early
3.0,7.8264184,Very Early,Early
9.0,8.084547,Early,Early
25.0,13.921417,Very Late,On Time
23.0,10.613524,Very Late,On Time
13.0,8.90622,On Time,Early
17.0,14.228298,Somewhat Late,Somewhat Late
3.0,3.8222427,Very Early,Somewhat Early
6.0,9.322107,Somewhat Early,On Time
10.0,8.763282,On Time,Early
21.0,12.3437605,Very Late,On Time
6.0,9.547546,Somewhat Early,On Time
5.0,4.464463,Somewhat Early,Somewhat Early
27.0,18.223373,Very Late,Somewhat Late
16.0,15.873267,Somewhat Late,Somewhat Late
5.0,5.9389806,Somewhat Early,Somewhat Early
10.0,5.6194777,On Time,Somewhat Early
6.0,4.115946,Somewhat Early,Somewhat Early
4.0,4.259985,Somewhat Early,Somewhat Early
4.0,8.844712,Somewhat Early,Early
12.0,8.329544,On Time,Early
7.0,6.834334,Early,Early
15.0,10.702436,Somewhat Late,On Time
14.0,15.443012,On Time,Somewhat Late
8.0,8.189078,Early,Early
18.0,17.259787,Somewhat Late,Somewhat Late
8.0,7.626907,Early,Early
1.0,5.517285,Very Early,Somewhat Early
20.0,19.96157,Somewhat Late,Somewhat Late
10.0,8.648149,On Time,Early
13.0,9.1564245,On Time,On Time
6.0,8.208147,Somewhat Early,Early
3.0,4.0059586,Very Early,Somewhat Early
11.0,11.702347,On Time,On Time
7.0,9.173845,Early,On Time
15.0,15.476202,Somewhat Late,Somewhat Late
25.0,9.066494,Very Late,On Time
5.0,8.6172285,Somewhat Early,Early
11.0,4.4071374,On Time,Somewhat Early
6.0,7.373277,Somewhat Early,Early
14.0,16.516106,On Time,Somewhat Late
12.0,11.930573,On Time,On Time
4.0,15.738591,Somewhat Early,Somewhat Late
9.0,8.246523,Early,Early
13.0,5.878242,On Time,Somewhat Early
22.0,15.962208,Very Late,Somewhat Late
8.0,7.731078,Early,Early
10.0,8.070171,On Time,Early
10.0,9.182646,On Time,On Time
12.0,10.56586,On Time,On Time
14.0,8.428258,On Time,Early
7.0,7.4947276,Early,Early
11.0,15.900057,On Time,Somewhat Late
8.0,10.658157,Early,On Time
2.0,3.9357553,Very Early,Somewhat Early
8.0,7.7085457,Early,Early
4.0,6.8942785,Somewhat Early,Early
11.0,6.3360577,On Time,Early
15.0,15.636441,Somewhat Late,Somewhat Late
12.0,11.602496,On Time,On Time
13.0,8.448681,On Time,Early
6.0,7.57158,Somewhat Early,Early
11.0,10.318977,On Time,On Time
6.0,7.478877,Somewhat Early,Early
3.0,3.9882476,Very Early,Somewhat Early
9.0,9.937306,Early,On Time
11.0,11.167681,On Time,On Time
